adm_cd,adm_nm,x,y,source_crs,reference_year
1101053,서울특별시 종로구 사직동,953230.0,1952854.0,EPSG:5179,2021
1101054,서울특별시 종로구 삼청동,954293.0,1954575.0,EPSG:5179,2021
1101055,서울특별시 종로구 부암동,952642.0,1955417.0,EPSG:5179,2021
1101056,서울특별시 종로구 평창동,953051.0,1957499.0,EPSG:5179,2021
1101057,서울특별시 종로구 무악동,952198.0,1953209.0,EPSG:5179,2021
1101058,서울특별시 종로구 교남동,952666.0,1952544.0,EPSG:5179,2021
1101060,서울특별시 종로구 가회동,954658.0,1953818.0,EPSG:5179,2021
1101061,서울특별시 종로구 종로1·2·3·4가동,954952.0,1952989.0,EPSG:5179,2021
1101063,서울특별시 종로구 종로5·6가동,956228.0,1952725.0,EPSG:5179,2021
1101064,서울특별시 종로구 이화동,956134.0,1953491.0,EPSG:5179,2021
1101067,서울특별시 종로구 창신1동,957059.0,1952669.0,EPSG:5179,2021
1101068,서울특별시 종로구 창신2동,956753.0,1953055.0,EPSG:5179,2021
1101069,서울특별시 종로구 창신3동,957017.0,1953496.0,EPSG:5179,2021
1101070,서울특별시 종로구 숭인1동,957344.0,1953213.0,EPSG:5179,2021
1101071,서울특별시 종로구 숭인2동,957647.0,1952881.0,EPSG:5179,2021
1101072,서울특별시 종로구 청운효자동,953198.0,1954025.0,EPSG:5179,2021
1101073,서울특별시 종로구 혜화동,955635.0,1954339.0,EPSG:5179,2021
1102052,서울특별시 중구 소공동,953582.0,1951771.0,EPSG:5179,2021
1102054,서울특별시 중구 회현동,953823.0,1950941.0,EPSG:5179,2021
1102055,서울특별시 중구 명동,954563.0,1951725.0,EPSG:5179,2021
1102057,서울특별시 중구 필동,955312.0,1950944.0,EPSG:5179,2021
1102058,서울특별시 중구 장충동,955918.0,1950576.0,EPSG:5179,2021
1102059,서울특별시 중구 광희동,956170.0,1951862.0,EPSG:5179,2021
1102060,서울특별시 중구 을지로동,955538.0,1952243.0,EPSG:5179,2021
1102065,서울특별시 중구 신당5동,957792.0,1951886.0,EPSG:5179,2021
1102067,서울특별시 중구 황학동,957684.0,1952329.0,EPSG:5179,2021
1102068,서울특별시 중구 중림동,952851.0,1951028.0,EPSG:5179,2021
1102069,서울특별시 중구 신당동,957064.0,1951933.0,EPSG:5179,2021
1102070,서울특별시 중구 다산동,956575.0,1950735.0,EPSG:5179,2021
1102071,서울특별시 중구 약수동,956749.0,1950211.0,EPSG:5179,2021
1102072,서울특별시 중구 청구동,957159.0,1951034.0,EPSG:5179,2021
1102073,서울특별시 중구 동화동,957489.0,1951450.0,EPSG:5179,2021
1103051,서울특별시 용산구 후암동,954107.0,1950162.0,EPSG:5179,2021
1103052,서울특별시 용산구 용산2가동,954358.0,1948827.0,EPSG:5179,2021
1103053,서울특별시 용산구 남영동,953613.0,1949501.0,EPSG:5179,2021
1103057,서울특별시 용산구 원효로2동,951626.0,1948520.0,EPSG:5179,2021
1103058,서울특별시 용산구 효창동,952374.0,1949419.0,EPSG:5179,2021
1103059,서울특별시 용산구 용문동,952155.0,1948976.0,EPSG:5179,2021
1103063,서울특별시 용산구 이촌1동,953313.0,1946341.0,EPSG:5179,2021
1103064,서울특별시 용산구 이촌2동,951771.0,1947196.0,EPSG:5179,2021
1103065,서울특별시 용산구 이태원1동,955219.0,1948375.0,EPSG:5179,2021
1103066,서울특별시 용산구 이태원2동,955128.0,1949298.0,EPSG:5179,2021
1103069,서울특별시 용산구 서빙고동,954845.0,1946820.0,EPSG:5179,2021
1103070,서울특별시 용산구 보광동,955889.0,1947628.0,EPSG:5179,2021
1103071,서울특별시 용산구 청파동,952907.0,1949940.0,EPSG:5179,2021
1103072,서울특별시 용산구 원효로1동,952878.0,1948818.0,EPSG:5179,2021
1103073,서울특별시 용산구 한강로동,953049.0,1947878.0,EPSG:5179,2021
1103074,서울특별시 용산구 한남동,956281.0,1948800.0,EPSG:5179,2021
1104052,서울특별시 성동구 왕십리2동,958298.0,1951605.0,EPSG:5179,2021
1104054,서울특별시 성동구 마장동,959431.0,1952095.0,EPSG:5179,2021
1104055,서울특별시 성동구 사근동,959858.0,1951065.0,EPSG:5179,2021
1104056,서울특별시 성동구 행당1동,959027.0,1951176.0,EPSG:5179,2021
1104057,서울특별시 성동구 행당2동,958455.0,1950913.0,EPSG:5179,2021
1104058,서울특별시 성동구 응봉동,958829.0,1950271.0,EPSG:5179,2021
1104059,서울특별시 성동구 금호1가동,958067.0,1950570.0,EPSG:5179,2021
1104062,서울특별시 성동구 금호4가동,957969.0,1949667.0,EPSG:5179,2021
1104065,서울특별시 성동구 성수1가1동,959569.0,1949145.0,EPSG:5179,2021
1104066,서울특별시 성동구 성수1가2동,959692.0,1950060.0,EPSG:5179,2021
1104067,서울특별시 성동구 성수2가1동,960716.0,1948653.0,EPSG:5179,2021
1104068,서울특별시 성동구 성수2가3동,960968.0,1949671.0,EPSG:5179,2021
1104069,서울특별시 성동구 송정동,962263.0,1951008.0,EPSG:5179,2021
1104070,서울특별시 성동구 용답동,960925.0,1951149.0,EPSG:5179,2021
1104071,서울특별시 성동구 왕십리도선동,958357.0,1952249.0,EPSG:5179,2021
1104072,서울특별시 성동구 금호2·3가동,957598.0,1950348.0,EPSG:5179,2021
1104073,서울특별시 성동구 옥수동,957639.0,1949168.0,EPSG:5179,2021
1105053,서울특별시 광진구 화양동,962319.0,1949407.0,EPSG:5179,2021
1105054,서울특별시 광진구 군자동,962245.0,1950493.0,EPSG:5179,2021
1105055,서울특별시 광진구 중곡1동,962701.0,1951495.0,EPSG:5179,2021
1105056,서울특별시 광진구 중곡2동,963311.0,1951138.0,EPSG:5179,2021
1105057,서울특별시 광진구 중곡3동,963074.0,1952140.0,EPSG:5179,2021
1105058,서울특별시 광진구 중곡4동,964185.0,1951689.0,EPSG:5179,2021
1105059,서울특별시 광진구 능동,963059.0,1950219.0,EPSG:5179,2021
1105060,서울특별시 광진구 구의1동,963423.0,1949212.0,EPSG:5179,2021
1105061,서울특별시 광진구 구의2동,964110.0,1950275.0,EPSG:5179,2021
1105062,서울특별시 광진구 구의3동,964152.0,1948709.0,EPSG:5179,2021
1105063,서울특별시 광진구 광장동,965082.0,1949906.0,EPSG:5179,2021
1105064,서울특별시 광진구 자양1동,962930.0,1948546.0,EPSG:5179,2021
1105065,서울특별시 광진구 자양2동,963138.0,1947838.0,EPSG:5179,2021
1105066,서울특별시 광진구 자양3동,962100.0,1948100.0,EPSG:5179,2021
1105067,서울특별시 광진구 자양4동,961345.0,1948357.0,EPSG:5179,2021
1106071,서울특별시 동대문구 회기동,960423.0,1955047.0,EPSG:5179,2021
1106072,서울특별시 동대문구 휘경1동,961294.0,1954930.0,EPSG:5179,2021
1106073,서울특별시 동대문구 휘경2동,961567.0,1954432.0,EPSG:5179,2021
1106080,서울특별시 동대문구 청량리동,959867.0,1954490.0,EPSG:5179,2021
1106081,서울특별시 동대문구 용신동,958721.0,1953011.0,EPSG:5179,2021
1106082,서울특별시 동대문구 제기동,959145.0,1953914.0,EPSG:5179,2021
1106083,서울특별시 동대문구 전농1동,960346.0,1953394.0,EPSG:5179,2021
1106084,서울특별시 동대문구 전농2동,961238.0,1953580.0,EPSG:5179,2021
1106086,서울특별시 동대문구 답십리2동,961228.0,1952463.0,EPSG:5179,2021
1106087,서울특별시 동대문구 장안1동,961889.0,1951961.0,EPSG:5179,2021
1106088,서울특별시 동대문구 장안2동,962207.0,1953006.0,EPSG:5179,2021
1106089,서울특별시 동대문구 이문1동,961194.0,1955526.0,EPSG:5179,2021
1106090,서울특별시 동대문구 이문2동,961826.0,1956034.0,EPSG:5179,2021
1106091,서울특별시 동대문구 답십리1동,960440.0,1952513.0,EPSG:5179,2021
1107052,서울특별시 중랑구 면목2동,962740.0,1954513.0,EPSG:5179,2021
1107054,서울특별시 중랑구 면목4동,963395.0,1952775.0,EPSG:5179,2021
1107055,서울특별시 중랑구 면목5동,962811.0,1953769.0,EPSG:5179,2021
1107057,서울특별시 중랑구 면목7동,964045.0,1953359.0,EPSG:5179,2021
1107059,서울특별시 중랑구 상봉1동,963880.0,1955899.0,EPSG:5179,2021
1107060,서울특별시 중랑구 상봉2동,963276.0,1955172.0,EPSG:5179,2021
1107061,서울특별시 중랑구 중화1동,963212.0,1956168.0,EPSG:5179,2021
1107062,서울특별시 중랑구 중화2동,962492.0,1955617.0,EPSG:5179,2021
1107064,서울특별시 중랑구 묵1동,963056.0,1957323.0,EPSG:5179,2021
1107065,서울특별시 중랑구 묵2동,962460.0,1956899.0,EPSG:5179,2021
1107068,서울특별시 중랑구 망우3동,964938.0,1954802.0,EPSG:5179,2021
1107069,서울특별시 중랑구 신내1동,965060.0,1957546.0,EPSG:5179,2021
1107070,서울특별시 중랑구 신내2동,963944.0,1956921.0,EPSG:5179,2021
1107071,서울특별시 중랑구 면목본동,963753.0,1954401.0,EPSG:5179,2021
1107072,서울특별시 중랑구 면목3·8동,964540.0,1953979.0,EPSG:5179,2021
1107073,서울특별시 중랑구 망우본동,965338.0,1955917.0,EPSG:5179,2021
1108058,서울특별시 성북구 돈암1동,957989.0,1955685.0,EPSG:5179,2021
1108059,서울특별시 성북구 돈암2동,956868.0,1955420.0,EPSG:5179,2021
1108060,서울특별시 성북구 안암동,958258.0,1954363.0,EPSG:5179,2021
1108061,서울특별시 성북구 보문동,957543.0,1953825.0,EPSG:5179,2021
1108062,서울특별시 성북구 정릉1동,957340.0,1956113.0,EPSG:5179,2021
1108063,서울특별시 성북구 정릉2동,956602.0,1956155.0,EPSG:5179,2021
1108064,서울특별시 성북구 정릉3동,955400.0,1957084.0,EPSG:5179,2021
1108065,서울특별시 성북구 정릉4동,955410.0,1958418.0,EPSG:5179,2021
1108066,서울특별시 성북구 길음1동,957605.0,1956647.0,EPSG:5179,2021
1108068,서울특별시 성북구 길음2동,958270.0,1956628.0,EPSG:5179,2021
1108071,서울특별시 성북구 월곡1동,959094.0,1956600.0,EPSG:5179,2021
1108072,서울특별시 성북구 월곡2동,959868.0,1956085.0,EPSG:5179,2021
1108076,서울특별시 성북구 장위1동,959810.0,1957388.0,EPSG:5179,2021
1108077,서울특별시 성북구 장위2동,960468.0,1957075.0,EPSG:5179,2021
1108078,서울특별시 성북구 장위3동,960561.0,1957758.0,EPSG:5179,2021
1108081,서울특별시 성북구 성북동,955339.0,1955374.0,EPSG:5179,2021
1108082,서울특별시 성북구 삼선동,956894.0,1954249.0,EPSG:5179,2021
1108083,서울특별시 성북구 동선동,957484.0,1955039.0,EPSG:5179,2021
1108084,서울특별시 성북구 종암동,958859.0,1955435.0,EPSG:5179,2021
1108085,서울특별시 성북구 석관동,961276.0,1956629.0,EPSG:5179,2021
1109060,서울특별시 강북구 번1동,958536.0,1959995.0,EPSG:5179,2021
1109061,서울특별시 강북구 번2동,958947.0,1959004.0,EPSG:5179,2021
1109062,서울특별시 강북구 번3동,959599.0,1958345.0,EPSG:5179,2021
1109063,서울특별시 강북구 수유1동,956748.0,1959039.0,EPSG:5179,2021
1109064,서울특별시 강북구 수유2동,957601.0,1960768.0,EPSG:5179,2021
1109065,서울특별시 강북구 수유3동,957804.0,1960222.0,EPSG:5179,2021
1109069,서울특별시 강북구 삼양동,957202.0,1958384.0,EPSG:5179,2021
1109070,서울특별시 강북구 미아동,958206.0,1958905.0,EPSG:5179,2021
1109071,서울특별시 강북구 송중동,958885.0,1957686.0,EPSG:5179,2021
1109072,서울특별시 강북구 송천동,958085.0,1957732.0,EPSG:5179,2021
1109073,서울특별시 강북구 삼각산동,957327.0,1957734.0,EPSG:5179,2021
1109074,서울특별시 강북구 우이동,955940.0,1962428.0,EPSG:5179,2021
1109075,서울특별시 강북구 인수동,956203.0,1959897.0,EPSG:5179,2021
1110051,서울특별시 도봉구 쌍문1동,957608.0,1961612.0,EPSG:5179,2021
1110052,서울특별시 도봉구 쌍문2동,959080.0,1962145.0,EPSG:5179,2021
1110053,서울특별시 도봉구 쌍문3동,958493.0,1961016.0,EPSG:5179,2021
1110054,서울특별시 도봉구 쌍문4동,958550.0,1961857.0,EPSG:5179,2021
1110055,서울특별시 도봉구 방학1동,959744.0,1963034.0,EPSG:5179,2021
1110056,서울특별시 도봉구 방학2동,958804.0,1963411.0,EPSG:5179,2021
1110057,서울특별시 도봉구 방학3동,957978.0,1962737.0,EPSG:5179,2021
1110059,서울특별시 도봉구 창1동,959839.0,1961152.0,EPSG:5179,2021
1110060,서울특별시 도봉구 창2동,959139.0,1960455.0,EPSG:5179,2021
1110061,서울특별시 도봉구 창3동,959567.0,1959860.0,EPSG:5179,2021
1110062,서울특별시 도봉구 창4동,960391.0,1961554.0,EPSG:5179,2021
1110063,서울특별시 도봉구 창5동,959667.0,1961874.0,EPSG:5179,2021
1110064,서울특별시 도봉구 도봉1동,958279.0,1965199.0,EPSG:5179,2021
1110065,서울특별시 도봉구 도봉2동,960119.0,1964740.0,EPSG:5179,2021
1111051,서울특별시 노원구 월계1동,961015.0,1958129.0,EPSG:5179,2021
1111052,서울특별시 노원구 월계2동,960410.0,1959489.0,EPSG:5179,2021
1111053,서울특별시 노원구 월계3동,961643.0,1958516.0,EPSG:5179,2021
1111056,서울특별시 노원구 공릉2동,964209.0,1959202.0,EPSG:5179,2021
1111058,서울특별시 노원구 하계1동,962520.0,1959989.0,EPSG:5179,2021
1111059,서울특별시 노원구 하계2동,961619.0,1959690.0,EPSG:5179,2021
1111060,서울특별시 노원구 중계본동,963486.0,1961097.0,EPSG:5179,2021
1111061,서울특별시 노원구 중계1동,962378.0,1961287.0,EPSG:5179,2021
1111064,서울특별시 노원구 중계4동,963171.0,1962282.0,EPSG:5179,2021
1111065,서울특별시 노원구 상계1동,961657.0,1964953.0,EPSG:5179,2021
1111066,서울특별시 노원구 상계2동,961832.0,1962180.0,EPSG:5179,2021
1111069,서울특별시 노원구 상계5동,962080.0,1963009.0,EPSG:5179,2021
1111072,서울특별시 노원구 상계8동,960623.0,1963094.0,EPSG:5179,2021
1111073,서울특별시 노원구 상계9동,961341.0,1963321.0,EPSG:5179,2021
1111074,서울특별시 노원구 상계10동,960968.0,1962340.0,EPSG:5179,2021
1111076,서울특별시 노원구 상계3·4동,963337.0,1964112.0,EPSG:5179,2021
1111077,서울특별시 노원구 상계6·7동,961195.0,1961114.0,EPSG:5179,2021
1111078,서울특별시 노원구 중계2·3동,961711.0,1960521.0,EPSG:5179,2021
1111079,서울특별시 노원구 공릉1동,962380.0,1958385.0,EPSG:5179,2021
1112051,서울특별시 은평구 녹번동,950079.0,1956363.0,EPSG:5179,2021
1112052,서울특별시 은평구 불광1동,950452.0,1957649.0,EPSG:5179,2021
1112055,서울특별시 은평구 갈현1동,948355.0,1958574.0,EPSG:5179,2021
1112056,서울특별시 은평구 갈현2동,948147.0,1957774.0,EPSG:5179,2021
1112057,서울특별시 은평구 구산동,947687.0,1957015.0,EPSG:5179,2021
1112058,서울특별시 은평구 대조동,949088.0,1957143.0,EPSG:5179,2021
1112059,서울특별시 은평구 응암1동,949424.0,1955692.0,EPSG:5179,2021
1112060,서울특별시 은평구 응암2동,949046.0,1954914.0,EPSG:5179,2021
1112065,서울특별시 은평구 신사1동,947790.0,1955904.0,EPSG:5179,2021
1112066,서울특별시 은평구 신사2동,947581.0,1954997.0,EPSG:5179,2021
1112067,서울특별시 은평구 증산동,947549.0,1954021.0,EPSG:5179,2021
1112068,서울특별시 은평구 수색동,946545.0,1954196.0,EPSG:5179,2021
1112071,서울특별시 은평구 진관동,950412.0,1960171.0,EPSG:5179,2021
1112072,서울특별시 은평구 불광2동,949579.0,1958486.0,EPSG:5179,2021
1112073,서울특별시 은평구 응암3동,948582.0,1954542.0,EPSG:5179,2021
1112074,서울특별시 은평구 역촌동,948346.0,1956299.0,EPSG:5179,2021
1113052,서울특별시 서대문구 천연동,952011.0,1952577.0,EPSG:5179,2021
1113062,서울특별시 서대문구 홍제1동,950933.0,1954194.0,EPSG:5179,2021
1113064,서울특별시 서대문구 홍제3동,951604.0,1954923.0,EPSG:5179,2021
1113065,서울특별시 서대문구 홍제2동,951655.0,1954045.0,EPSG:5179,2021
1113066,서울특별시 서대문구 홍은1동,951179.0,1955918.0,EPSG:5179,2021
1113068,서울특별시 서대문구 홍은2동,949761.0,1954353.0,EPSG:5179,2021
1113069,서울특별시 서대문구 남가좌1동,948449.0,1952670.0,EPSG:5179,2021
1113070,서울특별시 서대문구 남가좌2동,948904.0,1953354.0,EPSG:5179,2021
1113071,서울특별시 서대문구 북가좌1동,947713.0,1953083.0,EPSG:5179,2021
1113072,서울특별시 서대문구 북가좌2동,948200.0,1953694.0,EPSG:5179,2021
1113073,서울특별시 서대문구 충현동,952145.0,1951853.0,EPSG:5179,2021
1113074,서울특별시 서대문구 북아현동,951906.0,1951343.0,EPSG:5179,2021
1113075,서울특별시 서대문구 신촌동,950686.0,1951772.0,EPSG:5179,2021
1113076,서울특별시 서대문구 연희동,949919.0,1952700.0,EPSG:5179,2021
1114059,서울특별시 마포구 용강동,950621.0,1949274.0,EPSG:5179,2021
1114060,서울특별시 마포구 대흥동,950661.0,1950454.0,EPSG:5179,2021
1114061,서울특별시 마포구 염리동,951197.0,1950209.0,EPSG:5179,2021
1114063,서울특별시 마포구 신수동,950072.0,1949739.0,EPSG:5179,2021
1114066,서울특별시 마포구 서교동,948866.0,1950772.0,EPSG:5179,2021
1114068,서울특별시 마포구 합정동,947805.0,1949904.0,EPSG:5179,2021
1114069,서울특별시 마포구 망원1동,946983.0,1950746.0,EPSG:5179,2021
1114070,서울특별시 마포구 망원2동,947030.0,1951340.0,EPSG:5179,2021
1114071,서울특별시 마포구 연남동,948910.0,1951680.0,EPSG:5179,2021
1114072,서울특별시 마포구 성산1동,948057.0,1951569.0,EPSG:5179,2021
1114073,서울특별시 마포구 성산2동,947183.0,1952282.0,EPSG:5179,2021
1114074,서울특별시 마포구 상암동,945241.0,1952555.0,EPSG:5179,2021
1114075,서울특별시 마포구 도화동,951235.0,1948953.0,EPSG:5179,2021
1114076,서울특별시 마포구 서강동,949206.0,1949864.0,EPSG:5179,2021
1114077,서울특별시 마포구 공덕동,952125.0,1950165.0,EPSG:5179,2021
1114078,서울특별시 마포구 아현동,951660.0,1950415.0,EPSG:5179,2021
1115051,서울특별시 양천구 목1동,944706.0,1947765.0,EPSG:5179,2021
1115052,서울특별시 양천구 목2동,944712.0,1949547.0,EPSG:5179,2021
1115053,서울특별시 양천구 목3동,943953.0,1949733.0,EPSG:5179,2021
1115054,서울특별시 양천구 목4동,944066.0,1948645.0,EPSG:5179,2021
1115057,서울특별시 양천구 신월1동,941199.0,1948205.0,EPSG:5179,2021
1115058,서울특별시 양천구 신월2동,942241.0,1947521.0,EPSG:5179,2021
1115059,서울특별시 양천구 신월3동,940481.0,1948633.0,EPSG:5179,2021
1115060,서울특별시 양천구 신월4동,941662.0,1947202.0,EPSG:5179,2021
1115061,서울특별시 양천구 신월5동,940756.0,1949270.0,EPSG:5179,2021
1115062,서울특별시 양천구 신월6동,941868.0,1946598.0,EPSG:5179,2021
1115063,서울특별시 양천구 신월7동,940894.0,1947009.0,EPSG:5179,2021
1115064,서울특별시 양천구 신정1동,943414.0,1946918.0,EPSG:5179,2021
1115065,서울특별시 양천구 신정2동,944748.0,1946823.0,EPSG:5179,2021
1115066,서울특별시 양천구 신정3동,941747.0,1946039.0,EPSG:5179,2021
1115069,서울특별시 양천구 신정6동,944510.0,1946404.0,EPSG:5179,2021
1115070,서울특별시 양천구 신정7동,943911.0,1945791.0,EPSG:5179,2021
1115071,서울특별시 양천구 목5동,945218.0,1948698.0,EPSG:5179,2021
1115072,서울특별시 양천구 신정4동,943245.0,1947540.0,EPSG:5179,2021
1116051,서울특별시 강서구 염창동,944511.0,1950762.0,EPSG:5179,2021
1116052,서울특별시 강서구 등촌1동,943440.0,1951014.0,EPSG:5179,2021
1116053,서울특별시 강서구 등촌2동,943375.0,1949803.0,EPSG:5179,2021
1116054,서울특별시 강서구 등촌3동,942260.0,1951508.0,EPSG:5179,2021
1116055,서울특별시 강서구 화곡본동,942412.0,1949460.0,EPSG:5179,2021
1116057,서울특별시 강서구 화곡2동,942956.0,1948302.0,EPSG:5179,2021
1116058,서울특별시 강서구 화곡3동,941192.0,1949664.0,EPSG:5179,2021
1116059,서울특별시 강서구 화곡4동,943425.0,1948733.0,EPSG:5179,2021
1116061,서울특별시 강서구 화곡6동,942695.0,1950447.0,EPSG:5179,2021
1116063,서울특별시 강서구 화곡8동,942407.0,1948732.0,EPSG:5179,2021
1116064,서울특별시 강서구 가양1동,941247.0,1952683.0,EPSG:5179,2021
1116065,서울특별시 강서구 가양2동,942982.0,1952134.0,EPSG:5179,2021
1116066,서울특별시 강서구 가양3동,943573.0,1951565.0,EPSG:5179,2021
1116067,서울특별시 강서구 발산1동,940411.0,1950343.0,EPSG:5179,2021
1116069,서울특별시 강서구 공항동,937696.0,1950939.0,EPSG:5179,2021
1116070,서울특별시 강서구 방화1동,939733.0,1952357.0,EPSG:5179,2021
1116071,서울특별시 강서구 방화2동,938237.0,1953923.0,EPSG:5179,2021
1116072,서울특별시 강서구 방화3동,939746.0,1953859.0,EPSG:5179,2021
1116073,서울특별시 강서구 화곡1동,941767.0,1948478.0,EPSG:5179,2021
1116074,서울특별시 강서구 우장산동,941803.0,1950345.0,EPSG:5179,2021
1117051,서울특별시 구로구 신도림동,945389.0,1945813.0,EPSG:5179,2021
1117052,서울특별시 구로구 구로1동,944780.0,1943950.0,EPSG:5179,2021
1117054,서울특별시 구로구 구로3동,946603.0,1943020.0,EPSG:5179,2021
1117055,서울특별시 구로구 구로4동,946089.0,1943754.0,EPSG:5179,2021
1117056,서울특별시 구로구 구로5동,945960.0,1944911.0,EPSG:5179,2021
1117061,서울특별시 구로구 고척1동,943764.0,1944781.0,EPSG:5179,2021
1117062,서울특별시 구로구 고척2동,942859.0,1945382.0,EPSG:5179,2021
1117064,서울특별시 구로구 개봉2동,943096.0,1944006.0,EPSG:5179,2021
1117065,서울특별시 구로구 개봉3동,942670.0,1943231.0,EPSG:5179,2021
1117067,서울특별시 구로구 오류1동,941810.0,1944381.0,EPSG:5179,2021
1117069,서울특별시 구로구 수궁동,940421.0,1944554.0,EPSG:5179,2021
1117070,서울특별시 구로구 가리봉동,945911.0,1942867.0,EPSG:5179,2021
1117071,서울특별시 구로구 구로2동,945529.0,1944352.0,EPSG:5179,2021
1117072,서울특별시 구로구 개봉1동,942672.0,1944725.0,EPSG:5179,2021
1117073,서울특별시 구로구 오류2동,941495.0,1943106.0,EPSG:5179,2021
1117074,서울특별시 구로구 항동,940306.0,1942623.0,EPSG:5179,2021
1118051,서울특별시 금천구 가산동,945525.0,1942115.0,EPSG:5179,2021
1118052,서울특별시 금천구 독산1동,946271.0,1940723.0,EPSG:5179,2021
1118053,서울특별시 금천구 독산2동,946983.0,1940696.0,EPSG:5179,2021
1118054,서울특별시 금천구 독산3동,947364.0,1942015.0,EPSG:5179,2021
1118055,서울특별시 금천구 독산4동,947295.0,1941382.0,EPSG:5179,2021
1118057,서울특별시 금천구 시흥1동,946946.0,1939404.0,EPSG:5179,2021
1118058,서울특별시 금천구 시흥2동,948671.0,1939247.0,EPSG:5179,2021
1118059,서울특별시 금천구 시흥3동,947458.0,1938041.0,EPSG:5179,2021
1118060,서울특별시 금천구 시흥4동,947758.0,1940257.0,EPSG:5179,2021
1118061,서울특별시 금천구 시흥5동,947930.0,1938843.0,EPSG:5179,2021
1119054,서울특별시 영등포구 여의동,949502.0,1947840.0,EPSG:5179,2021
1119055,서울특별시 영등포구 당산1동,946697.0,1947349.0,EPSG:5179,2021
1119056,서울특별시 영등포구 당산2동,947198.0,1948491.0,EPSG:5179,2021
1119061,서울특별시 영등포구 양평1동,945790.0,1947539.0,EPSG:5179,2021
1119062,서울특별시 영등포구 양평2동,946154.0,1949546.0,EPSG:5179,2021
1119063,서울특별시 영등포구 신길1동,948595.0,1946032.0,EPSG:5179,2021
1119065,서울특별시 영등포구 신길3동,947381.0,1945496.0,EPSG:5179,2021
1119066,서울특별시 영등포구 신길4동,948117.0,1945485.0,EPSG:5179,2021
1119067,서울특별시 영등포구 신길5동,947450.0,1944921.0,EPSG:5179,2021
1119068,서울특별시 영등포구 신길6동,948170.0,1944581.0,EPSG:5179,2021
1119069,서울특별시 영등포구 신길7동,948726.0,1945356.0,EPSG:5179,2021
1119070,서울특별시 영등포구 대림1동,947428.0,1944003.0,EPSG:5179,2021
1119071,서울특별시 영등포구 대림2동,947004.0,1943542.0,EPSG:5179,2021
1119072,서울특별시 영등포구 대림3동,946722.0,1944681.0,EPSG:5179,2021
1119073,서울특별시 영등포구 영등포본동,947787.0,1946394.0,EPSG:5179,2021
1119074,서울특별시 영등포구 영등포동,947659.0,1947092.0,EPSG:5179,2021
1119075,서울특별시 영등포구 도림동,946813.0,1945795.0,EPSG:5179,2021
1119076,서울특별시 영등포구 문래동,946198.0,1946533.0,EPSG:5179,2021
1120052,서울특별시 동작구 노량진2동,950335.0,1945879.0,EPSG:5179,2021
1120053,서울특별시 동작구 상도1동,951691.0,1944469.0,EPSG:5179,2021
1120054,서울특별시 동작구 상도2동,950692.0,1945064.0,EPSG:5179,2021
1120055,서울특별시 동작구 상도3동,949865.0,1944432.0,EPSG:5179,2021
1120056,서울특별시 동작구 상도4동,950654.0,1944391.0,EPSG:5179,2021
1120063,서울특별시 동작구 사당1동,953806.0,1942412.0,EPSG:5179,2021
1120065,서울특별시 동작구 사당3동,953223.0,1943415.0,EPSG:5179,2021
1120066,서울특별시 동작구 사당4동,953122.0,1942596.0,EPSG:5179,2021
1120067,서울특별시 동작구 사당5동,952700.0,1943076.0,EPSG:5179,2021
1120068,서울특별시 동작구 대방동,949456.0,1945442.0,EPSG:5179,2021
1120069,서울특별시 동작구 신대방1동,947856.0,1943577.0,EPSG:5179,2021
1120070,서울특별시 동작구 신대방2동,948776.0,1944080.0,EPSG:5179,2021
1120071,서울특별시 동작구 흑석동,952471.0,1945266.0,EPSG:5179,2021
1120072,서울특별시 동작구 노량진1동,951317.0,1946020.0,EPSG:5179,2021
1120073,서울특별시 동작구 사당2동,953584.0,1944354.0,EPSG:5179,2021
1121052,서울특별시 관악구 보라매동,950059.0,1943616.0,EPSG:5179,2021
1121054,서울특별시 관악구 청림동,952212.0,1943492.0,EPSG:5179,2021
1121057,서울특별시 관악구 행운동,952308.0,1942543.0,EPSG:5179,2021
1121058,서울특별시 관악구 낙성대동,952230.0,1941081.0,EPSG:5179,2021
1121061,서울특별시 관악구 중앙동,951380.0,1943007.0,EPSG:5179,2021
1121062,서울특별시 관악구 인헌동,952920.0,1941288.0,EPSG:5179,2021
1121063,서울특별시 관악구 남현동,953823.0,1940672.0,EPSG:5179,2021
1121064,서울특별시 관악구 서원동,949915.0,1942727.0,EPSG:5179,2021
1121065,서울특별시 관악구 신원동,949322.0,1942379.0,EPSG:5179,2021
1121066,서울특별시 관악구 서림동,950618.0,1941756.0,EPSG:5179,2021
1121068,서울특별시 관악구 신사동,948605.0,1943109.0,EPSG:5179,2021
1121069,서울특별시 관악구 신림동,949466.0,1943300.0,EPSG:5179,2021
1121071,서울특별시 관악구 난향동,948569.0,1940425.0,EPSG:5179,2021
1121072,서울특별시 관악구 조원동,947604.0,1942882.0,EPSG:5179,2021
1121073,서울특별시 관악구 대학동,951229.0,1939426.0,EPSG:5179,2021
1121078,서울특별시 관악구 은천동,950683.0,1943237.0,EPSG:5179,2021
1121079,서울특별시 관악구 성현동,951476.0,1943500.0,EPSG:5179,2021
1121080,서울특별시 관악구 청룡동,951101.0,1942235.0,EPSG:5179,2021
1121081,서울특별시 관악구 난곡동,948817.0,1941422.0,EPSG:5179,2021
1121082,서울특별시 관악구 삼성동,949603.0,1940309.0,EPSG:5179,2021
1121083,서울특별시 관악구 미성동,948323.0,1942022.0,EPSG:5179,2021
1122051,서울특별시 서초구 서초1동,957573.0,1943195.0,EPSG:5179,2021
1122052,서울특별시 서초구 서초2동,958267.0,1943389.0,EPSG:5179,2021
1122053,서울특별시 서초구 서초3동,956629.0,1943037.0,EPSG:5179,2021
1122054,서울특별시 서초구 서초4동,957557.0,1944520.0,EPSG:5179,2021
1122055,서울특별시 서초구 잠원동,956944.0,1946539.0,EPSG:5179,2021
1122056,서울특별시 서초구 반포본동,954734.0,1945115.0,EPSG:5179,2021
1122057,서울특별시 서초구 반포1동,957289.0,1945350.0,EPSG:5179,2021
1122058,서울특별시 서초구 반포2동,955458.0,1945459.0,EPSG:5179,2021
1122059,서울특별시 서초구 반포3동,956169.0,1946014.0,EPSG:5179,2021
1122060,서울특별시 서초구 반포4동,956099.0,1944585.0,EPSG:5179,2021
1122061,서울특별시 서초구 방배본동,954719.0,1944204.0,EPSG:5179,2021
1122062,서울특별시 서초구 방배1동,955458.0,1942963.0,EPSG:5179,2021
1122063,서울특별시 서초구 방배2동,954370.0,1941578.0,EPSG:5179,2021
1122064,서울특별시 서초구 방배3동,955601.0,1941799.0,EPSG:5179,2021
1122065,서울특별시 서초구 방배4동,955004.0,1943617.0,EPSG:5179,2021
1122066,서울특별시 서초구 양재1동,957767.0,1941241.0,EPSG:5179,2021
1122067,서울특별시 서초구 양재2동,959841.0,1939182.0,EPSG:5179,2021
1122068,서울특별시 서초구 내곡동,962023.0,1939725.0,EPSG:5179,2021
1123051,서울특별시 강남구 신사동,957603.0,1947527.0,EPSG:5179,2021
1123052,서울특별시 강남구 논현1동,958154.0,1945949.0,EPSG:5179,2021
1123053,서울특별시 강남구 논현2동,959014.0,1946318.0,EPSG:5179,2021
1123058,서울특별시 강남구 삼성1동,961186.0,1946309.0,EPSG:5179,2021
1123059,서울특별시 강남구 삼성2동,960123.0,1945937.0,EPSG:5179,2021
1123060,서울특별시 강남구 대치1동,961024.0,1943881.0,EPSG:5179,2021
1123063,서울특별시 강남구 대치4동,960646.0,1944793.0,EPSG:5179,2021
1123064,서울특별시 강남구 역삼1동,958643.0,1944720.0,EPSG:5179,2021
1123065,서울특별시 강남구 역삼2동,959772.0,1944455.0,EPSG:5179,2021
1123066,서울특별시 강남구 도곡1동,959423.0,1943392.0,EPSG:5179,2021
1123067,서울특별시 강남구 도곡2동,960388.0,1943537.0,EPSG:5179,2021
1123068,서울특별시 강남구 개포1동,961300.0,1942155.0,EPSG:5179,2021
1123071,서울특별시 강남구 개포4동,960508.0,1941890.0,EPSG:5179,2021
1123072,서울특별시 강남구 일원본동,963266.0,1942649.0,EPSG:5179,2021
1123073,서울특별시 강남구 일원1동,963682.0,1944082.0,EPSG:5179,2021
1123074,서울특별시 강남구 일원2동,962773.0,1944501.0,EPSG:5179,2021
1123075,서울특별시 강남구 수서동,964641.0,1943347.0,EPSG:5179,2021
1123076,서울특별시 강남구 세곡동,965009.0,1941350.0,EPSG:5179,2021
1123077,서울특별시 강남구 압구정동,958856.0,1947929.0,EPSG:5179,2021
1123078,서울특별시 강남구 청담동,960285.0,1947324.0,EPSG:5179,2021
1123079,서울특별시 강남구 대치2동,961610.0,1944723.0,EPSG:5179,2021
1123080,서울특별시 강남구 개포2동,961901.0,1942923.0,EPSG:5179,2021
1124051,서울특별시 송파구 풍납1동,965957.0,1948859.0,EPSG:5179,2021
1124052,서울특별시 송파구 풍납2동,965378.0,1947945.0,EPSG:5179,2021
1124053,서울특별시 송파구 거여1동,968230.0,1943954.0,EPSG:5179,2021
1124054,서울특별시 송파구 거여2동,968810.0,1943704.0,EPSG:5179,2021
1124055,서울특별시 송파구 마천1동,969606.0,1944071.0,EPSG:5179,2021
1124056,서울특별시 송파구 마천2동,969124.0,1944631.0,EPSG:5179,2021
1124057,서울특별시 송파구 방이1동,966632.0,1945685.0,EPSG:5179,2021
1124058,서울특별시 송파구 방이2동,965879.0,1946063.0,EPSG:5179,2021
1124059,서울특별시 송파구 오륜동,967189.0,1946534.0,EPSG:5179,2021
1124060,서울특별시 송파구 오금동,967658.0,1945037.0,EPSG:5179,2021
1124061,서울특별시 송파구 송파1동,965563.0,1945394.0,EPSG:5179,2021
1124062,서울특별시 송파구 송파2동,966149.0,1944915.0,EPSG:5179,2021
1124063,서울특별시 송파구 석촌동,964872.0,1944912.0,EPSG:5179,2021
1124064,서울특별시 송파구 삼전동,963937.0,1944812.0,EPSG:5179,2021
1124065,서울특별시 송파구 가락본동,966400.0,1944363.0,EPSG:5179,2021
1124066,서울특별시 송파구 가락1동,965371.0,1944064.0,EPSG:5179,2021
1124067,서울특별시 송파구 가락2동,967354.0,1944232.0,EPSG:5179,2021
1124068,서울특별시 송파구 문정1동,966920.0,1943390.0,EPSG:5179,2021
1124069,서울특별시 송파구 문정2동,966327.0,1942511.0,EPSG:5179,2021
1124071,서울특별시 송파구 잠실본동,963111.0,1945271.0,EPSG:5179,2021
1124075,서울특별시 송파구 잠실4동,965462.0,1946892.0,EPSG:5179,2021
1124077,서울특별시 송파구 잠실6동,964602.0,1946796.0,EPSG:5179,2021
1124078,서울특별시 송파구 잠실7동,962340.0,1945423.0,EPSG:5179,2021
1124079,서울특별시 송파구 잠실2동,962824.0,1946544.0,EPSG:5179,2021
1124080,서울특별시 송파구 잠실3동,964341.0,1946141.0,EPSG:5179,2021
1124081,서울특별시 송파구 장지동,967333.0,1942691.0,EPSG:5179,2021
1124082,서울특별시 송파구 위례동,968323.0,1942469.0,EPSG:5179,2021
1125053,서울특별시 강동구 명일1동,968724.0,1950175.0,EPSG:5179,2021
1125054,서울특별시 강동구 명일2동,969260.0,1949966.0,EPSG:5179,2021
1125055,서울특별시 강동구 고덕1동,969273.0,1951433.0,EPSG:5179,2021
1125056,서울특별시 강동구 고덕2동,970156.0,1951787.0,EPSG:5179,2021
1125058,서울특별시 강동구 암사2동,966762.0,1950923.0,EPSG:5179,2021
1125059,서울특별시 강동구 암사3동,968083.0,1951378.0,EPSG:5179,2021
1125061,서울특별시 강동구 천호1동,968018.0,1949774.0,EPSG:5179,2021
1125063,서울특별시 강동구 천호3동,967510.0,1949092.0,EPSG:5179,2021
1125065,서울특별시 강동구 성내1동,966913.0,1947777.0,EPSG:5179,2021
1125066,서울특별시 강동구 성내2동,967110.0,1948560.0,EPSG:5179,2021
1125067,서울특별시 강동구 성내3동,967641.0,1947734.0,EPSG:5179,2021
1125070,서울특별시 강동구 둔촌1동,968226.0,1947146.0,EPSG:5179,2021
1125071,서울특별시 강동구 둔촌2동,968839.0,1948056.0,EPSG:5179,2021
1125072,서울특별시 강동구 암사1동,967619.0,1950439.0,EPSG:5179,2021
1125073,서울특별시 강동구 천호2동,966608.0,1949582.0,EPSG:5179,2021
1125074,서울특별시 강동구 길동,968742.0,1949001.0,EPSG:5179,2021
1125075,서울특별시 강동구 강일동,971157.0,1952230.0,EPSG:5179,2021
1125076,서울특별시 강동구 상일1동,970390.0,1950199.0,EPSG:5179,2021
1125077,서울특별시 강동구 상일2동,971494.0,1950337.0,EPSG:5179,2021
2101051,부산광역시 중구 중앙동,1140235.0,1680135.0,EPSG:5179,2021
2101052,부산광역시 중구 동광동,1139836.0,1679841.0,EPSG:5179,2021
2101053,부산광역시 중구 대청동,1139531.0,1680073.0,EPSG:5179,2021
2101054,부산광역시 중구 보수동,1139007.0,1680271.0,EPSG:5179,2021
2101056,부산광역시 중구 부평동,1139004.0,1679608.0,EPSG:5179,2021
2101057,부산광역시 중구 광복동,1139534.0,1679582.0,EPSG:5179,2021
2101058,부산광역시 중구 남포동,1139479.0,1679267.0,EPSG:5179,2021
2101059,부산광역시 중구 영주1동,1139882.0,1681028.0,EPSG:5179,2021
2101060,부산광역시 중구 영주2동,1139485.0,1680738.0,EPSG:5179,2021
2102051,부산광역시 서구 동대신1동,1138720.0,1680579.0,EPSG:5179,2021
2102052,부산광역시 서구 동대신2동,1138812.0,1680968.0,EPSG:5179,2021
2102053,부산광역시 서구 동대신3동,1138658.0,1682028.0,EPSG:5179,2021
2102054,부산광역시 서구 서대신1동,1137849.0,1680353.0,EPSG:5179,2021
2102056,부산광역시 서구 서대신3동,1137477.0,1681029.0,EPSG:5179,2021
2102057,부산광역시 서구 서대신4동,1137603.0,1682460.0,EPSG:5179,2021
2102059,부산광역시 서구 부민동,1138343.0,1679979.0,EPSG:5179,2021
2102061,부산광역시 서구 아미동,1137922.0,1679394.0,EPSG:5179,2021
2102063,부산광역시 서구 초장동,1138320.0,1678828.0,EPSG:5179,2021
2102064,부산광역시 서구 충무동,1138803.0,1679085.0,EPSG:5179,2021
2102065,부산광역시 서구 남부민1동,1138682.0,1678404.0,EPSG:5179,2021
2102068,부산광역시 서구 암남동,1138130.0,1675392.0,EPSG:5179,2021
2102069,부산광역시 서구 남부민2동,1138684.0,1677709.0,EPSG:5179,2021
2103051,부산광역시 동구 초량1동,1140040.0,1681057.0,EPSG:5179,2021
2103052,부산광역시 동구 초량2동,1139907.0,1681538.0,EPSG:5179,2021
2103053,부산광역시 동구 초량3동,1140662.0,1681340.0,EPSG:5179,2021
2103055,부산광역시 동구 초량6동,1139452.0,1681999.0,EPSG:5179,2021
2103056,부산광역시 동구 수정1동,1140381.0,1682268.0,EPSG:5179,2021
2103057,부산광역시 동구 수정2동,1140236.0,1682962.0,EPSG:5179,2021
2103059,부산광역시 동구 수정4동,1139757.0,1682750.0,EPSG:5179,2021
2103060,부산광역시 동구 수정5동,1140449.0,1683474.0,EPSG:5179,2021
2103066,부산광역시 동구 범일2동,1142276.0,1683585.0,EPSG:5179,2021
2103068,부산광역시 동구 범일5동,1142025.0,1682413.0,EPSG:5179,2021
2103070,부산광역시 동구 좌천동,1141289.0,1683236.0,EPSG:5179,2021
2103071,부산광역시 동구 범일1동,1141018.0,1684110.0,EPSG:5179,2021
2104053,부산광역시 영도구 남항동,1140091.0,1678211.0,EPSG:5179,2021
2104054,부산광역시 영도구 영선1동,1140668.0,1678401.0,EPSG:5179,2021
2104055,부산광역시 영도구 영선2동,1140885.0,1677174.0,EPSG:5179,2021
2104059,부산광역시 영도구 봉래1동,1140666.0,1678882.0,EPSG:5179,2021
2104063,부산광역시 영도구 청학1동,1141975.0,1678998.0,EPSG:5179,2021
2104064,부산광역시 영도구 청학2동,1142509.0,1678287.0,EPSG:5179,2021
2104065,부산광역시 영도구 동삼1동,1142873.0,1676697.0,EPSG:5179,2021
2104066,부산광역시 영도구 동삼2동,1144134.0,1675666.0,EPSG:5179,2021
2104067,부산광역시 영도구 동삼3동,1142794.0,1677692.0,EPSG:5179,2021
2104068,부산광역시 영도구 신선동,1141204.0,1677686.0,EPSG:5179,2021
2104069,부산광역시 영도구 봉래2동,1141407.0,1678700.0,EPSG:5179,2021
2105052,부산광역시 부산진구 부전2동,1141875.0,1685462.0,EPSG:5179,2021
2105054,부산광역시 부산진구 연지동,1141453.0,1687385.0,EPSG:5179,2021
2105055,부산광역시 부산진구 초읍동,1140273.0,1688932.0,EPSG:5179,2021
2105056,부산광역시 부산진구 양정1동,1142697.0,1687532.0,EPSG:5179,2021
2105057,부산광역시 부산진구 양정2동,1143593.0,1687472.0,EPSG:5179,2021
2105061,부산광역시 부산진구 전포2동,1143033.0,1686306.0,EPSG:5179,2021
2105064,부산광역시 부산진구 부암1동,1141081.0,1686680.0,EPSG:5179,2021
2105066,부산광역시 부산진구 부암3동,1139587.0,1687882.0,EPSG:5179,2021
2105068,부산광역시 부산진구 당감2동,1140434.0,1686060.0,EPSG:5179,2021
2105070,부산광역시 부산진구 당감4동,1139280.0,1687368.0,EPSG:5179,2021
2105072,부산광역시 부산진구 가야2동,1139147.0,1684461.0,EPSG:5179,2021
2105074,부산광역시 부산진구 개금1동,1138617.0,1685099.0,EPSG:5179,2021
2105075,부산광역시 부산진구 개금2동,1138318.0,1684053.0,EPSG:5179,2021
2105076,부산광역시 부산진구 개금3동,1138563.0,1686025.0,EPSG:5179,2021
2105077,부산광역시 부산진구 범천1동,1142129.0,1684505.0,EPSG:5179,2021
2105080,부산광역시 부산진구 당감1동,1138788.0,1687008.0,EPSG:5179,2021
2105081,부산광역시 부산진구 가야1동,1139936.0,1684700.0,EPSG:5179,2021
2105082,부산광역시 부산진구 부전1동,1141912.0,1686561.0,EPSG:5179,2021
2105083,부산광역시 부산진구 전포1동,1143141.0,1685416.0,EPSG:5179,2021
2105084,부산광역시 부산진구 범천2동,1141114.0,1684843.0,EPSG:5179,2021
2106051,부산광역시 동래구 수민동,1144652.0,1690302.0,EPSG:5179,2021
2106052,부산광역시 동래구 복산동,1144756.0,1691190.0,EPSG:5179,2021
2106055,부산광역시 동래구 온천1동,1143313.0,1692798.0,EPSG:5179,2021
2106056,부산광역시 동래구 온천2동,1142495.0,1692068.0,EPSG:5179,2021
2106057,부산광역시 동래구 온천3동,1142359.0,1691201.0,EPSG:5179,2021
2106058,부산광역시 동래구 사직1동,1142257.0,1690381.0,EPSG:5179,2021
2106059,부산광역시 동래구 사직2동,1141426.0,1690382.0,EPSG:5179,2021
2106060,부산광역시 동래구 사직3동,1142942.0,1690514.0,EPSG:5179,2021
2106061,부산광역시 동래구 안락1동,1145562.0,1690439.0,EPSG:5179,2021
2106062,부산광역시 동래구 안락2동,1146516.0,1689973.0,EPSG:5179,2021
2106063,부산광역시 동래구 명장1동,1146269.0,1691111.0,EPSG:5179,2021
2106064,부산광역시 동래구 명장2동,1145470.0,1691613.0,EPSG:5179,2021
2106065,부산광역시 동래구 명륜동,1144014.0,1691773.0,EPSG:5179,2021
2107053,부산광역시 남구 대연3동,1145595.0,1684529.0,EPSG:5179,2021
2107054,부산광역시 남구 대연4동,1144981.0,1682528.0,EPSG:5179,2021
2107055,부산광역시 남구 대연5동,1144917.0,1684068.0,EPSG:5179,2021
2107056,부산광역시 남구 대연6동,1144145.0,1683704.0,EPSG:5179,2021
2107057,부산광역시 남구 용호1동,1146528.0,1682331.0,EPSG:5179,2021
2107058,부산광역시 남구 용호2동,1147533.0,1680387.0,EPSG:5179,2021
2107059,부산광역시 남구 용호3동,1147600.0,1681879.0,EPSG:5179,2021
2107060,부산광역시 남구 용호4동,1146585.0,1680015.0,EPSG:5179,2021
2107061,부산광역시 남구 용당동,1145604.0,1680853.0,EPSG:5179,2021
2107062,부산광역시 남구 감만1동,1143932.0,1680756.0,EPSG:5179,2021
2107063,부산광역시 남구 감만2동,1144443.0,1682042.0,EPSG:5179,2021
2107066,부산광역시 남구 문현1동,1143617.0,1684637.0,EPSG:5179,2021
2107067,부산광역시 남구 문현2동,1142719.0,1684531.0,EPSG:5179,2021
2107068,부산광역시 남구 문현3동,1143259.0,1683842.0,EPSG:5179,2021
2107069,부산광역시 남구 문현4동,1143123.0,1683271.0,EPSG:5179,2021
2107070,부산광역시 남구 대연1동,1144750.0,1683294.0,EPSG:5179,2021
2107071,부산광역시 남구 우암동,1143530.0,1682354.0,EPSG:5179,2021
2108051,부산광역시 북구 구포1동,1137049.0,1691219.0,EPSG:5179,2021
2108052,부산광역시 북구 구포2동,1136237.0,1690372.0,EPSG:5179,2021
2108053,부산광역시 북구 구포3동,1137761.0,1689872.0,EPSG:5179,2021
2108054,부산광역시 북구 금곡동,1138553.0,1697322.0,EPSG:5179,2021
2108055,부산광역시 북구 화명1동,1139113.0,1694010.0,EPSG:5179,2021
2108056,부산광역시 북구 덕천1동,1138160.0,1692359.0,EPSG:5179,2021
2108057,부산광역시 북구 덕천2동,1136777.0,1692240.0,EPSG:5179,2021
2108058,부산광역시 북구 덕천3동,1138205.0,1691331.0,EPSG:5179,2021
2108059,부산광역시 북구 만덕1동,1140305.0,1692783.0,EPSG:5179,2021
2108060,부산광역시 북구 만덕2동,1140090.0,1691141.0,EPSG:5179,2021
2108061,부산광역시 북구 만덕3동,1138830.0,1690991.0,EPSG:5179,2021
2108062,부산광역시 북구 화명2동,1139338.0,1695679.0,EPSG:5179,2021
2108063,부산광역시 북구 화명3동,1137023.0,1694189.0,EPSG:5179,2021
2109053,부산광역시 해운대구 중1동,1151936.0,1686664.0,EPSG:5179,2021
2109054,부산광역시 해운대구 중2동,1153380.0,1686517.0,EPSG:5179,2021
2109056,부산광역시 해운대구 송정동,1154547.0,1689017.0,EPSG:5179,2021
2109058,부산광역시 해운대구 반여2동,1149107.0,1690336.0,EPSG:5179,2021
2109059,부산광역시 해운대구 반여3동,1149343.0,1690938.0,EPSG:5179,2021
2109062,부산광역시 해운대구 반송2동,1150323.0,1694586.0,EPSG:5179,2021
2109064,부산광역시 해운대구 재송1동,1147946.0,1688706.0,EPSG:5179,2021
2109065,부산광역시 해운대구 재송2동,1148657.0,1689499.0,EPSG:5179,2021
2109066,부산광역시 해운대구 좌1동,1152713.0,1687792.0,EPSG:5179,2021
2109067,부산광역시 해운대구 좌2동,1153414.0,1687395.0,EPSG:5179,2021
2109068,부산광역시 해운대구 좌3동,1151810.0,1687660.0,EPSG:5179,2021
2109069,부산광역시 해운대구 좌4동,1152275.0,1689568.0,EPSG:5179,2021
2109070,부산광역시 해운대구 반여1동,1148445.0,1691449.0,EPSG:5179,2021
2109071,부산광역시 해운대구 반여4동,1147050.0,1691511.0,EPSG:5179,2021
2109072,부산광역시 해운대구 반송1동,1149588.0,1692972.0,EPSG:5179,2021
2109073,부산광역시 해운대구 우1동,1150843.0,1687103.0,EPSG:5179,2021
2109074,부산광역시 해운대구 우2동,1149722.0,1688265.0,EPSG:5179,2021
2109075,부산광역시 해운대구 우3동,1149873.0,1686096.0,EPSG:5179,2021
2110051,부산광역시 사하구 괴정1동,1135771.0,1679217.0,EPSG:5179,2021
2110052,부산광역시 사하구 괴정2동,1136980.0,1680236.0,EPSG:5179,2021
2110053,부산광역시 사하구 괴정3동,1136374.0,1679414.0,EPSG:5179,2021
2110054,부산광역시 사하구 괴정4동,1135172.0,1679484.0,EPSG:5179,2021
2110055,부산광역시 사하구 당리동,1134954.0,1680682.0,EPSG:5179,2021
2110056,부산광역시 사하구 하단1동,1131133.0,1678752.0,EPSG:5179,2021
2110057,부산광역시 사하구 하단2동,1132660.0,1681160.0,EPSG:5179,2021
2110058,부산광역시 사하구 신평1동,1134472.0,1678267.0,EPSG:5179,2021
2110059,부산광역시 사하구 신평2동,1133120.0,1678203.0,EPSG:5179,2021
2110060,부산광역시 사하구 장림1동,1133209.0,1676713.0,EPSG:5179,2021
2110061,부산광역시 사하구 장림2동,1134566.0,1676607.0,EPSG:5179,2021
2110062,부산광역시 사하구 다대1동,1133610.0,1674381.0,EPSG:5179,2021
2110063,부산광역시 사하구 다대2동,1135497.0,1675111.0,EPSG:5179,2021
2110064,부산광역시 사하구 구평동,1135765.0,1676403.0,EPSG:5179,2021
2110065,부산광역시 사하구 감천1동,1137004.0,1678129.0,EPSG:5179,2021
2110066,부산광역시 사하구 감천2동,1137465.0,1678692.0,EPSG:5179,2021
2111051,부산광역시 금정구 서1동,1145449.0,1692615.0,EPSG:5179,2021
2111052,부산광역시 금정구 서2동,1146025.0,1692118.0,EPSG:5179,2021
2111057,부산광역시 금정구 부곡1동,1145133.0,1693322.0,EPSG:5179,2021
2111058,부산광역시 금정구 부곡2동,1145253.0,1693970.0,EPSG:5179,2021
2111059,부산광역시 금정구 부곡3동,1146877.0,1695798.0,EPSG:5179,2021
2111060,부산광역시 금정구 부곡4동,1144794.0,1692793.0,EPSG:5179,2021
2111061,부산광역시 금정구 장전1동,1143368.0,1695355.0,EPSG:5179,2021
2111064,부산광역시 금정구 선두구동,1146583.0,1699646.0,EPSG:5179,2021
2111067,부산광역시 금정구 청룡노포동,1143591.0,1700055.0,EPSG:5179,2021
2111068,부산광역시 금정구 남산동,1143764.0,1698297.0,EPSG:5179,2021
2111069,부산광역시 금정구 구서1동,1144764.0,1695997.0,EPSG:5179,2021
2111070,부산광역시 금정구 구서2동,1143723.0,1696947.0,EPSG:5179,2021
2111071,부산광역시 금정구 금성동,1141356.0,1696508.0,EPSG:5179,2021
2111072,부산광역시 금정구 서3동,1146050.0,1692839.0,EPSG:5179,2021
2111073,부산광역시 금정구 금사회동동,1147686.0,1694289.0,EPSG:5179,2021
2111074,부산광역시 금정구 장전2동,1143225.0,1693983.0,EPSG:5179,2021
2112051,부산광역시 강서구 대저1동,1133438.0,1691613.0,EPSG:5179,2021
2112052,부산광역시 강서구 대저2동,1131385.0,1685968.0,EPSG:5179,2021
2112053,부산광역시 강서구 강동동,1128672.0,1688166.0,EPSG:5179,2021
2112055,부산광역시 강서구 가락동,1126960.0,1688685.0,EPSG:5179,2021
2112056,부산광역시 강서구 녹산동,1124392.0,1681889.0,EPSG:5179,2021
2112058,부산광역시 강서구 가덕도동,1120997.0,1672610.0,EPSG:5179,2021
2112059,부산광역시 강서구 명지1동,1128991.0,1680359.0,EPSG:5179,2021
2112060,부산광역시 강서구 명지2동,1127989.0,1677505.0,EPSG:5179,2021
2113051,부산광역시 연제구 거제1동,1143610.0,1689862.0,EPSG:5179,2021
2113052,부산광역시 연제구 거제2동,1142024.0,1689272.0,EPSG:5179,2021
2113053,부산광역시 연제구 거제3동,1143123.0,1688616.0,EPSG:5179,2021
2113054,부산광역시 연제구 거제4동,1142453.0,1688463.0,EPSG:5179,2021
2113055,부산광역시 연제구 연산1동,1144750.0,1689278.0,EPSG:5179,2021
2113056,부산광역시 연제구 연산2동,1143963.0,1688232.0,EPSG:5179,2021
2113057,부산광역시 연제구 연산3동,1144942.0,1687136.0,EPSG:5179,2021
2113058,부산광역시 연제구 연산4동,1144525.0,1688752.0,EPSG:5179,2021
2113059,부산광역시 연제구 연산5동,1143703.0,1688860.0,EPSG:5179,2021
2113060,부산광역시 연제구 연산6동,1144807.0,1688170.0,EPSG:5179,2021
2113062,부산광역시 연제구 연산8동,1145396.0,1689045.0,EPSG:5179,2021
2113063,부산광역시 연제구 연산9동,1146320.0,1688820.0,EPSG:5179,2021
2114051,부산광역시 수영구 남천1동,1146356.0,1684621.0,EPSG:5179,2021
2114052,부산광역시 수영구 남천2동,1147057.0,1684313.0,EPSG:5179,2021
2114053,부산광역시 수영구 수영동,1147320.0,1687429.0,EPSG:5179,2021
2114054,부산광역시 수영구 망미1동,1145765.0,1687399.0,EPSG:5179,2021
2114055,부산광역시 수영구 망미2동,1147032.0,1688062.0,EPSG:5179,2021
2114056,부산광역시 수영구 광안1동,1146790.0,1686577.0,EPSG:5179,2021
2114057,부산광역시 수영구 광안2동,1147145.0,1685547.0,EPSG:5179,2021
2114058,부산광역시 수영구 광안3동,1146672.0,1687127.0,EPSG:5179,2021
2114059,부산광역시 수영구 광안4동,1146185.0,1685792.0,EPSG:5179,2021
2114060,부산광역시 수영구 민락동,1148062.0,1686134.0,EPSG:5179,2021
2115051,부산광역시 사상구 삼락동,1134066.0,1687638.0,EPSG:5179,2021
2115052,부산광역시 사상구 모라1동,1135654.0,1689118.0,EPSG:5179,2021
2115054,부산광역시 사상구 모라3동,1137203.0,1688519.0,EPSG:5179,2021
2115055,부산광역시 사상구 덕포1동,1135433.0,1687165.0,EPSG:5179,2021
2115056,부산광역시 사상구 덕포2동,1135581.0,1687802.0,EPSG:5179,2021
2115057,부산광역시 사상구 괘법동,1135985.0,1686673.0,EPSG:5179,2021
2115060,부산광역시 사상구 주례1동,1136652.0,1685520.0,EPSG:5179,2021
2115061,부산광역시 사상구 주례2동,1137592.0,1685167.0,EPSG:5179,2021
2115062,부산광역시 사상구 주례3동,1136759.0,1684373.0,EPSG:5179,2021
2115063,부산광역시 사상구 학장동,1135642.0,1683517.0,EPSG:5179,2021
2115064,부산광역시 사상구 엄궁동,1133993.0,1682635.0,EPSG:5179,2021
2115065,부산광역시 사상구 감전동,1135232.0,1685556.0,EPSG:5179,2021
2131011,부산광역시 기장군 기장읍,1155369.0,1693609.0,EPSG:5179,2021
2131012,부산광역시 기장군 장안읍,1158767.0,1707380.0,EPSG:5179,2021
2131013,부산광역시 기장군 정관읍,1152502.0,1705787.0,EPSG:5179,2021
2131031,부산광역시 기장군 일광면,1156699.0,1700431.0,EPSG:5179,2021
2131033,부산광역시 기장군 철마면,1150465.0,1699742.0,EPSG:5179,2021
2201054,대구광역시 중구 삼덕동,1099695.0,1763846.0,EPSG:5179,2021
2201056,대구광역시 중구 성내1동,1099041.0,1764403.0,EPSG:5179,2021
2201059,대구광역시 중구 성내2동,1098326.0,1764323.0,EPSG:5179,2021
2201061,대구광역시 중구 성내3동,1097712.0,1764999.0,EPSG:5179,2021
2201062,대구광역시 중구 대신동,1097407.0,1763941.0,EPSG:5179,2021
2201064,대구광역시 중구 남산1동,1098644.0,1763219.0,EPSG:5179,2021
2201065,대구광역시 중구 남산2동,1098261.0,1763811.0,EPSG:5179,2021
2201066,대구광역시 중구 남산3동,1098049.0,1763141.0,EPSG:5179,2021
2201067,대구광역시 중구 남산4동,1097339.0,1763345.0,EPSG:5179,2021
2201068,대구광역시 중구 대봉1동,1099729.0,1763102.0,EPSG:5179,2021
2201069,대구광역시 중구 대봉2동,1099201.0,1763007.0,EPSG:5179,2021
2201070,대구광역시 중구 동인동,1099992.0,1764311.0,EPSG:5179,2021
2202051,대구광역시 동구 신암1동,1100948.0,1766103.0,EPSG:5179,2021
2202052,대구광역시 동구 신암2동,1100371.0,1765262.0,EPSG:5179,2021
2202053,대구광역시 동구 신암3동,1101180.0,1765466.0,EPSG:5179,2021
2202054,대구광역시 동구 신암4동,1101842.0,1765927.0,EPSG:5179,2021
2202055,대구광역시 동구 신암5동,1102369.0,1766403.0,EPSG:5179,2021
2202056,대구광역시 동구 신천1·2동,1100751.0,1764508.0,EPSG:5179,2021
2202058,대구광역시 동구 신천3동,1101274.0,1764772.0,EPSG:5179,2021
2202059,대구광역시 동구 신천4동,1101989.0,1764621.0,EPSG:5179,2021
2202060,대구광역시 동구 효목1동,1103506.0,1765644.0,EPSG:5179,2021
2202061,대구광역시 동구 효목2동,1102740.0,1765108.0,EPSG:5179,2021
2202062,대구광역시 동구 도평동,1107082.0,1770633.0,EPSG:5179,2021
2202063,대구광역시 동구 불로·봉무동,1103019.0,1769973.0,EPSG:5179,2021
2202065,대구광역시 동구 지저동,1103057.0,1767609.0,EPSG:5179,2021
2202066,대구광역시 동구 동촌동,1104015.0,1766978.0,EPSG:5179,2021
2202068,대구광역시 동구 방촌동,1105131.0,1765215.0,EPSG:5179,2021
2202069,대구광역시 동구 해안동,1106949.0,1767521.0,EPSG:5179,2021
2202071,대구광역시 동구 공산동,1106136.0,1776023.0,EPSG:5179,2021
2202073,대구광역시 동구 안심1동,1107953.0,1763881.0,EPSG:5179,2021
2202074,대구광역시 동구 안심2동,1109507.0,1767968.0,EPSG:5179,2021
2202076,대구광역시 동구 안심3동,1111814.0,1763716.0,EPSG:5179,2021
2202077,대구광역시 동구 안심4동,1109891.0,1764391.0,EPSG:5179,2021
2202078,대구광역시 동구 혁신동,1111728.0,1766794.0,EPSG:5179,2021
2203051,대구광역시 서구 내당1동,1095858.0,1763457.0,EPSG:5179,2021
2203052,대구광역시 서구 내당2·3동,1096731.0,1763713.0,EPSG:5179,2021
2203053,대구광역시 서구 내당4동,1094870.0,1763113.0,EPSG:5179,2021
2203054,대구광역시 서구 비산1동,1096293.0,1765720.0,EPSG:5179,2021
2203055,대구광역시 서구 비산2·3동,1096982.0,1765084.0,EPSG:5179,2021
2203056,대구광역시 서구 비산4동,1096770.0,1764387.0,EPSG:5179,2021
2203057,대구광역시 서구 비산5동,1096421.0,1766155.0,EPSG:5179,2021
2203058,대구광역시 서구 비산6동,1096524.0,1764875.0,EPSG:5179,2021
2203059,대구광역시 서구 비산7동,1094749.0,1766195.0,EPSG:5179,2021
2203060,대구광역시 서구 평리1동,1096159.0,1765152.0,EPSG:5179,2021
2203061,대구광역시 서구 평리2동,1096214.0,1764149.0,EPSG:5179,2021
2203062,대구광역시 서구 평리3동,1095585.0,1764905.0,EPSG:5179,2021
2203063,대구광역시 서구 평리4동,1095463.0,1764063.0,EPSG:5179,2021
2203064,대구광역시 서구 평리5동,1094863.0,1764570.0,EPSG:5179,2021
2203065,대구광역시 서구 평리6동,1094890.0,1765326.0,EPSG:5179,2021
2203066,대구광역시 서구 상중이동,1093398.0,1764490.0,EPSG:5179,2021
2203068,대구광역시 서구 원대동,1097169.0,1765804.0,EPSG:5179,2021
2204051,대구광역시 남구 이천동,1099522.0,1762214.0,EPSG:5179,2021
2204053,대구광역시 남구 봉덕1동,1099179.0,1761762.0,EPSG:5179,2021
2204054,대구광역시 남구 봉덕2동,1099265.0,1759205.0,EPSG:5179,2021
2204055,대구광역시 남구 봉덕3동,1098701.0,1760016.0,EPSG:5179,2021
2204056,대구광역시 남구 대명1동,1097183.0,1761254.0,EPSG:5179,2021
2204057,대구광역시 남구 대명2동,1098400.0,1762323.0,EPSG:5179,2021
2204058,대구광역시 남구 대명3동,1097448.0,1762380.0,EPSG:5179,2021
2204059,대구광역시 남구 대명4동,1096709.0,1761838.0,EPSG:5179,2021
2204060,대구광역시 남구 대명5동,1098085.0,1761392.0,EPSG:5179,2021
2204061,대구광역시 남구 대명6동,1096877.0,1759623.0,EPSG:5179,2021
2204064,대구광역시 남구 대명9동,1097848.0,1759682.0,EPSG:5179,2021
2204065,대구광역시 남구 대명10동,1096337.0,1761189.0,EPSG:5179,2021
2204066,대구광역시 남구 대명11동,1095972.0,1759911.0,EPSG:5179,2021
2205051,대구광역시 북구 고성동,1097938.0,1765505.0,EPSG:5179,2021
2205052,대구광역시 북구 칠성동,1099018.0,1765300.0,EPSG:5179,2021
2205055,대구광역시 북구 침산1동,1097767.0,1767551.0,EPSG:5179,2021
2205056,대구광역시 북구 침산2동,1098877.0,1766142.0,EPSG:5179,2021
2205057,대구광역시 북구 침산3동,1098204.0,1766733.0,EPSG:5179,2021
2205061,대구광역시 북구 산격1동,1098942.0,1767288.0,EPSG:5179,2021
2205062,대구광역시 북구 산격2동,1099973.0,1768329.0,EPSG:5179,2021
2205063,대구광역시 북구 산격3동,1100163.0,1766738.0,EPSG:5179,2021
2205064,대구광역시 북구 산격4동,1099538.0,1766955.0,EPSG:5179,2021
2205065,대구광역시 북구 복현1동,1100754.0,1766945.0,EPSG:5179,2021
2205066,대구광역시 북구 복현2동,1101361.0,1767486.0,EPSG:5179,2021
2205070,대구광역시 북구 검단동,1101280.0,1769533.0,EPSG:5179,2021
2205071,대구광역시 북구 무태조야동,1099376.0,1771779.0,EPSG:5179,2021
2205074,대구광역시 북구 태전2동,1094881.0,1769623.0,EPSG:5179,2021
2205075,대구광역시 북구 관문동,1093584.0,1768090.0,EPSG:5179,2021
2205076,대구광역시 북구 읍내동,1094280.0,1774136.0,EPSG:5179,2021
2205077,대구광역시 북구 관음동,1093822.0,1772518.0,EPSG:5179,2021
2205078,대구광역시 북구 태전1동,1093821.0,1770404.0,EPSG:5179,2021
2205079,대구광역시 북구 구암동,1096288.0,1771173.0,EPSG:5179,2021
2205081,대구광역시 북구 노원동,1096510.0,1766978.0,EPSG:5179,2021
2205082,대구광역시 북구 동천동,1095531.0,1771918.0,EPSG:5179,2021
2205083,대구광역시 북구 국우동,1097497.0,1774258.0,EPSG:5179,2021
2205084,대구광역시 북구 대현동,1099928.0,1765703.0,EPSG:5179,2021
2206051,대구광역시 수성구 범어1동,1101763.0,1762512.0,EPSG:5179,2021
2206052,대구광역시 수성구 범어2동,1102323.0,1763509.0,EPSG:5179,2021
2206053,대구광역시 수성구 범어3동,1101390.0,1763640.0,EPSG:5179,2021
2206054,대구광역시 수성구 범어4동,1102777.0,1762529.0,EPSG:5179,2021
2206055,대구광역시 수성구 만촌1동,1103778.0,1764606.0,EPSG:5179,2021
2206056,대구광역시 수성구 만촌2동,1103828.0,1763376.0,EPSG:5179,2021
2206057,대구광역시 수성구 만촌3동,1103871.0,1762167.0,EPSG:5179,2021
2206058,대구광역시 수성구 수성1가동,1100306.0,1762647.0,EPSG:5179,2021
2206059,대구광역시 수성구 수성2·3가동,1100891.0,1762849.0,EPSG:5179,2021
2206060,대구광역시 수성구 수성4가동,1100779.0,1763475.0,EPSG:5179,2021
2206061,대구광역시 수성구 황금1동,1102753.0,1761088.0,EPSG:5179,2021
2206062,대구광역시 수성구 황금2동,1101372.0,1761550.0,EPSG:5179,2021
2206063,대구광역시 수성구 중동,1100447.0,1761491.0,EPSG:5179,2021
2206064,대구광역시 수성구 상동,1100391.0,1760220.0,EPSG:5179,2021
2206065,대구광역시 수성구 파동,1100656.0,1757906.0,EPSG:5179,2021
2206066,대구광역시 수성구 두산동,1101217.0,1759693.0,EPSG:5179,2021
2206067,대구광역시 수성구 지산1동,1102769.0,1759891.0,EPSG:5179,2021
2206068,대구광역시 수성구 지산2동,1102226.0,1758570.0,EPSG:5179,2021
2206069,대구광역시 수성구 범물1동,1104837.0,1757685.0,EPSG:5179,2021
2206070,대구광역시 수성구 범물2동,1103379.0,1757704.0,EPSG:5179,2021
2206071,대구광역시 수성구 고산1동,1108354.0,1757898.0,EPSG:5179,2021
2206072,대구광역시 수성구 고산2동,1106312.0,1760842.0,EPSG:5179,2021
2206073,대구광역시 수성구 고산3동,1109636.0,1762040.0,EPSG:5179,2021
2207055,대구광역시 달서구 두류3동,1095265.0,1762184.0,EPSG:5179,2021
2207056,대구광역시 달서구 본리동,1093765.0,1760986.0,EPSG:5179,2021
2207057,대구광역시 달서구 감삼동,1093890.0,1761765.0,EPSG:5179,2021
2207058,대구광역시 달서구 죽전동,1093791.0,1762489.0,EPSG:5179,2021
2207059,대구광역시 달서구 장기동,1092071.0,1761171.0,EPSG:5179,2021
2207060,대구광역시 달서구 이곡1동,1091320.0,1762753.0,EPSG:5179,2021
2207061,대구광역시 달서구 신당동,1088991.0,1761835.0,EPSG:5179,2021
2207063,대구광역시 달서구 월성2동,1090708.0,1759506.0,EPSG:5179,2021
2207065,대구광역시 달서구 상인1동,1094041.0,1758815.0,EPSG:5179,2021
2207066,대구광역시 달서구 상인2동,1093798.0,1757903.0,EPSG:5179,2021
2207067,대구광역시 달서구 상인3동,1096202.0,1757775.0,EPSG:5179,2021
2207068,대구광역시 달서구 도원동,1095503.0,1755906.0,EPSG:5179,2021
2207069,대구광역시 달서구 송현1동,1095580.0,1759110.0,EPSG:5179,2021
2207070,대구광역시 달서구 송현2동,1094578.0,1759889.0,EPSG:5179,2021
2207071,대구광역시 달서구 본동,1093868.0,1760199.0,EPSG:5179,2021
2207072,대구광역시 달서구 용산1동,1092853.0,1762539.0,EPSG:5179,2021
2207073,대구광역시 달서구 용산2동,1092101.0,1763078.0,EPSG:5179,2021
2207074,대구광역시 달서구 이곡2동,1090637.0,1762007.0,EPSG:5179,2021
2207075,대구광역시 달서구 성당동,1095414.0,1761422.0,EPSG:5179,2021
2207076,대구광역시 달서구 두류1·2동,1096368.0,1762753.0,EPSG:5179,2021
2207077,대구광역시 달서구 월성1동,1092781.0,1759190.0,EPSG:5179,2021
2207078,대구광역시 달서구 진천동,1092791.0,1756675.0,EPSG:5179,2021
2207079,대구광역시 달서구 유천동,1091656.0,1758256.0,EPSG:5179,2021
2231011,대구광역시 달성군 화원읍,1091457.0,1754948.0,EPSG:5179,2021
2231012,대구광역시 달성군 논공읍,1084481.0,1751011.0,EPSG:5179,2021
2231013,대구광역시 달성군 다사읍,1087199.0,1764418.0,EPSG:5179,2021
2231014,대구광역시 달성군 유가읍,1089391.0,1743476.0,EPSG:5179,2021
2231015,대구광역시 달성군 옥포읍,1088465.0,1752874.0,EPSG:5179,2021
2231016,대구광역시 달성군 현풍읍,1083755.0,1743965.0,EPSG:5179,2021
2231031,대구광역시 달성군 가창면,1101223.0,1751860.0,EPSG:5179,2021
2231032,대구광역시 달성군 하빈면,1083869.0,1767230.0,EPSG:5179,2021
2231036,대구광역시 달성군 구지면,1081747.0,1740449.0,EPSG:5179,2021
2301052,인천광역시 중구 연안동,921446.0,1940281.0,EPSG:5179,2021
2301053,인천광역시 중구 신포동,922758.0,1941294.0,EPSG:5179,2021
2301054,인천광역시 중구 신흥동,922614.0,1938794.0,EPSG:5179,2021
2301056,인천광역시 중구 도원동,923951.0,1941331.0,EPSG:5179,2021
2301057,인천광역시 중구 율목동,923505.0,1941658.0,EPSG:5179,2021
2301058,인천광역시 중구 동인천동,923070.0,1942136.0,EPSG:5179,2021
2301063,인천광역시 중구 용유동,902504.0,1940292.0,EPSG:5179,2021
2301064,인천광역시 중구 운서동,908063.0,1942009.0,EPSG:5179,2021
2301065,인천광역시 중구 영종동,914494.0,1944616.0,EPSG:5179,2021
2301066,인천광역시 중구 영종1동,917415.0,1944374.0,EPSG:5179,2021
2301067,인천광역시 중구 개항동,921133.0,1942245.0,EPSG:5179,2021
2302051,인천광역시 동구 만석동,922493.0,1943372.0,EPSG:5179,2021
2302052,인천광역시 동구 화수1·화평동,923078.0,1942814.0,EPSG:5179,2021
2302053,인천광역시 동구 화수2동,923417.0,1943221.0,EPSG:5179,2021
2302055,인천광역시 동구 송현1·2동,923591.0,1942532.0,EPSG:5179,2021
2302057,인천광역시 동구 송현3동,924045.0,1943602.0,EPSG:5179,2021
2302058,인천광역시 동구 송림1동,923839.0,1942110.0,EPSG:5179,2021
2302059,인천광역시 동구 송림2동,924216.0,1942370.0,EPSG:5179,2021
2302060,인천광역시 동구 송림3·5동,924706.0,1941884.0,EPSG:5179,2021
2302061,인천광역시 동구 송림4동,924972.0,1942586.0,EPSG:5179,2021
2302063,인천광역시 동구 송림6동,924686.0,1942838.0,EPSG:5179,2021
2302064,인천광역시 동구 금창동,924032.0,1941812.0,EPSG:5179,2021
2304051,인천광역시 연수구 옥련1동,924760.0,1936005.0,EPSG:5179,2021
2304052,인천광역시 연수구 선학동,929014.0,1937008.0,EPSG:5179,2021
2304053,인천광역시 연수구 연수1동,927441.0,1936533.0,EPSG:5179,2021
2304054,인천광역시 연수구 연수2동,927779.0,1935218.0,EPSG:5179,2021
2304055,인천광역시 연수구 연수3동,928177.0,1935911.0,EPSG:5179,2021
2304056,인천광역시 연수구 청학동,926093.0,1936510.0,EPSG:5179,2021
2304057,인천광역시 연수구 동춘1동,925629.0,1934729.0,EPSG:5179,2021
2304058,인천광역시 연수구 동춘2동,926624.0,1933861.0,EPSG:5179,2021
2304059,인천광역시 연수구 동춘3동,927267.0,1934623.0,EPSG:5179,2021
2304060,인천광역시 연수구 옥련2동,924492.0,1936958.0,EPSG:5179,2021
2304064,인천광역시 연수구 송도1동,924462.0,1931820.0,EPSG:5179,2021
2304065,인천광역시 연수구 송도3동,926035.0,1930701.0,EPSG:5179,2021
2304066,인천광역시 연수구 송도2동,923874.0,1933843.0,EPSG:5179,2021
2304068,인천광역시 연수구 송도4동,922351.0,1932864.0,EPSG:5179,2021
2304069,인천광역시 연수구 송도5동,922092.0,1935728.0,EPSG:5179,2021
2305051,인천광역시 남동구 구월1동,930328.0,1938700.0,EPSG:5179,2021
2305052,인천광역시 남동구 구월2동,930464.0,1939985.0,EPSG:5179,2021
2305053,인천광역시 남동구 구월3동,929383.0,1939120.0,EPSG:5179,2021
2305054,인천광역시 남동구 구월4동,931234.0,1939089.0,EPSG:5179,2021
2305055,인천광역시 남동구 간석1동,929268.0,1940343.0,EPSG:5179,2021
2305056,인천광역시 남동구 간석2동,930249.0,1940525.0,EPSG:5179,2021
2305057,인천광역시 남동구 간석3동,930628.0,1941418.0,EPSG:5179,2021
2305058,인천광역시 남동구 간석4동,929089.0,1941131.0,EPSG:5179,2021
2305059,인천광역시 남동구 만수1동,932360.0,1939321.0,EPSG:5179,2021
2305060,인천광역시 남동구 만수2동,932428.0,1940950.0,EPSG:5179,2021
2305061,인천광역시 남동구 만수3동,931706.0,1941259.0,EPSG:5179,2021
2305062,인천광역시 남동구 만수4동,932586.0,1940074.0,EPSG:5179,2021
2305063,인천광역시 남동구 만수5동,931578.0,1940084.0,EPSG:5179,2021
2305064,인천광역시 남동구 만수6동,932775.0,1938354.0,EPSG:5179,2021
2305067,인천광역시 남동구 남촌도림동,931064.0,1936560.0,EPSG:5179,2021
2305072,인천광역시 남동구 논현1동,932633.0,1934790.0,EPSG:5179,2021
2305073,인천광역시 남동구 논현2동,929918.0,1934569.0,EPSG:5179,2021
2305074,인천광역시 남동구 논현고잔동,929381.0,1933101.0,EPSG:5179,2021
2305075,인천광역시 남동구 장수서창동,934613.0,1939366.0,EPSG:5179,2021
2305076,인천광역시 남동구 서창2동,933491.0,1936691.0,EPSG:5179,2021
2306051,인천광역시 부평구 부평1동,931078.0,1944381.0,EPSG:5179,2021
2306052,인천광역시 부평구 부평2동,931151.0,1942491.0,EPSG:5179,2021
2306053,인천광역시 부평구 부평3동,929909.0,1943080.0,EPSG:5179,2021
2306054,인천광역시 부평구 부평4동,931589.0,1944972.0,EPSG:5179,2021
2306055,인천광역시 부평구 부평5동,931976.0,1944310.0,EPSG:5179,2021
2306056,인천광역시 부평구 부평6동,931670.0,1943290.0,EPSG:5179,2021
2306057,인천광역시 부평구 산곡1동,928863.0,1945351.0,EPSG:5179,2021
2306058,인천광역시 부평구 산곡2동,929770.0,1945228.0,EPSG:5179,2021
2306059,인천광역시 부평구 산곡3동,929756.0,1943956.0,EPSG:5179,2021
2306060,인천광역시 부평구 산곡4동,930350.0,1944913.0,EPSG:5179,2021
2306061,인천광역시 부평구 청천1동,928781.0,1946820.0,EPSG:5179,2021
2306062,인천광역시 부평구 청천2동,930479.0,1946501.0,EPSG:5179,2021
2306063,인천광역시 부평구 갈산1동,931670.0,1946882.0,EPSG:5179,2021
2306064,인천광역시 부평구 갈산2동,931671.0,1946070.0,EPSG:5179,2021
2306065,인천광역시 부평구 삼산1동,933451.0,1947055.0,EPSG:5179,2021
2306066,인천광역시 부평구 부개1동,932446.0,1943012.0,EPSG:5179,2021
2306067,인천광역시 부평구 부개2동,932628.0,1944034.0,EPSG:5179,2021
2306068,인천광역시 부평구 부개3동,932663.0,1945049.0,EPSG:5179,2021
2306069,인천광역시 부평구 일신동,933571.0,1942027.0,EPSG:5179,2021
2306070,인천광역시 부평구 십정1동,928800.0,1942401.0,EPSG:5179,2021
2306071,인천광역시 부평구 십정2동,929492.0,1941837.0,EPSG:5179,2021
2306072,인천광역시 부평구 삼산2동,932617.0,1946186.0,EPSG:5179,2021
2307051,인천광역시 계양구 효성1동,930051.0,1948614.0,EPSG:5179,2021
2307052,인천광역시 계양구 효성2동,929026.0,1948179.0,EPSG:5179,2021
2307053,인천광역시 계양구 계산1동,930940.0,1949331.0,EPSG:5179,2021
2307054,인천광역시 계양구 계산2동,931117.0,1950198.0,EPSG:5179,2021
2307055,인천광역시 계양구 계산3동,932124.0,1949189.0,EPSG:5179,2021
2307056,인천광역시 계양구 작전1동,931950.0,1948068.0,EPSG:5179,2021
2307057,인천광역시 계양구 작전2동,931204.0,1948317.0,EPSG:5179,2021
2307058,인천광역시 계양구 작전서운동,933548.0,1948159.0,EPSG:5179,2021
2307061,인천광역시 계양구 계양2동,932950.0,1950205.0,EPSG:5179,2021
2307062,인천광역시 계양구 계산4동,932853.0,1949067.0,EPSG:5179,2021
2307063,인천광역시 계양구 계양1동,931653.0,1952765.0,EPSG:5179,2021
2307064,인천광역시 계양구 계양3동,935100.0,1952471.0,EPSG:5179,2021
2308051,인천광역시 서구 검암경서동,925409.0,1951848.0,EPSG:5179,2021
2308053,인천광역시 서구 연희동,927827.0,1950153.0,EPSG:5179,2021
2308054,인천광역시 서구 가정1동,926758.0,1948054.0,EPSG:5179,2021
2308055,인천광역시 서구 가정2동,927664.0,1948012.0,EPSG:5179,2021
2308056,인천광역시 서구 가정3동,927569.0,1946863.0,EPSG:5179,2021
2308058,인천광역시 서구 석남1동,926492.0,1946111.0,EPSG:5179,2021
2308059,인천광역시 서구 석남2동,925560.0,1945339.0,EPSG:5179,2021
2308060,인천광역시 서구 석남3동,927644.0,1945566.0,EPSG:5179,2021
2308062,인천광역시 서구 가좌1동,925937.0,1943926.0,EPSG:5179,2021
2308063,인천광역시 서구 가좌2동,928032.0,1944266.0,EPSG:5179,2021
2308064,인천광역시 서구 가좌3동,927398.0,1944512.0,EPSG:5179,2021
2308065,인천광역시 서구 가좌4동,928036.0,1943292.0,EPSG:5179,2021
2308073,인천광역시 서구 신현원창동,923825.0,1946404.0,EPSG:5179,2021
2308074,인천광역시 서구 청라1동,925373.0,1948299.0,EPSG:5179,2021
2308078,인천광역시 서구 청라2동,924091.0,1948605.0,EPSG:5179,2021
2308079,인천광역시 서구 청라3동,922265.0,1948648.0,EPSG:5179,2021
2308080,인천광역시 서구 검단동,925201.0,1957329.0,EPSG:5179,2021
2308081,인천광역시 서구 불로대곡동,927394.0,1957913.0,EPSG:5179,2021
2308084,인천광역시 서구 오류왕길동,922461.0,1953981.0,EPSG:5179,2021
2308085,인천광역시 서구 당하동,927507.0,1954713.0,EPSG:5179,2021
2308086,인천광역시 서구 마전동,927060.0,1955537.0,EPSG:5179,2021
2308087,인천광역시 서구 원당동,929128.0,1955121.0,EPSG:5179,2021
2308088,인천광역시 서구 아라동,930370.0,1954936.0,EPSG:5179,2021
2309052,인천광역시 미추홀구 숭의2동,924612.0,1940623.0,EPSG:5179,2021
2309054,인천광역시 미추홀구 숭의4동,925459.0,1940674.0,EPSG:5179,2021
2309056,인천광역시 미추홀구 용현2동,924232.0,1940098.0,EPSG:5179,2021
2309057,인천광역시 미추홀구 용현3동,925066.0,1939902.0,EPSG:5179,2021
2309059,인천광역시 미추홀구 용현5동,923882.0,1939208.0,EPSG:5179,2021
2309060,인천광역시 미추홀구 학익1동,924981.0,1938087.0,EPSG:5179,2021
2309061,인천광역시 미추홀구 학익2동,926611.0,1938559.0,EPSG:5179,2021
2309062,인천광역시 미추홀구 도화1동,926620.0,1940655.0,EPSG:5179,2021
2309065,인천광역시 미추홀구 주안1동,927545.0,1940627.0,EPSG:5179,2021
2309066,인천광역시 미추홀구 주안2동,926760.0,1939891.0,EPSG:5179,2021
2309067,인천광역시 미추홀구 주안3동,928100.0,1939135.0,EPSG:5179,2021
2309068,인천광역시 미추홀구 주안4동,928100.0,1939783.0,EPSG:5179,2021
2309069,인천광역시 미추홀구 주안5동,927539.0,1941424.0,EPSG:5179,2021
2309070,인천광역시 미추홀구 주안6동,928438.0,1940507.0,EPSG:5179,2021
2309071,인천광역시 미추홀구 주안7동,927278.0,1938970.0,EPSG:5179,2021
2309072,인천광역시 미추홀구 주안8동,927924.0,1939136.0,EPSG:5179,2021
2309073,인천광역시 미추홀구 관교동,928875.0,1938485.0,EPSG:5179,2021
2309074,인천광역시 미추홀구 문학동,927949.0,1937801.0,EPSG:5179,2021
2309075,인천광역시 미추홀구 숭의1·3동,924443.0,1941183.0,EPSG:5179,2021
2309076,인천광역시 미추홀구 용현1·4동,925635.0,1939666.0,EPSG:5179,2021
2309077,인천광역시 미추홀구 도화2·3동,925936.0,1941910.0,EPSG:5179,2021
2331011,인천광역시 강화군 강화읍,910870.0,1972947.0,EPSG:5179,2021
2331031,인천광역시 강화군 선원면,910657.0,1968974.0,EPSG:5179,2021
2331032,인천광역시 강화군 불은면,910231.0,1965424.0,EPSG:5179,2021
2331033,인천광역시 강화군 길상면,911581.0,1959102.0,EPSG:5179,2021
2331034,인천광역시 강화군 화도면,905043.0,1958250.0,EPSG:5179,2021
2331035,인천광역시 강화군 양도면,905851.0,1964198.0,EPSG:5179,2021
2331036,인천광역시 강화군 내가면,902521.0,1969848.0,EPSG:5179,2021
2331037,인천광역시 강화군 하점면,903177.0,1974203.0,EPSG:5179,2021
2331038,인천광역시 강화군 양사면,903397.0,1978570.0,EPSG:5179,2021
2331039,인천광역시 강화군 송해면,908389.0,1975978.0,EPSG:5179,2021
2331040,인천광역시 강화군 교동면,891296.0,1977055.0,EPSG:5179,2021
2331041,인천광역시 강화군 삼산면,894685.0,1967849.0,EPSG:5179,2021
2331042,인천광역시 강화군 서도면,888947.0,1961717.0,EPSG:5179,2021
2332031,인천광역시 옹진군 북도면,897382.0,1949419.0,EPSG:5179,2021
2332032,인천광역시 옹진군 연평면,841006.0,1965044.0,EPSG:5179,2021
2332033,인천광역시 옹진군 백령면,751793.0,1998634.0,EPSG:5179,2021
2332034,인천광역시 옹진군 대청면,753693.0,1984855.0,EPSG:5179,2021
2332035,인천광역시 옹진군 덕적면,878478.0,1915544.0,EPSG:5179,2021
2332036,인천광역시 옹진군 자월면,894863.0,1918148.0,EPSG:5179,2021
2332037,인천광역시 옹진군 영흥면,907636.0,1918178.0,EPSG:5179,2021
2401051,광주광역시 동구 충장동,946756.0,1684078.0,EPSG:5179,2021
2401054,광주광역시 동구 동명동,947665.0,1684183.0,EPSG:5179,2021
2401056,광주광역시 동구 계림1동,946897.0,1685051.0,EPSG:5179,2021
2401058,광주광역시 동구 계림2동,947529.0,1685153.0,EPSG:5179,2021
2401059,광주광역시 동구 산수1동,947955.0,1684778.0,EPSG:5179,2021
2401061,광주광역시 동구 산수2동,948767.0,1684775.0,EPSG:5179,2021
2401062,광주광역시 동구 지산1동,948178.0,1684002.0,EPSG:5179,2021
2401063,광주광역시 동구 지산2동,949368.0,1683834.0,EPSG:5179,2021
2401064,광주광역시 동구 서남동,948032.0,1683187.0,EPSG:5179,2021
2401068,광주광역시 동구 학동,947586.0,1682565.0,EPSG:5179,2021
2401071,광주광역시 동구 학운동,951103.0,1681614.0,EPSG:5179,2021
2401072,광주광역시 동구 지원1동,948724.0,1681634.0,EPSG:5179,2021
2401073,광주광역시 동구 지원2동,949943.0,1678657.0,EPSG:5179,2021
2402051,광주광역시 서구 양동,945786.0,1684280.0,EPSG:5179,2021
2402053,광주광역시 서구 양3동,944971.0,1684982.0,EPSG:5179,2021
2402054,광주광역시 서구 농성1동,944350.0,1684805.0,EPSG:5179,2021
2402055,광주광역시 서구 농성2동,944106.0,1684203.0,EPSG:5179,2021
2402056,광주광역시 서구 광천동,943646.0,1685750.0,EPSG:5179,2021
2402057,광주광역시 서구 유덕동,940434.0,1685887.0,EPSG:5179,2021
2402058,광주광역시 서구 상무1동,941897.0,1684747.0,EPSG:5179,2021
2402059,광주광역시 서구 상무2동,941839.0,1683649.0,EPSG:5179,2021
2402060,광주광역시 서구 화정1동,943227.0,1684729.0,EPSG:5179,2021
2402061,광주광역시 서구 화정2동,943710.0,1683720.0,EPSG:5179,2021
2402062,광주광역시 서구 화정3동,943177.0,1683506.0,EPSG:5179,2021
2402063,광주광역시 서구 화정4동,942637.0,1682917.0,EPSG:5179,2021
2402064,광주광역시 서구 서창동,939172.0,1680376.0,EPSG:5179,2021
2402066,광주광역시 서구 치평동,940357.0,1684367.0,EPSG:5179,2021
2402067,광주광역시 서구 풍암동,943080.0,1681335.0,EPSG:5179,2021
2402068,광주광역시 서구 금호1동,941141.0,1682524.0,EPSG:5179,2021
2402069,광주광역시 서구 금호2동,941324.0,1681654.0,EPSG:5179,2021
2402070,광주광역시 서구 동천동,941688.0,1686464.0,EPSG:5179,2021
2403051,광주광역시 남구 양림동,946634.0,1682720.0,EPSG:5179,2021
2403052,광주광역시 남구 방림1동,946752.0,1682217.0,EPSG:5179,2021
2403053,광주광역시 남구 방림2동,947374.0,1681882.0,EPSG:5179,2021
2403054,광주광역시 남구 사직동,946183.0,1683537.0,EPSG:5179,2021
2403057,광주광역시 남구 월산동,945332.0,1683654.0,EPSG:5179,2021
2403060,광주광역시 남구 월산4동,944564.0,1683685.0,EPSG:5179,2021
2403061,광주광역시 남구 월산5동,944852.0,1683068.0,EPSG:5179,2021
2403062,광주광역시 남구 백운1동,945840.0,1682980.0,EPSG:5179,2021
2403063,광주광역시 남구 백운2동,945616.0,1682576.0,EPSG:5179,2021
2403064,광주광역시 남구 주월1동,944970.0,1681730.0,EPSG:5179,2021
2403065,광주광역시 남구 주월2동,944540.0,1682520.0,EPSG:5179,2021
2403067,광주광역시 남구 송암동,943371.0,1679173.0,EPSG:5179,2021
2403068,광주광역시 남구 봉선1동,946160.0,1681939.0,EPSG:5179,2021
2403069,광주광역시 남구 봉선2동,946585.0,1680931.0,EPSG:5179,2021
2403070,광주광역시 남구 대촌동,938653.0,1676119.0,EPSG:5179,2021
2403071,광주광역시 남구 진월동,945296.0,1680255.0,EPSG:5179,2021
2403072,광주광역시 남구 효덕동,945589.0,1678133.0,EPSG:5179,2021
2404051,광주광역시 북구 중흥1동,946361.0,1685430.0,EPSG:5179,2021
2404052,광주광역시 북구 중흥2동,946279.0,1686230.0,EPSG:5179,2021
2404053,광주광역시 북구 중흥3동,946840.0,1686412.0,EPSG:5179,2021
2404054,광주광역시 북구 중앙동,945930.0,1684774.0,EPSG:5179,2021
2404055,광주광역시 북구 임동,944765.0,1685578.0,EPSG:5179,2021
2404056,광주광역시 북구 신안동,945341.0,1686067.0,EPSG:5179,2021
2404057,광주광역시 북구 용봉동,945425.0,1687261.0,EPSG:5179,2021
2404058,광주광역시 북구 운암1동,942922.0,1686938.0,EPSG:5179,2021
2404059,광주광역시 북구 운암2동,943966.0,1686795.0,EPSG:5179,2021
2404060,광주광역시 북구 운암3동,943168.0,1687821.0,EPSG:5179,2021
2404061,광주광역시 북구 동림동,941669.0,1687498.0,EPSG:5179,2021
2404062,광주광역시 북구 우산동,947317.0,1686745.0,EPSG:5179,2021
2404063,광주광역시 북구 풍향동,947729.0,1685817.0,EPSG:5179,2021
2404064,광주광역시 북구 문화동,949118.0,1687662.0,EPSG:5179,2021
2404065,광주광역시 북구 문흥1동,947891.0,1688646.0,EPSG:5179,2021
2404066,광주광역시 북구 문흥2동,947061.0,1687812.0,EPSG:5179,2021
2404067,광주광역시 북구 두암1동,947939.0,1686402.0,EPSG:5179,2021
2404068,광주광역시 북구 두암2동,948777.0,1686786.0,EPSG:5179,2021
2404069,광주광역시 북구 두암3동,948954.0,1685670.0,EPSG:5179,2021
2404070,광주광역시 북구 삼각동,945933.0,1689897.0,EPSG:5179,2021
2404071,광주광역시 북구 매곡동,944374.0,1688554.0,EPSG:5179,2021
2404072,광주광역시 북구 오치1동,946587.0,1688657.0,EPSG:5179,2021
2404073,광주광역시 북구 오치2동,945556.0,1688288.0,EPSG:5179,2021
2404074,광주광역시 북구 석곡동,951691.0,1686838.0,EPSG:5179,2021
2404078,광주광역시 북구 일곡동,945069.0,1690986.0,EPSG:5179,2021
2404080,광주광역시 북구 양산동,942947.0,1689738.0,EPSG:5179,2021
2404081,광주광역시 북구 건국동,944464.0,1693402.0,EPSG:5179,2021
2404082,광주광역시 북구 신용동,942017.0,1690989.0,EPSG:5179,2021
2405051,광주광역시 광산구 송정1동,936670.0,1682490.0,EPSG:5179,2021
2405052,광주광역시 광산구 송정2동,935486.0,1682901.0,EPSG:5179,2021
2405054,광주광역시 광산구 도산동,935470.0,1681129.0,EPSG:5179,2021
2405055,광주광역시 광산구 신흥동,937764.0,1682789.0,EPSG:5179,2021
2405056,광주광역시 광산구 어룡동,933435.0,1685188.0,EPSG:5179,2021
2405058,광주광역시 광산구 우산동,937665.0,1684612.0,EPSG:5179,2021
2405059,광주광역시 광산구 월곡1동,937416.0,1686109.0,EPSG:5179,2021
2405060,광주광역시 광산구 월곡2동,936839.0,1686595.0,EPSG:5179,2021
2405061,광주광역시 광산구 비아동,938413.0,1690982.0,EPSG:5179,2021
2405063,광주광역시 광산구 하남동,935826.0,1688984.0,EPSG:5179,2021
2405064,광주광역시 광산구 임곡동,932119.0,1691610.0,EPSG:5179,2021
2405065,광주광역시 광산구 동곡동,934237.0,1678136.0,EPSG:5179,2021
2405066,광주광역시 광산구 평동,930903.0,1681604.0,EPSG:5179,2021
2405067,광주광역시 광산구 삼도동,926121.0,1683441.0,EPSG:5179,2021
2405068,광주광역시 광산구 본량동,928064.0,1688522.0,EPSG:5179,2021
2405069,광주광역시 광산구 첨단1동,939673.0,1692058.0,EPSG:5179,2021
2405070,광주광역시 광산구 첨단2동,940309.0,1690643.0,EPSG:5179,2021
2405071,광주광역시 광산구 운남동,938497.0,1686605.0,EPSG:5179,2021
2405073,광주광역시 광산구 신창동,940522.0,1688584.0,EPSG:5179,2021
2405074,광주광역시 광산구 신가동,939288.0,1687720.0,EPSG:5179,2021
2405075,광주광역시 광산구 수완동,938116.0,1688692.0,EPSG:5179,2021
2501053,대전광역시 동구 효동,995822.0,1812552.0,EPSG:5179,2021
2501055,대전광역시 동구 판암1동,997383.0,1813196.0,EPSG:5179,2021
2501056,대전광역시 동구 판암2동,995904.0,1813891.0,EPSG:5179,2021
2501057,대전광역시 동구 용운동,996548.0,1815063.0,EPSG:5179,2021
2501060,대전광역시 동구 자양동,995513.0,1815622.0,EPSG:5179,2021
2501063,대전광역시 동구 가양1동,994900.0,1816207.0,EPSG:5179,2021
2501064,대전광역시 동구 가양2동,995821.0,1816817.0,EPSG:5179,2021
2501065,대전광역시 동구 용전동,994110.0,1817421.0,EPSG:5179,2021
2501068,대전광역시 동구 홍도동,993332.0,1816729.0,EPSG:5179,2021
2501073,대전광역시 동구 대청동,999591.0,1819943.0,EPSG:5179,2021
2501075,대전광역시 동구 산내동,996370.0,1806323.0,EPSG:5179,2021
2501076,대전광역시 동구 중앙동,994187.0,1814925.0,EPSG:5179,2021
2501077,대전광역시 동구 신인동,994699.0,1814003.0,EPSG:5179,2021
2501078,대전광역시 동구 대동,995137.0,1814721.0,EPSG:5179,2021
2501079,대전광역시 동구 성남동,994049.0,1816383.0,EPSG:5179,2021
2501080,대전광역시 동구 삼성동,993296.0,1815780.0,EPSG:5179,2021
2502051,대전광역시 중구 은행선화동,992814.0,1814852.0,EPSG:5179,2021
2502053,대전광역시 중구 목동,991839.0,1815233.0,EPSG:5179,2021
2502054,대전광역시 중구 중촌동,991830.0,1816071.0,EPSG:5179,2021
2502055,대전광역시 중구 대흥동,993260.0,1813927.0,EPSG:5179,2021
2502056,대전광역시 중구 문창동,994278.0,1813405.0,EPSG:5179,2021
2502057,대전광역시 중구 석교동,994645.0,1811450.0,EPSG:5179,2021
2502058,대전광역시 중구 대사동,992980.0,1812574.0,EPSG:5179,2021
2502059,대전광역시 중구 부사동,993840.0,1812688.0,EPSG:5179,2021
2502060,대전광역시 중구 용두동,991716.0,1814741.0,EPSG:5179,2021
2502062,대전광역시 중구 오류동,991590.0,1814206.0,EPSG:5179,2021
2502063,대전광역시 중구 태평1동,990891.0,1814391.0,EPSG:5179,2021
2502064,대전광역시 중구 태평2동,990268.0,1814121.0,EPSG:5179,2021
2502065,대전광역시 중구 유천1동,990391.0,1813136.0,EPSG:5179,2021
2502066,대전광역시 중구 유천2동,990986.0,1813446.0,EPSG:5179,2021
2502067,대전광역시 중구 문화1동,992136.0,1812567.0,EPSG:5179,2021
2502068,대전광역시 중구 문화2동,991245.0,1812309.0,EPSG:5179,2021
2502069,대전광역시 중구 산성동,991699.0,1807352.0,EPSG:5179,2021
2503051,대전광역시 서구 복수동,988907.0,1811673.0,EPSG:5179,2021
2503052,대전광역시 서구 도마1동,989367.0,1813474.0,EPSG:5179,2021
2503053,대전광역시 서구 도마2동,988235.0,1813578.0,EPSG:5179,2021
2503054,대전광역시 서구 정림동,987766.0,1810525.0,EPSG:5179,2021
2503055,대전광역시 서구 변동,989306.0,1814464.0,EPSG:5179,2021
2503056,대전광역시 서구 용문동,990480.0,1815621.0,EPSG:5179,2021
2503057,대전광역시 서구 탄방동,990270.0,1816406.0,EPSG:5179,2021
2503059,대전광역시 서구 둔산1동,990111.0,1817310.0,EPSG:5179,2021
2503060,대전광역시 서구 둔산2동,989249.0,1817802.0,EPSG:5179,2021
2503061,대전광역시 서구 괴정동,989216.0,1815896.0,EPSG:5179,2021
2503062,대전광역시 서구 가장동,989878.0,1814900.0,EPSG:5179,2021
2503063,대전광역시 서구 내동,988646.0,1815302.0,EPSG:5179,2021
2503064,대전광역시 서구 갈마1동,987904.0,1816776.0,EPSG:5179,2021
2503065,대전광역시 서구 갈마2동,988684.0,1816603.0,EPSG:5179,2021
2503066,대전광역시 서구 월평1동,987053.0,1816463.0,EPSG:5179,2021
2503067,대전광역시 서구 월평2동,988866.0,1818301.0,EPSG:5179,2021
2503068,대전광역시 서구 월평3동,988080.0,1818238.0,EPSG:5179,2021
2503069,대전광역시 서구 만년동,989486.0,1819146.0,EPSG:5179,2021
2503070,대전광역시 서구 가수원동,986698.0,1812017.0,EPSG:5179,2021
2503071,대전광역시 서구 기성동,984481.0,1805003.0,EPSG:5179,2021
2503072,대전광역시 서구 관저1동,985475.0,1812142.0,EPSG:5179,2021
2503073,대전광역시 서구 관저2동,984919.0,1810542.0,EPSG:5179,2021
2503074,대전광역시 서구 둔산3동,990991.0,1817310.0,EPSG:5179,2021
2504054,대전광역시 유성구 온천2동,986424.0,1819045.0,EPSG:5179,2021
2504055,대전광역시 유성구 신성동,987232.0,1822806.0,EPSG:5179,2021
2504057,대전광역시 유성구 전민동,990895.0,1821900.0,EPSG:5179,2021
2504059,대전광역시 유성구 노은1동,982013.0,1819012.0,EPSG:5179,2021
2504061,대전광역시 유성구 구즉동,988936.0,1829278.0,EPSG:5179,2021
2504063,대전광역시 유성구 관평동,990911.0,1824677.0,EPSG:5179,2021
2504064,대전광역시 유성구 온천1동,982922.0,1817101.0,EPSG:5179,2021
2504066,대전광역시 유성구 노은2동,982873.0,1823084.0,EPSG:5179,2021
2504067,대전광역시 유성구 노은3동,982004.0,1821168.0,EPSG:5179,2021
2504068,대전광역시 유성구 진잠동,981314.0,1811572.0,EPSG:5179,2021
2504069,대전광역시 유성구 학하동,981833.0,1815944.0,EPSG:5179,2021
2504070,대전광역시 유성구 상대동,984770.0,1816025.0,EPSG:5179,2021
2504071,대전광역시 유성구 원신흥동,986076.0,1815891.0,EPSG:5179,2021
2505051,대전광역시 대덕구 오정동,992294.0,1817377.0,EPSG:5179,2021
2505052,대전광역시 대덕구 대화동,991712.0,1819052.0,EPSG:5179,2021
2505053,대전광역시 대덕구 회덕동,994045.0,1822275.0,EPSG:5179,2021
2505054,대전광역시 대덕구 비래동,995959.0,1818339.0,EPSG:5179,2021
2505055,대전광역시 대덕구 중리동,993423.0,1818246.0,EPSG:5179,2021
2505056,대전광역시 대덕구 법1동,993311.0,1819244.0,EPSG:5179,2021
2505057,대전광역시 대덕구 법2동,994493.0,1819940.0,EPSG:5179,2021
2505058,대전광역시 대덕구 신탄진동,996856.0,1827028.0,EPSG:5179,2021
2505059,대전광역시 대덕구 석봉동,993135.0,1828114.0,EPSG:5179,2021
2505060,대전광역시 대덕구 덕암동,993641.0,1826116.0,EPSG:5179,2021
2505061,대전광역시 대덕구 목상동,991516.0,1827138.0,EPSG:5179,2021
2505062,대전광역시 대덕구 송촌동,994856.0,1818570.0,EPSG:5179,2021
2601051,울산광역시 중구 학성동,1166330.0,1730300.0,EPSG:5179,2021
2601052,울산광역시 중구 반구1동,1167274.0,1730309.0,EPSG:5179,2021
2601053,울산광역시 중구 반구2동,1166691.0,1731120.0,EPSG:5179,2021
2601054,울산광역시 중구 복산1동,1165480.0,1731270.0,EPSG:5179,2021
2601055,울산광역시 중구 복산2동,1165971.0,1731593.0,EPSG:5179,2021
2601059,울산광역시 중구 우정동,1164065.0,1731138.0,EPSG:5179,2021
2601060,울산광역시 중구 태화동,1162905.0,1731140.0,EPSG:5179,2021
2601061,울산광역시 중구 다운동,1160601.0,1731840.0,EPSG:5179,2021
2601062,울산광역시 중구 병영1동,1167431.0,1731682.0,EPSG:5179,2021
2601063,울산광역시 중구 병영2동,1166646.0,1733833.0,EPSG:5179,2021
2601064,울산광역시 중구 약사동,1165998.0,1733039.0,EPSG:5179,2021
2601066,울산광역시 중구 성안동,1164011.0,1733086.0,EPSG:5179,2021
2601067,울산광역시 중구 중앙동,1165116.0,1730353.0,EPSG:5179,2021
2602051,울산광역시 남구 신정1동,1163594.0,1729022.0,EPSG:5179,2021
2602052,울산광역시 남구 신정2동,1163538.0,1727353.0,EPSG:5179,2021
2602053,울산광역시 남구 신정3동,1164442.0,1729212.0,EPSG:5179,2021
2602054,울산광역시 남구 신정4동,1164545.0,1727409.0,EPSG:5179,2021
2602055,울산광역시 남구 신정5동,1165102.0,1729386.0,EPSG:5179,2021
2602056,울산광역시 남구 달동,1165193.0,1728265.0,EPSG:5179,2021
2602057,울산광역시 남구 삼산동,1166957.0,1728880.0,EPSG:5179,2021
2602058,울산광역시 남구 삼호동,1160954.0,1729721.0,EPSG:5179,2021
2602059,울산광역시 남구 무거동,1158994.0,1728757.0,EPSG:5179,2021
2602060,울산광역시 남구 옥동,1162108.0,1726843.0,EPSG:5179,2021
2602061,울산광역시 남구 야음장생포동,1168709.0,1726569.0,EPSG:5179,2021
2602062,울산광역시 남구 대현동,1165574.0,1727157.0,EPSG:5179,2021
2602063,울산광역시 남구 수암동,1164925.0,1726779.0,EPSG:5179,2021
2602064,울산광역시 남구 선암동,1167630.0,1723284.0,EPSG:5179,2021
2603051,울산광역시 동구 방어동,1173282.0,1722537.0,EPSG:5179,2021
2603052,울산광역시 동구 일산동,1175219.0,1724839.0,EPSG:5179,2021
2603053,울산광역시 동구 화정동,1174194.0,1723846.0,EPSG:5179,2021
2603054,울산광역시 동구 대송동,1173583.0,1724990.0,EPSG:5179,2021
2603055,울산광역시 동구 전하1동,1175511.0,1727204.0,EPSG:5179,2021
2603058,울산광역시 동구 남목1동,1173559.0,1728635.0,EPSG:5179,2021
2603059,울산광역시 동구 남목2동,1174251.0,1727428.0,EPSG:5179,2021
2603060,울산광역시 동구 남목3동,1175451.0,1730465.0,EPSG:5179,2021
2603061,울산광역시 동구 전하2동,1174606.0,1725519.0,EPSG:5179,2021
2604051,울산광역시 북구 농소1동,1169103.0,1738918.0,EPSG:5179,2021
2604052,울산광역시 북구 농소2동,1167570.0,1741813.0,EPSG:5179,2021
2604053,울산광역시 북구 농소3동,1164895.0,1737975.0,EPSG:5179,2021
2604054,울산광역시 북구 강동동,1173799.0,1737132.0,EPSG:5179,2021
2604056,울산광역시 북구 효문동,1169697.0,1731905.0,EPSG:5179,2021
2604057,울산광역시 북구 송정동,1169579.0,1735208.0,EPSG:5179,2021
2604058,울산광역시 북구 양정동,1171231.0,1730214.0,EPSG:5179,2021
2604059,울산광역시 북구 염포동,1172031.0,1728368.0,EPSG:5179,2021
2631011,울산광역시 울주군 온산읍,1166342.0,1716833.0,EPSG:5179,2021
2631012,울산광역시 울주군 언양읍,1150389.0,1733355.0,EPSG:5179,2021
2631013,울산광역시 울주군 온양읍,1159404.0,1714908.0,EPSG:5179,2021
2631014,울산광역시 울주군 범서읍,1158219.0,1734843.0,EPSG:5179,2021
2631015,울산광역시 울주군 청량읍,1160456.0,1723341.0,EPSG:5179,2021
2631016,울산광역시 울주군 삼남읍,1144703.0,1727427.0,EPSG:5179,2021
2631031,울산광역시 울주군 서생면,1164725.0,1709528.0,EPSG:5179,2021
2631034,울산광역시 울주군 웅촌면,1154067.0,1720377.0,EPSG:5179,2021
2631036,울산광역시 울주군 두동면,1154926.0,1742046.0,EPSG:5179,2021
2631037,울산광역시 울주군 두서면,1148795.0,1743125.0,EPSG:5179,2021
2631038,울산광역시 울주군 상북면,1141081.0,1734204.0,EPSG:5179,2021
2631040,울산광역시 울주군 삼동면,1149977.0,1724509.0,EPSG:5179,2021
2901011,세종특별자치시 세종시 조치원읍,980888.0,1845573.0,EPSG:5179,2021
2901031,세종특별자치시 세종시 연기면,979967.0,1835878.0,EPSG:5179,2021
2901032,세종특별자치시 세종시 연동면,984593.0,1838889.0,EPSG:5179,2021
2901033,세종특별자치시 세종시 부강면,989154.0,1836280.0,EPSG:5179,2021
2901034,세종특별자치시 세종시 금남면,982139.0,1828651.0,EPSG:5179,2021
2901035,세종특별자치시 세종시 장군면,973814.0,1833962.0,EPSG:5179,2021
2901036,세종특별자치시 세종시 연서면,977254.0,1842957.0,EPSG:5179,2021
2901037,세종특별자치시 세종시 전의면,972131.0,1851560.0,EPSG:5179,2021
2901038,세종특별자치시 세종시 전동면,977676.0,1850974.0,EPSG:5179,2021
2901039,세종특별자치시 세종시 소정면,970462.0,1857431.0,EPSG:5179,2021
2901056,세종특별자치시 세종시 종촌동,977390.0,1834105.0,EPSG:5179,2021
2901059,세종특별자치시 세종시 아름동,977364.0,1835592.0,EPSG:5179,2021
2901060,세종특별자치시 세종시 고운동,976330.0,1835696.0,EPSG:5179,2021
2901061,세종특별자치시 세종시 한솔동,977560.0,1830658.0,EPSG:5179,2021
2901064,세종특별자치시 세종시 대평동,979788.0,1830348.0,EPSG:5179,2021
2901066,세종특별자치시 세종시 보람동,981191.0,1831154.0,EPSG:5179,2021
2901067,세종특별자치시 세종시 새롬동,978216.0,1832058.0,EPSG:5179,2021
2901068,세종특별자치시 세종시 다정동,977160.0,1833051.0,EPSG:5179,2021
2901069,세종특별자치시 세종시 도담동,978728.0,1834400.0,EPSG:5179,2021
2901070,세종특별자치시 세종시 해밀동,978550.0,1837146.0,EPSG:5179,2021
2901071,세종특별자치시 세종시 소담동,982191.0,1831889.0,EPSG:5179,2021
2901072,세종특별자치시 세종시 반곡동,984317.0,1833957.0,EPSG:5179,2021
3101154,경기도 수원시 장안구 파장동,954758.0,1924743.0,EPSG:5179,2021
3101155,경기도 수원시 장안구 율천동,953189.0,1922405.0,EPSG:5179,2021
3101156,경기도 수원시 장안구 정자1동,954743.0,1922959.0,EPSG:5179,2021
3101157,경기도 수원시 장안구 정자2동,955536.0,1921697.0,EPSG:5179,2021
3101158,경기도 수원시 장안구 영화동,956902.0,1921586.0,EPSG:5179,2021
3101159,경기도 수원시 장안구 송죽동,956004.0,1923550.0,EPSG:5179,2021
3101160,경기도 수원시 장안구 조원1동,957162.0,1922515.0,EPSG:5179,2021
3101161,경기도 수원시 장안구 연무동,957730.0,1925190.0,EPSG:5179,2021
3101162,경기도 수원시 장안구 정자3동,954335.0,1922284.0,EPSG:5179,2021
3101163,경기도 수원시 장안구 조원2동,956848.0,1923511.0,EPSG:5179,2021
3101252,경기도 수원시 권선구 세류1동,956144.0,1918009.0,EPSG:5179,2021
3101253,경기도 수원시 권선구 세류2동,956299.0,1916265.0,EPSG:5179,2021
3101254,경기도 수원시 권선구 세류3동,957009.0,1917990.0,EPSG:5179,2021
3101255,경기도 수원시 권선구 평동,953882.0,1916451.0,EPSG:5179,2021
3101256,경기도 수원시 권선구 서둔동,954086.0,1918977.0,EPSG:5179,2021
3101257,경기도 수원시 권선구 구운동,953059.0,1920335.0,EPSG:5179,2021
3101260,경기도 수원시 권선구 권선1동,958068.0,1917820.0,EPSG:5179,2021
3101261,경기도 수원시 권선구 곡선동,958471.0,1915837.0,EPSG:5179,2021
3101262,경기도 수원시 권선구 입북동,951099.0,1921395.0,EPSG:5179,2021
3101264,경기도 수원시 권선구 권선2동,957844.0,1916457.0,EPSG:5179,2021
3101265,경기도 수원시 권선구 금곡동,950736.0,1919753.0,EPSG:5179,2021
3101266,경기도 수원시 권선구 호매실동,951510.0,1918318.0,EPSG:5179,2021
3101353,경기도 수원시 팔달구 지동,957889.0,1920271.0,EPSG:5179,2021
3101354,경기도 수원시 팔달구 우만1동,958646.0,1921088.0,EPSG:5179,2021
3101355,경기도 수원시 팔달구 우만2동,959095.0,1920234.0,EPSG:5179,2021
3101356,경기도 수원시 팔달구 인계동,958111.0,1918970.0,EPSG:5179,2021
3101367,경기도 수원시 팔달구 매교동,956993.0,1919044.0,EPSG:5179,2021
3101368,경기도 수원시 팔달구 매산동,956096.0,1919017.0,EPSG:5179,2021
3101369,경기도 수원시 팔달구 고등동,955961.0,1919611.0,EPSG:5179,2021
3101370,경기도 수원시 팔달구 화서1동,955788.0,1920418.0,EPSG:5179,2021
3101371,경기도 수원시 팔달구 화서2동,954859.0,1920736.0,EPSG:5179,2021
3101372,경기도 수원시 팔달구 행궁동,957126.0,1920444.0,EPSG:5179,2021
3101451,경기도 수원시 영통구 매탄1동,959228.0,1919206.0,EPSG:5179,2021
3101452,경기도 수원시 영통구 매탄2동,960241.0,1919261.0,EPSG:5179,2021
3101453,경기도 수원시 영통구 매탄3동,960117.0,1917685.0,EPSG:5179,2021
3101454,경기도 수원시 영통구 매탄4동,959943.0,1918753.0,EPSG:5179,2021
3101460,경기도 수원시 영통구 원천동,961121.0,1919455.0,EPSG:5179,2021
3101462,경기도 수원시 영통구 광교1동,959914.0,1922581.0,EPSG:5179,2021
3101463,경기도 수원시 영통구 광교2동,962117.0,1921013.0,EPSG:5179,2021
3101464,경기도 수원시 영통구 영통1동,962372.0,1918009.0,EPSG:5179,2021
3101465,경기도 수원시 영통구 영통2동,960459.0,1916678.0,EPSG:5179,2021
3101466,경기도 수원시 영통구 영통3동,962033.0,1917063.0,EPSG:5179,2021
3101467,경기도 수원시 영통구 망포1동,960849.0,1915686.0,EPSG:5179,2021
3101468,경기도 수원시 영통구 망포2동,959875.0,1915760.0,EPSG:5179,2021
3102151,경기도 성남시 수정구 신흥1동,968200.0,1938028.0,EPSG:5179,2021
3102152,경기도 성남시 수정구 신흥2동,968973.0,1939000.0,EPSG:5179,2021
3102153,경기도 성남시 수정구 신흥3동,968737.0,1938355.0,EPSG:5179,2021
3102154,경기도 성남시 수정구 태평1동,966704.0,1938574.0,EPSG:5179,2021
3102155,경기도 성남시 수정구 태평2동,967838.0,1938776.0,EPSG:5179,2021
3102156,경기도 성남시 수정구 태평3동,967458.0,1938560.0,EPSG:5179,2021
3102157,경기도 성남시 수정구 태평4동,968226.0,1938980.0,EPSG:5179,2021
3102158,경기도 성남시 수정구 수진1동,967772.0,1937773.0,EPSG:5179,2021
3102159,경기도 성남시 수정구 수진2동,966919.0,1937637.0,EPSG:5179,2021
3102160,경기도 성남시 수정구 단대동,969682.0,1939573.0,EPSG:5179,2021
3102161,경기도 성남시 수정구 산성동,969288.0,1939786.0,EPSG:5179,2021
3102162,경기도 성남시 수정구 양지동,970390.0,1940603.0,EPSG:5179,2021
3102164,경기도 성남시 수정구 신촌동,965056.0,1939043.0,EPSG:5179,2021
3102165,경기도 성남시 수정구 고등동,962915.0,1936940.0,EPSG:5179,2021
3102166,경기도 성남시 수정구 시흥동,963134.0,1934855.0,EPSG:5179,2021
3102167,경기도 성남시 수정구 복정동,967346.0,1940024.0,EPSG:5179,2021
3102168,경기도 성남시 수정구 위례동,968787.0,1941016.0,EPSG:5179,2021
3102251,경기도 성남시 중원구 성남동,967518.0,1937081.0,EPSG:5179,2021
3102253,경기도 성남시 중원구 금광1동,970486.0,1938503.0,EPSG:5179,2021
3102254,경기도 성남시 중원구 금광2동,970605.0,1938993.0,EPSG:5179,2021
3102255,경기도 성남시 중원구 은행1동,970554.0,1939455.0,EPSG:5179,2021
3102256,경기도 성남시 중원구 은행2동,971260.0,1940269.0,EPSG:5179,2021
3102257,경기도 성남시 중원구 상대원1동,971717.0,1937953.0,EPSG:5179,2021
3102258,경기도 성남시 중원구 상대원2동,969743.0,1937400.0,EPSG:5179,2021
3102259,경기도 성남시 중원구 상대원3동,970200.0,1937786.0,EPSG:5179,2021
3102260,경기도 성남시 중원구 하대원동,968667.0,1936610.0,EPSG:5179,2021
3102261,경기도 성남시 중원구 도촌동,970007.0,1935626.0,EPSG:5179,2021
3102262,경기도 성남시 중원구 중앙동,969024.0,1937914.0,EPSG:5179,2021
3102351,경기도 성남시 분당구 분당동,968530.0,1930033.0,EPSG:5179,2021
3102352,경기도 성남시 분당구 수내3동,967177.0,1929588.0,EPSG:5179,2021
3102353,경기도 성남시 분당구 수내1동,965900.0,1931178.0,EPSG:5179,2021
3102354,경기도 성남시 분당구 수내2동,966621.0,1930724.0,EPSG:5179,2021
3102355,경기도 성남시 분당구 정자2동,966237.0,1929895.0,EPSG:5179,2021
3102356,경기도 성남시 분당구 정자3동,966617.0,1928794.0,EPSG:5179,2021
3102358,경기도 성남시 분당구 서현1동,968960.0,1931888.0,EPSG:5179,2021
3102359,경기도 성남시 분당구 서현2동,967903.0,1930735.0,EPSG:5179,2021
3102360,경기도 성남시 분당구 이매1동,967560.0,1932971.0,EPSG:5179,2021
3102361,경기도 성남시 분당구 이매2동,966548.0,1933376.0,EPSG:5179,2021
3102362,경기도 성남시 분당구 야탑1동,966896.0,1934998.0,EPSG:5179,2021
3102363,경기도 성남시 분당구 야탑3동,969090.0,1934006.0,EPSG:5179,2021
3102364,경기도 성남시 분당구 야탑2동,967029.0,1934398.0,EPSG:5179,2021
3102367,경기도 성남시 분당구 구미동,966452.0,1927137.0,EPSG:5179,2021
3102368,경기도 성남시 분당구 운중동,960907.0,1931517.0,EPSG:5179,2021
3102371,경기도 성남시 분당구 금곡동,964219.0,1929389.0,EPSG:5179,2021
3102372,경기도 성남시 분당구 구미1동,965200.0,1927760.0,EPSG:5179,2021
3102374,경기도 성남시 분당구 삼평동,965325.0,1933728.0,EPSG:5179,2021
3102375,경기도 성남시 분당구 판교동,963944.0,1932158.0,EPSG:5179,2021
3102376,경기도 성남시 분당구 백현동,965465.0,1932360.0,EPSG:5179,2021
3102377,경기도 성남시 분당구 정자1동,965081.0,1930326.0,EPSG:5179,2021
3102378,경기도 성남시 분당구 정자동,965565.0,1929821.0,EPSG:5179,2021
3103052,경기도 의정부시 의정부2동,959201.0,1970819.0,EPSG:5179,2021
3103055,경기도 의정부시 호원1동,959194.0,1967521.0,EPSG:5179,2021
3103056,경기도 의정부시 장암동,961496.0,1967604.0,EPSG:5179,2021
3103057,경기도 의정부시 신곡1동,961618.0,1970277.0,EPSG:5179,2021
3103058,경기도 의정부시 신곡2동,961929.0,1971858.0,EPSG:5179,2021
3103059,경기도 의정부시 송산1동,964531.0,1969654.0,EPSG:5179,2021
3103060,경기도 의정부시 자금동,963581.0,1973812.0,EPSG:5179,2021
3103064,경기도 의정부시 녹양동,958665.0,1973640.0,EPSG:5179,2021
3103065,경기도 의정부시 호원2동,958611.0,1969163.0,EPSG:5179,2021
3103067,경기도 의정부시 흥선동,957553.0,1971151.0,EPSG:5179,2021
3103068,경기도 의정부시 가능동,958275.0,1972822.0,EPSG:5179,2021
3103069,경기도 의정부시 의정부1동,960267.0,1971385.0,EPSG:5179,2021
3103070,경기도 의정부시 송산2동,964221.0,1971200.0,EPSG:5179,2021
3103071,경기도 의정부시 송산3동,966231.0,1972775.0,EPSG:5179,2021
3104151,경기도 안양시 만안구 안양1동,949216.0,1933519.0,EPSG:5179,2021
3104152,경기도 안양시 만안구 안양2동,948620.0,1934576.0,EPSG:5179,2021
3104153,경기도 안양시 만안구 안양3동,947828.0,1933370.0,EPSG:5179,2021
3104154,경기도 안양시 만안구 안양4동,948547.0,1933348.0,EPSG:5179,2021
3104155,경기도 안양시 만안구 안양5동,948860.0,1932727.0,EPSG:5179,2021
3104156,경기도 안양시 만안구 안양6동,949090.0,1932225.0,EPSG:5179,2021
3104157,경기도 안양시 만안구 안양7동,950127.0,1932416.0,EPSG:5179,2021
3104158,경기도 안양시 만안구 안양8동,949550.0,1931595.0,EPSG:5179,2021
3104159,경기도 안양시 만안구 안양9동,947240.0,1931162.0,EPSG:5179,2021
3104160,경기도 안양시 만안구 석수1동,949280.0,1936763.0,EPSG:5179,2021
3104161,경기도 안양시 만안구 석수2동,947032.0,1935739.0,EPSG:5179,2021
3104162,경기도 안양시 만안구 석수3동,946806.0,1934478.0,EPSG:5179,2021
3104163,경기도 안양시 만안구 박달1동,947702.0,1934086.0,EPSG:5179,2021
3104164,경기도 안양시 만안구 박달2동,945868.0,1933183.0,EPSG:5179,2021
3104251,경기도 안양시 동안구 비산1동,949851.0,1934389.0,EPSG:5179,2021
3104252,경기도 안양시 동안구 비산2동,950365.0,1933239.0,EPSG:5179,2021
3104253,경기도 안양시 동안구 비산3동,951468.0,1935777.0,EPSG:5179,2021
3104254,경기도 안양시 동안구 부흥동,950959.0,1932908.0,EPSG:5179,2021
3104255,경기도 안양시 동안구 달안동,951373.0,1933128.0,EPSG:5179,2021
3104256,경기도 안양시 동안구 관양1동,952581.0,1934779.0,EPSG:5179,2021
3104257,경기도 안양시 동안구 관양2동,953221.0,1933472.0,EPSG:5179,2021
3104258,경기도 안양시 동안구 부림동,952119.0,1933201.0,EPSG:5179,2021
3104259,경기도 안양시 동안구 평촌동,953572.0,1932712.0,EPSG:5179,2021
3104260,경기도 안양시 동안구 평안동,952536.0,1932484.0,EPSG:5179,2021
3104261,경기도 안양시 동안구 귀인동,952822.0,1931920.0,EPSG:5179,2021
3104262,경기도 안양시 동안구 호계1동,951660.0,1930537.0,EPSG:5179,2021
3104263,경기도 안양시 동안구 호계2동,951047.0,1931621.0,EPSG:5179,2021
3104264,경기도 안양시 동안구 호계3동,952226.0,1929934.0,EPSG:5179,2021
3104265,경기도 안양시 동안구 범계동,951656.0,1932204.0,EPSG:5179,2021
3104266,경기도 안양시 동안구 신촌동,951952.0,1931474.0,EPSG:5179,2021
3104267,경기도 안양시 동안구 갈산동,952623.0,1931108.0,EPSG:5179,2021
3105087,경기도 부천시 심곡동,936849.0,1943516.0,EPSG:5179,2021
3105088,경기도 부천시 부천동,937995.0,1944867.0,EPSG:5179,2021
3105089,경기도 부천시 중동,934819.0,1943810.0,EPSG:5179,2021
3105090,경기도 부천시 신중동,935444.0,1945222.0,EPSG:5179,2021
3105091,경기도 부천시 상동,933735.0,1945109.0,EPSG:5179,2021
3105092,경기도 부천시 대산동,935447.0,1942596.0,EPSG:5179,2021
3105093,경기도 부천시 소사본동,937678.0,1941815.0,EPSG:5179,2021
3105094,경기도 부천시 범안동,939575.0,1941628.0,EPSG:5179,2021
3105095,경기도 부천시 성곡동,939135.0,1947160.0,EPSG:5179,2021
3105096,경기도 부천시 오정동,936501.0,1948273.0,EPSG:5179,2021
3106051,경기도 광명시 광명1동,943559.0,1943396.0,EPSG:5179,2021
3106052,경기도 광명시 광명2동,943231.0,1942973.0,EPSG:5179,2021
3106053,경기도 광명시 광명3동,943079.0,1942664.0,EPSG:5179,2021
3106054,경기도 광명시 광명4동,942957.0,1942383.0,EPSG:5179,2021
3106055,경기도 광명시 광명5동,942406.0,1942192.0,EPSG:5179,2021
3106056,경기도 광명시 광명6동,941389.0,1941092.0,EPSG:5179,2021
3106057,경기도 광명시 광명7동,942625.0,1940891.0,EPSG:5179,2021
3106058,경기도 광명시 철산1동,944253.0,1943594.0,EPSG:5179,2021
3106059,경기도 광명시 철산2동,944008.0,1942873.0,EPSG:5179,2021
3106060,경기도 광명시 철산3동,944377.0,1941977.0,EPSG:5179,2021
3106061,경기도 광명시 철산4동,943700.0,1941647.0,EPSG:5179,2021
3106062,경기도 광명시 하안1동,943968.0,1939985.0,EPSG:5179,2021
3106063,경기도 광명시 하안2동,944666.0,1940795.0,EPSG:5179,2021
3106064,경기도 광명시 하안3동,945370.0,1940256.0,EPSG:5179,2021
3106065,경기도 광명시 하안4동,945153.0,1941143.0,EPSG:5179,2021
3106066,경기도 광명시 소하1동,946104.0,1938565.0,EPSG:5179,2021
3106068,경기도 광명시 학온동,942943.0,1936892.0,EPSG:5179,2021
3106069,경기도 광명시 소하2동,944843.0,1937505.0,EPSG:5179,2021
3106070,경기도 광명시 일직동,945362.0,1935836.0,EPSG:5179,2021
3107011,경기도 평택시 팽성읍,958765.0,1884871.0,EPSG:5179,2021
3107012,경기도 평택시 안중읍,949887.0,1888194.0,EPSG:5179,2021
3107013,경기도 평택시 포승읍,942825.0,1887605.0,EPSG:5179,2021
3107014,경기도 평택시 청북읍,949668.0,1894185.0,EPSG:5179,2021
3107031,경기도 평택시 진위면,963404.0,1901122.0,EPSG:5179,2021
3107032,경기도 평택시 서탄면,957470.0,1900485.0,EPSG:5179,2021
3107033,경기도 평택시 고덕면,958135.0,1893274.0,EPSG:5179,2021
3107034,경기도 평택시 오성면,954741.0,1889566.0,EPSG:5179,2021
3107037,경기도 평택시 현덕면,949433.0,1883073.0,EPSG:5179,2021
3107051,경기도 평택시 중앙동,960931.0,1895170.0,EPSG:5179,2021
3107052,경기도 평택시 서정동,960321.0,1896860.0,EPSG:5179,2021
3107053,경기도 평택시 송탄동,964059.0,1894173.0,EPSG:5179,2021
3107055,경기도 평택시 지산동,960827.0,1897635.0,EPSG:5179,2021
3107056,경기도 평택시 송북동,962478.0,1897906.0,EPSG:5179,2021
3107057,경기도 평택시 신장1동,960030.0,1898881.0,EPSG:5179,2021
3107058,경기도 평택시 신장2동,960026.0,1897672.0,EPSG:5179,2021
3107059,경기도 평택시 신평동,964981.0,1887092.0,EPSG:5179,2021
3107060,경기도 평택시 원평동,961998.0,1888305.0,EPSG:5179,2021
3107061,경기도 평택시 통복동,963125.0,1888913.0,EPSG:5179,2021
3107064,경기도 평택시 세교동,962046.0,1890593.0,EPSG:5179,2021
3107065,경기도 평택시 비전2동,966188.0,1888071.0,EPSG:5179,2021
3107066,경기도 평택시 용이동,967987.0,1889234.0,EPSG:5179,2021
3107067,경기도 평택시 비전1동,966526.0,1890792.0,EPSG:5179,2021
3107068,경기도 평택시 동삭동,964257.0,1891010.0,EPSG:5179,2021
3107069,경기도 평택시 고덕동,959030.0,1894031.0,EPSG:5179,2021
3108051,경기도 동두천시 생연1동,961925.0,1989983.0,EPSG:5179,2021
3108052,경기도 동두천시 생연2동,960547.0,1989004.0,EPSG:5179,2021
3108053,경기도 동두천시 중앙동,960837.0,1989925.0,EPSG:5179,2021
3108055,경기도 동두천시 보산동,963842.0,1991791.0,EPSG:5179,2021
3108056,경기도 동두천시 불현동,965592.0,1988153.0,EPSG:5179,2021
3108058,경기도 동두천시 소요동,961014.0,1994300.0,EPSG:5179,2021
3108060,경기도 동두천시 상패동,958813.0,1990018.0,EPSG:5179,2021
3108061,경기도 동두천시 송내동,961750.0,1986855.0,EPSG:5179,2021
3109151,경기도 안산시 상록구 일동,944167.0,1923996.0,EPSG:5179,2021
3109154,경기도 안산시 상록구 본오1동,944329.0,1920983.0,EPSG:5179,2021
3109155,경기도 안산시 상록구 본오2동,944163.0,1922032.0,EPSG:5179,2021
3109156,경기도 안산시 상록구 본오3동,943936.0,1922645.0,EPSG:5179,2021
3109157,경기도 안산시 상록구 부곡동,944131.0,1926377.0,EPSG:5179,2021
3109158,경기도 안산시 상록구 월피동,942222.0,1927489.0,EPSG:5179,2021
3109162,경기도 안산시 상록구 성포동,942316.0,1924963.0,EPSG:5179,2021
3109171,경기도 안산시 상록구 반월동,947374.0,1922857.0,EPSG:5179,2021
3109173,경기도 안산시 상록구 안산동,944797.0,1929004.0,EPSG:5179,2021
3109174,경기도 안산시 상록구 이동,942880.0,1923809.0,EPSG:5179,2021
3109176,경기도 안산시 상록구 사동,942463.0,1922458.0,EPSG:5179,2021
3109177,경기도 안산시 상록구 사이동,941929.0,1920801.0,EPSG:5179,2021
3109178,경기도 안산시 상록구 해양동,940788.0,1921755.0,EPSG:5179,2021
3109259,경기도 안산시 단원구 와동,940367.0,1926962.0,EPSG:5179,2021
3109266,경기도 안산시 단원구 초지동,935654.0,1923713.0,EPSG:5179,2021
3109268,경기도 안산시 단원구 선부1동,938705.0,1926125.0,EPSG:5179,2021
3109269,경기도 안산시 단원구 선부2동,938089.0,1927585.0,EPSG:5179,2021
3109270,경기도 안산시 단원구 선부3동,940013.0,1928563.0,EPSG:5179,2021
3109272,경기도 안산시 단원구 대부동,920291.0,1917121.0,EPSG:5179,2021
3109273,경기도 안산시 단원구 호수동,940735.0,1923699.0,EPSG:5179,2021
3109274,경기도 안산시 단원구 고잔동,940059.0,1925303.0,EPSG:5179,2021
3109275,경기도 안산시 단원구 중앙동,941164.0,1925366.0,EPSG:5179,2021
3109276,경기도 안산시 단원구 원곡동,937257.0,1926044.0,EPSG:5179,2021
3109277,경기도 안산시 단원구 신길동,935260.0,1926050.0,EPSG:5179,2021
3109278,경기도 안산시 단원구 백운동,937914.0,1925233.0,EPSG:5179,2021
3110151,경기도 고양시 덕양구 주교동,940704.0,1962668.0,EPSG:5179,2021
3110152,경기도 고양시 덕양구 원신동,943976.0,1963733.0,EPSG:5179,2021
3110153,경기도 고양시 덕양구 흥도동,943789.0,1959863.0,EPSG:5179,2021
3110154,경기도 고양시 덕양구 성사1동,942255.0,1962448.0,EPSG:5179,2021
3110155,경기도 고양시 덕양구 성사2동,941787.0,1961683.0,EPSG:5179,2021
3110156,경기도 고양시 덕양구 효자동,952250.0,1962734.0,EPSG:5179,2021
3110158,경기도 고양시 덕양구 창릉동,946369.0,1959256.0,EPSG:5179,2021
3110159,경기도 고양시 덕양구 고양동,947487.0,1967896.0,EPSG:5179,2021
3110160,경기도 고양시 덕양구 관산동,943926.0,1967976.0,EPSG:5179,2021
3110161,경기도 고양시 덕양구 능곡동,938217.0,1958924.0,EPSG:5179,2021
3110162,경기도 고양시 덕양구 화정1동,941151.0,1960480.0,EPSG:5179,2021
3110163,경기도 고양시 덕양구 화정2동,941473.0,1959548.0,EPSG:5179,2021
3110164,경기도 고양시 덕양구 행주동,939958.0,1956675.0,EPSG:5179,2021
3110165,경기도 고양시 덕양구 행신1동,941225.0,1958348.0,EPSG:5179,2021
3110166,경기도 고양시 덕양구 행신2동,941963.0,1956636.0,EPSG:5179,2021
3110167,경기도 고양시 덕양구 화전동,945602.0,1956194.0,EPSG:5179,2021
3110168,경기도 고양시 덕양구 대덕동,943161.0,1954663.0,EPSG:5179,2021
3110169,경기도 고양시 덕양구 행신3동,942396.0,1958186.0,EPSG:5179,2021
3110170,경기도 고양시 덕양구 삼송동,947488.0,1962654.0,EPSG:5179,2021
3110351,경기도 고양시 일산동구 식사동,939697.0,1964601.0,EPSG:5179,2021
3110352,경기도 고양시 일산동구 중산동,936940.0,1965402.0,EPSG:5179,2021
3110353,경기도 고양시 일산동구 정발산동,936333.0,1963842.0,EPSG:5179,2021
3110354,경기도 고양시 일산동구 풍산동,938374.0,1962765.0,EPSG:5179,2021
3110355,경기도 고양시 일산동구 백석1동,937587.0,1961116.0,EPSG:5179,2021
3110356,경기도 고양시 일산동구 마두1동,936830.0,1962754.0,EPSG:5179,2021
3110357,경기도 고양시 일산동구 마두2동,936677.0,1961887.0,EPSG:5179,2021
3110358,경기도 고양시 일산동구 장항1동,934807.0,1960717.0,EPSG:5179,2021
3110359,경기도 고양시 일산동구 장항2동,935510.0,1962057.0,EPSG:5179,2021
3110360,경기도 고양시 일산동구 고봉동,939507.0,1967683.0,EPSG:5179,2021
3110361,경기도 고양시 일산동구 백석2동,936868.0,1960646.0,EPSG:5179,2021
3110451,경기도 고양시 일산서구 일산1동,935308.0,1965621.0,EPSG:5179,2021
3110452,경기도 고양시 일산서구 일산2동,935946.0,1965372.0,EPSG:5179,2021
3110453,경기도 고양시 일산서구 일산3동,935432.0,1964807.0,EPSG:5179,2021
3110454,경기도 고양시 일산서구 탄현동,935542.0,1966717.0,EPSG:5179,2021
3110455,경기도 고양시 일산서구 주엽1동,935138.0,1963602.0,EPSG:5179,2021
3110456,경기도 고양시 일산서구 주엽2동,934498.0,1963955.0,EPSG:5179,2021
3110457,경기도 고양시 일산서구 대화동,933711.0,1964377.0,EPSG:5179,2021
3110458,경기도 고양시 일산서구 송포동,931445.0,1963340.0,EPSG:5179,2021
3110459,경기도 고양시 일산서구 송산동,930560.0,1965772.0,EPSG:5179,2021
3111051,경기도 과천시 중앙동,953938.0,1937550.0,EPSG:5179,2021
3111052,경기도 과천시 갈현동,954003.0,1935338.0,EPSG:5179,2021
3111053,경기도 과천시 별양동,955268.0,1936611.0,EPSG:5179,2021
3111054,경기도 과천시 부림동,955663.0,1937436.0,EPSG:5179,2021
3111055,경기도 과천시 과천동,956560.0,1939186.0,EPSG:5179,2021
3111056,경기도 과천시 문원동,957413.0,1936283.0,EPSG:5179,2021
3112051,경기도 구리시 갈매동,966305.0,1959193.0,EPSG:5179,2021
3112052,경기도 구리시 동구동,967943.0,1958413.0,EPSG:5179,2021
3112053,경기도 구리시 인창동,967137.0,1956752.0,EPSG:5179,2021
3112054,경기도 구리시 교문1동,966284.0,1953470.0,EPSG:5179,2021
3112055,경기도 구리시 교문2동,967677.0,1954122.0,EPSG:5179,2021
3112056,경기도 구리시 수택1동,969056.0,1955432.0,EPSG:5179,2021
3112057,경기도 구리시 수택2동,968526.0,1955130.0,EPSG:5179,2021
3112058,경기도 구리시 수택3동,968999.0,1953538.0,EPSG:5179,2021
3113011,경기도 남양주시 와부읍,977673.0,1954979.0,EPSG:5179,2021
3113012,경기도 남양주시 진접읍,973006.0,1969589.0,EPSG:5179,2021
3113013,경기도 남양주시 화도읍,983766.0,1961493.0,EPSG:5179,2021
3113014,경기도 남양주시 진건읍,972218.0,1962096.0,EPSG:5179,2021
3113015,경기도 남양주시 오남읍,976317.0,1966064.0,EPSG:5179,2021
3113016,경기도 남양주시 퇴계원읍,968519.0,1961618.0,EPSG:5179,2021
3113031,경기도 남양주시 별내면,967061.0,1967886.0,EPSG:5179,2021
3113034,경기도 남양주시 수동면,982735.0,1969644.0,EPSG:5179,2021
3113035,경기도 남양주시 조안면,982256.0,1951963.0,EPSG:5179,2021
3113051,경기도 남양주시 호평동,977906.0,1962737.0,EPSG:5179,2021
3113052,경기도 남양주시 평내동,976630.0,1960799.0,EPSG:5179,2021
3113053,경기도 남양주시 금곡동,974600.0,1959209.0,EPSG:5179,2021
3113054,경기도 남양주시 양정동,972783.0,1956879.0,EPSG:5179,2021
3113057,경기도 남양주시 별내동,965992.0,1963051.0,EPSG:5179,2021
3113058,경기도 남양주시 다산1동,969690.0,1957757.0,EPSG:5179,2021
3113059,경기도 남양주시 다산2동,970947.0,1955393.0,EPSG:5179,2021
3114051,경기도 오산시 중앙동,963050.0,1906186.0,EPSG:5179,2021
3114052,경기도 오산시 대원동,962736.0,1904467.0,EPSG:5179,2021
3114053,경기도 오산시 남촌동,959975.0,1906887.0,EPSG:5179,2021
3114054,경기도 오산시 신장동,960792.0,1908330.0,EPSG:5179,2021
3114055,경기도 오산시 세마동,958244.0,1909596.0,EPSG:5179,2021
3114056,경기도 오산시 초평동,959653.0,1904992.0,EPSG:5179,2021
3115051,경기도 시흥시 대야동,938090.0,1939545.0,EPSG:5179,2021
3115052,경기도 시흥시 신천동,936323.0,1937966.0,EPSG:5179,2021
3115053,경기도 시흥시 신현동,935830.0,1935103.0,EPSG:5179,2021
3115054,경기도 시흥시 은행동,938786.0,1937167.0,EPSG:5179,2021
3115055,경기도 시흥시 매화동,940160.0,1934347.0,EPSG:5179,2021
3115056,경기도 시흥시 목감동,942729.0,1931437.0,EPSG:5179,2021
3115059,경기도 시흥시 과림동,941158.0,1937242.0,EPSG:5179,2021
3115061,경기도 시흥시 정왕2동,929978.0,1925937.0,EPSG:5179,2021
3115062,경기도 시흥시 정왕3동,929708.0,1927676.0,EPSG:5179,2021
3115064,경기도 시흥시 정왕본동,933774.0,1929037.0,EPSG:5179,2021
3115065,경기도 시흥시 정왕1동,932200.0,1926253.0,EPSG:5179,2021
3115067,경기도 시흥시 능곡동,938789.0,1929769.0,EPSG:5179,2021
3115068,경기도 시흥시 군자동,936232.0,1928871.0,EPSG:5179,2021
3115069,경기도 시흥시 월곶동,934343.0,1931902.0,EPSG:5179,2021
3115070,경기도 시흥시 연성동,938528.0,1932391.0,EPSG:5179,2021
3115071,경기도 시흥시 장곡동,936570.0,1931755.0,EPSG:5179,2021
3115072,경기도 시흥시 정왕4동,931927.0,1929760.0,EPSG:5179,2021
3115074,경기도 시흥시 배곧1동,931867.0,1931136.0,EPSG:5179,2021
3115075,경기도 시흥시 배곧2동,930617.0,1929648.0,EPSG:5179,2021
3116051,경기도 군포시 군포1동,951481.0,1928454.0,EPSG:5179,2021
3116052,경기도 군포시 군포2동,950142.0,1926329.0,EPSG:5179,2021
3116054,경기도 군포시 산본1동,950400.0,1930569.0,EPSG:5179,2021
3116055,경기도 군포시 산본2동,949702.0,1930476.0,EPSG:5179,2021
3116056,경기도 군포시 금정동,950884.0,1929815.0,EPSG:5179,2021
3116057,경기도 군포시 재궁동,950176.0,1928987.0,EPSG:5179,2021
3116058,경기도 군포시 오금동,949452.0,1927926.0,EPSG:5179,2021
3116059,경기도 군포시 수리동,948333.0,1928232.0,EPSG:5179,2021
3116060,경기도 군포시 궁내동,948379.0,1929671.0,EPSG:5179,2021
3116061,경기도 군포시 광정동,949355.0,1930014.0,EPSG:5179,2021
3116063,경기도 군포시 대야동,946846.0,1926416.0,EPSG:5179,2021
3116064,경기도 군포시 송부동,949428.0,1924872.0,EPSG:5179,2021
3117051,경기도 의왕시 고천동,954486.0,1927238.0,EPSG:5179,2021
3117052,경기도 의왕시 부곡동,951511.0,1924655.0,EPSG:5179,2021
3117053,경기도 의왕시 오전동,954295.0,1929033.0,EPSG:5179,2021
3117054,경기도 의왕시 내손1동,953714.0,1930990.0,EPSG:5179,2021
3117055,경기도 의왕시 내손2동,954192.0,1932017.0,EPSG:5179,2021
3117056,경기도 의왕시 청계동,956756.0,1932232.0,EPSG:5179,2021
3118051,경기도 하남시 천현동,976874.0,1945918.0,EPSG:5179,2021
3118052,경기도 하남시 신장1동,974142.0,1948994.0,EPSG:5179,2021
3118053,경기도 하남시 신장2동,975108.0,1949981.0,EPSG:5179,2021
3118054,경기도 하남시 덕풍1동,973334.0,1948571.0,EPSG:5179,2021
3118055,경기도 하남시 덕풍2동,973436.0,1949173.0,EPSG:5179,2021
3118056,경기도 하남시 덕풍3동,973910.0,1950251.0,EPSG:5179,2021
3118059,경기도 하남시 춘궁동,972981.0,1945291.0,EPSG:5179,2021
3118060,경기도 하남시 초이동,971159.0,1948369.0,EPSG:5179,2021
3118061,경기도 하남시 풍산동,972615.0,1950145.0,EPSG:5179,2021
3118062,경기도 하남시 미사1동,973903.0,1952084.0,EPSG:5179,2021
3118063,경기도 하남시 미사2동,972430.0,1953435.0,EPSG:5179,2021
3118065,경기도 하남시 위례동,969855.0,1943239.0,EPSG:5179,2021
3118066,경기도 하남시 감북동,970206.0,1946675.0,EPSG:5179,2021
3118067,경기도 하남시 감일동,970111.0,1944915.0,EPSG:5179,2021
3119111,경기도 용인시 처인구 포곡읍,974975.0,1921323.0,EPSG:5179,2021
3119112,경기도 용인시 처인구 모현읍,975033.0,1925308.0,EPSG:5179,2021
3119113,경기도 용인시 처인구 이동읍,974359.0,1907358.0,EPSG:5179,2021
3119114,경기도 용인시 처인구 남사읍,969498.0,1903827.0,EPSG:5179,2021
3119134,경기도 용인시 처인구 원삼면,983438.0,1907189.0,EPSG:5179,2021
3119135,경기도 용인시 처인구 백암면,989327.0,1905014.0,EPSG:5179,2021
3119136,경기도 용인시 처인구 양지면,981252.0,1915920.0,EPSG:5179,2021
3119151,경기도 용인시 처인구 중앙동,973436.0,1914065.0,EPSG:5179,2021
3119153,경기도 용인시 처인구 유림동,974502.0,1917221.0,EPSG:5179,2021
3119154,경기도 용인시 처인구 동부동,977958.0,1911693.0,EPSG:5179,2021
3119155,경기도 용인시 처인구 역북동,972173.0,1915856.0,EPSG:5179,2021
3119156,경기도 용인시 처인구 삼가동,970330.0,1915745.0,EPSG:5179,2021
3119252,경기도 용인시 기흥구 구갈동,966576.0,1919907.0,EPSG:5179,2021
3119254,경기도 용인시 기흥구 기흥동,965773.0,1914743.0,EPSG:5179,2021
3119255,경기도 용인시 기흥구 서농동,962677.0,1914947.0,EPSG:5179,2021
3119256,경기도 용인시 기흥구 구성동,968212.0,1921886.0,EPSG:5179,2021
3119257,경기도 용인시 기흥구 마북동,967004.0,1923141.0,EPSG:5179,2021
3119259,경기도 용인시 기흥구 보정동,965194.0,1923441.0,EPSG:5179,2021
3119260,경기도 용인시 기흥구 상하동,968400.0,1918138.0,EPSG:5179,2021
3119261,경기도 용인시 기흥구 신갈동,964659.0,1920523.0,EPSG:5179,2021
3119263,경기도 용인시 기흥구 영덕1동,962770.0,1919633.0,EPSG:5179,2021
3119264,경기도 용인시 기흥구 영덕2동,963754.0,1917216.0,EPSG:5179,2021
3119265,경기도 용인시 기흥구 상갈동,965524.0,1918583.0,EPSG:5179,2021
3119266,경기도 용인시 기흥구 보라동,967268.0,1916290.0,EPSG:5179,2021
3119267,경기도 용인시 기흥구 동백1동,970249.0,1920814.0,EPSG:5179,2021
3119268,경기도 용인시 기흥구 동백2동,970023.0,1918707.0,EPSG:5179,2021
3119269,경기도 용인시 기흥구 동백3동,968731.0,1919861.0,EPSG:5179,2021
3119351,경기도 용인시 수지구 풍덕천1동,964097.0,1925514.0,EPSG:5179,2021
3119352,경기도 용인시 수지구 풍덕천2동,963634.0,1924620.0,EPSG:5179,2021
3119353,경기도 용인시 수지구 신봉동,960801.0,1926019.0,EPSG:5179,2021
3119355,경기도 용인시 수지구 죽전2동,965235.0,1925770.0,EPSG:5179,2021
3119356,경기도 용인시 수지구 동천동,960804.0,1927999.0,EPSG:5179,2021
3119358,경기도 용인시 수지구 상현2동,963457.0,1923026.0,EPSG:5179,2021
3119359,경기도 용인시 수지구 성복동,961065.0,1924561.0,EPSG:5179,2021
3119360,경기도 용인시 수지구 죽전1동,967173.0,1926065.0,EPSG:5179,2021
3119361,경기도 용인시 수지구 죽전3동,966780.0,1925198.0,EPSG:5179,2021
3119362,경기도 용인시 수지구 상현1동,962762.0,1923143.0,EPSG:5179,2021
3119363,경기도 용인시 수지구 상현3동,961847.0,1922672.0,EPSG:5179,2021
3120011,경기도 파주시 문산읍,936718.0,1986298.0,EPSG:5179,2021
3120012,경기도 파주시 파주읍,939716.0,1981196.0,EPSG:5179,2021
3120013,경기도 파주시 법원읍,946611.0,1985424.0,EPSG:5179,2021
3120015,경기도 파주시 조리읍,940369.0,1972564.0,EPSG:5179,2021
3120031,경기도 파주시 월롱면,937389.0,1977754.0,EPSG:5179,2021
3120032,경기도 파주시 탄현면,930080.0,1978363.0,EPSG:5179,2021
3120035,경기도 파주시 광탄면,945664.0,1975391.0,EPSG:5179,2021
3120036,경기도 파주시 파평면,942983.0,1990684.0,EPSG:5179,2021
3120037,경기도 파주시 적성면,950022.0,1995529.0,EPSG:5179,2021
3120039,경기도 파주시 장단면,933363.0,1991542.0,EPSG:5179,2021
3120052,경기도 파주시 금촌2동,936283.0,1972703.0,EPSG:5179,2021
3120053,경기도 파주시 금촌1동,936792.0,1973703.0,EPSG:5179,2021
3120054,경기도 파주시 금촌3동,933805.0,1975848.0,EPSG:5179,2021
3120055,경기도 파주시 교하동,930538.0,1970413.0,EPSG:5179,2021
3120056,경기도 파주시 운정1동,935520.0,1970337.0,EPSG:5179,2021
3120057,경기도 파주시 운정2동,933053.0,1969957.0,EPSG:5179,2021
3120058,경기도 파주시 운정3동,934202.0,1968295.0,EPSG:5179,2021
3121011,경기도 이천시 장호원읍,1008564.0,1903994.0,EPSG:5179,2021
3121012,경기도 이천시 부발읍,1000619.0,1919364.0,EPSG:5179,2021
3121031,경기도 이천시 신둔면,992057.0,1923855.0,EPSG:5179,2021
3121032,경기도 이천시 백사면,998458.0,1925176.0,EPSG:5179,2021
3121033,경기도 이천시 호법면,992192.0,1912932.0,EPSG:5179,2021
3121034,경기도 이천시 마장면,988546.0,1916752.0,EPSG:5179,2021
3121035,경기도 이천시 대월면,999799.0,1912675.0,EPSG:5179,2021
3121036,경기도 이천시 모가면,996163.0,1907990.0,EPSG:5179,2021
3121037,경기도 이천시 설성면,1002052.0,1904545.0,EPSG:5179,2021
3121038,경기도 이천시 율면,1004177.0,1897446.0,EPSG:5179,2021
3121051,경기도 이천시 창전동,995161.0,1920514.0,EPSG:5179,2021
3121052,경기도 이천시 중리동,996427.0,1916010.0,EPSG:5179,2021
3121053,경기도 이천시 관고동,993059.0,1920967.0,EPSG:5179,2021
3121054,경기도 이천시 증포동,995964.0,1921195.0,EPSG:5179,2021
3122011,경기도 안성시 공도읍,970981.0,1888547.0,EPSG:5179,2021
3122031,경기도 안성시 보개면,983450.0,1895302.0,EPSG:5179,2021
3122032,경기도 안성시 금광면,986145.0,1887031.0,EPSG:5179,2021
3122033,경기도 안성시 서운면,979271.0,1882054.0,EPSG:5179,2021
3122034,경기도 안성시 미양면,975366.0,1885709.0,EPSG:5179,2021
3122035,경기도 안성시 대덕면,976750.0,1892922.0,EPSG:5179,2021
3122036,경기도 안성시 양성면,974609.0,1898179.0,EPSG:5179,2021
3122038,경기도 안성시 원곡면,968620.0,1895321.0,EPSG:5179,2021
3122039,경기도 안성시 일죽면,997233.0,1899958.0,EPSG:5179,2021
3122040,경기도 안성시 죽산면,993051.0,1894465.0,EPSG:5179,2021
3122041,경기도 안성시 삼죽면,988142.0,1896601.0,EPSG:5179,2021
3122042,경기도 안성시 고삼면,979693.0,1899340.0,EPSG:5179,2021
3122051,경기도 안성시 안성1동,980510.0,1889549.0,EPSG:5179,2021
3122052,경기도 안성시 안성2동,979280.0,1888204.0,EPSG:5179,2021
3122053,경기도 안성시 안성3동,979605.0,1892057.0,EPSG:5179,2021
3123011,경기도 김포시 통진읍,920614.0,1966652.0,EPSG:5179,2021
3123012,경기도 김포시 고촌읍,934928.0,1956600.0,EPSG:5179,2021
3123013,경기도 김포시 양촌읍,924447.0,1963140.0,EPSG:5179,2021
3123034,경기도 김포시 대곶면,918176.0,1961087.0,EPSG:5179,2021
3123035,경기도 김포시 월곶면,916669.0,1971174.0,EPSG:5179,2021
3123036,경기도 김포시 하성면,924336.0,1971128.0,EPSG:5179,2021
3123053,경기도 김포시 사우동,931692.0,1958109.0,EPSG:5179,2021
3123054,경기도 김포시 풍무동,931357.0,1956585.0,EPSG:5179,2021
3123056,경기도 김포시 장기동,927552.0,1960054.0,EPSG:5179,2021
3123060,경기도 김포시 운양동,928148.0,1962155.0,EPSG:5179,2021
3123061,경기도 김포시 김포본동,930395.0,1959803.0,EPSG:5179,2021
3123062,경기도 김포시 장기본동,926198.0,1961263.0,EPSG:5179,2021
3123063,경기도 김포시 구래동,923010.0,1960994.0,EPSG:5179,2021
3123064,경기도 김포시 마산동,924265.0,1960319.0,EPSG:5179,2021
3124012,경기도 화성시 봉담읍,950235.0,1911827.0,EPSG:5179,2021
3124013,경기도 화성시 우정읍,936645.0,1898544.0,EPSG:5179,2021
3124014,경기도 화성시 향남읍,949084.0,1901917.0,EPSG:5179,2021
3124015,경기도 화성시 남양읍,939819.0,1912354.0,EPSG:5179,2021
3124031,경기도 화성시 매송면,947372.0,1918467.0,EPSG:5179,2021
3124033,경기도 화성시 비봉면,944264.0,1914982.0,EPSG:5179,2021
3124035,경기도 화성시 마도면,934578.0,1910649.0,EPSG:5179,2021
3124036,경기도 화성시 송산면,929802.0,1914710.0,EPSG:5179,2021
3124037,경기도 화성시 서신면,929281.0,1907103.0,EPSG:5179,2021
3124038,경기도 화성시 팔탄면,945129.0,1906281.0,EPSG:5179,2021
3124039,경기도 화성시 장안면,941417.0,1897458.0,EPSG:5179,2021
3124042,경기도 화성시 양감면,952002.0,1898996.0,EPSG:5179,2021
3124043,경기도 화성시 정남면,954366.0,1907139.0,EPSG:5179,2021
3124052,경기도 화성시 진안동,959034.0,1914109.0,EPSG:5179,2021
3124053,경기도 화성시 병점1동,958731.0,1911718.0,EPSG:5179,2021
3124054,경기도 화성시 병점2동,959622.0,1912497.0,EPSG:5179,2021
3124055,경기도 화성시 반월동,961025.0,1914310.0,EPSG:5179,2021
3124056,경기도 화성시 기배동,954627.0,1914028.0,EPSG:5179,2021
3124057,경기도 화성시 화산동,956098.0,1912215.0,EPSG:5179,2021
3124060,경기도 화성시 동탄2동,962247.0,1910484.0,EPSG:5179,2021
3124061,경기도 화성시 동탄1동,962195.0,1912463.0,EPSG:5179,2021
3124062,경기도 화성시 동탄3동,960558.0,1912187.0,EPSG:5179,2021
3124064,경기도 화성시 동탄4동,965543.0,1910828.0,EPSG:5179,2021
3124065,경기도 화성시 동탄5동,966583.0,1912347.0,EPSG:5179,2021
3124067,경기도 화성시 새솔동,939663.0,1920591.0,EPSG:5179,2021
3124069,경기도 화성시 동탄7동,967190.0,1909045.0,EPSG:5179,2021
3124070,경기도 화성시 동탄6동,963475.0,1909322.0,EPSG:5179,2021
3124071,경기도 화성시 동탄8동,965529.0,1906319.0,EPSG:5179,2021
3125011,경기도 광주시 오포읍,974511.0,1929217.0,EPSG:5179,2021
3125012,경기도 광주시 초월읍,983292.0,1933101.0,EPSG:5179,2021
3125014,경기도 광주시 곤지암읍,989587.0,1929429.0,EPSG:5179,2021
3125034,경기도 광주시 도척면,983648.0,1923248.0,EPSG:5179,2021
3125035,경기도 광주시 퇴촌면,985848.0,1939439.0,EPSG:5179,2021
3125036,경기도 광주시 남종면,984147.0,1944856.0,EPSG:5179,2021
3125038,경기도 광주시 남한산성면,976493.0,1940065.0,EPSG:5179,2021
3125054,경기도 광주시 경안동,978112.0,1934057.0,EPSG:5179,2021
3125055,경기도 광주시 송정동,978988.0,1936236.0,EPSG:5179,2021
3125056,경기도 광주시 쌍령동,979729.0,1933720.0,EPSG:5179,2021
3125057,경기도 광주시 탄벌동,975835.0,1936906.0,EPSG:5179,2021
3125058,경기도 광주시 광남1동,973904.0,1933280.0,EPSG:5179,2021
3125059,경기도 광주시 광남2동,975887.0,1931695.0,EPSG:5179,2021
3126011,경기도 양주시 백석읍,953998.0,1976711.0,EPSG:5179,2021
3126031,경기도 양주시 은현면,958125.0,1985592.0,EPSG:5179,2021
3126032,경기도 양주시 남면,954264.0,1988596.0,EPSG:5179,2021
3126033,경기도 양주시 광적면,951856.0,1981289.0,EPSG:5179,2021
3126034,경기도 양주시 장흥면,952714.0,1968768.0,EPSG:5179,2021
3126051,경기도 양주시 양주1동,959008.0,1976320.0,EPSG:5179,2021
3126052,경기도 양주시 양주2동,963635.0,1977065.0,EPSG:5179,2021
3126053,경기도 양주시 회천1동,962614.0,1984202.0,EPSG:5179,2021
3126054,경기도 양주시 회천2동,960170.0,1980709.0,EPSG:5179,2021
3126055,경기도 양주시 회천3동,961945.0,1980770.0,EPSG:5179,2021
3126056,경기도 양주시 회천4동,964612.0,1981476.0,EPSG:5179,2021
3127011,경기도 포천시 소흘읍,969107.0,1977237.0,EPSG:5179,2021
3127031,경기도 포천시 군내면,976210.0,1986415.0,EPSG:5179,2021
3127032,경기도 포천시 내촌면,976700.0,1977575.0,EPSG:5179,2021
3127033,경기도 포천시 가산면,973686.0,1981605.0,EPSG:5179,2021
3127034,경기도 포천시 신북면,971115.0,1993937.0,EPSG:5179,2021
3127035,경기도 포천시 창수면,971653.0,2002582.0,EPSG:5179,2021
3127036,경기도 포천시 영중면,978231.0,2000316.0,EPSG:5179,2021
3127037,경기도 포천시 일동면,984571.0,1996053.0,EPSG:5179,2021
3127038,경기도 포천시 이동면,989947.0,2005766.0,EPSG:5179,2021
3127039,경기도 포천시 영북면,981131.0,2008208.0,EPSG:5179,2021
3127040,경기도 포천시 관인면,975914.0,2014365.0,EPSG:5179,2021
3127041,경기도 포천시 화현면,981116.0,1988706.0,EPSG:5179,2021
3127051,경기도 포천시 포천동,972034.0,1988321.0,EPSG:5179,2021
3127052,경기도 포천시 선단동,968934.0,1984679.0,EPSG:5179,2021
3128011,경기도 여주시 가남읍,1007118.0,1912254.0,EPSG:5179,2021
3128031,경기도 여주시 점동면,1016332.0,1910275.0,EPSG:5179,2021
3128033,경기도 여주시 흥천면,1002954.0,1927379.0,EPSG:5179,2021
3128034,경기도 여주시 금사면,999795.0,1933051.0,EPSG:5179,2021
3128035,경기도 여주시 산북면,994866.0,1934452.0,EPSG:5179,2021
3128036,경기도 여주시 대신면,1009076.0,1930953.0,EPSG:5179,2021
3128037,경기도 여주시 북내면,1016751.0,1928593.0,EPSG:5179,2021
3128038,경기도 여주시 강천면,1020075.0,1921082.0,EPSG:5179,2021
3128039,경기도 여주시 세종대왕면,1006892.0,1921680.0,EPSG:5179,2021
3128051,경기도 여주시 여흥동,1013341.0,1917456.0,EPSG:5179,2021
3128052,경기도 여주시 중앙동,1010474.0,1919535.0,EPSG:5179,2021
3128053,경기도 여주시 오학동,1013214.0,1924183.0,EPSG:5179,2021
3135011,경기도 연천군 연천읍,966212.0,2011189.0,EPSG:5179,2021
3135012,경기도 연천군 전곡읍,959356.0,1999464.0,EPSG:5179,2021
3135031,경기도 연천군 군남면,959472.0,2008394.0,EPSG:5179,2021
3135032,경기도 연천군 청산면,965069.0,2001272.0,EPSG:5179,2021
3135033,경기도 연천군 백학면,947899.0,2004189.0,EPSG:5179,2021
3135034,경기도 연천군 미산면,954103.0,2004162.0,EPSG:5179,2021
3135035,경기도 연천군 왕징면,951178.0,2010925.0,EPSG:5179,2021
3135036,경기도 연천군 신서면,965492.0,2022121.0,EPSG:5179,2021
3135037,경기도 연천군 중면,956734.0,2018599.0,EPSG:5179,2021
3135038,경기도 연천군 장남면,943042.0,1999537.0,EPSG:5179,2021
3137011,경기도 가평군 가평읍,998900.0,1981007.0,EPSG:5179,2021
3137031,경기도 가평군 설악면,999918.0,1961534.0,EPSG:5179,2021
3137032,경기도 가평군 청평면,993771.0,1970619.0,EPSG:5179,2021
3137033,경기도 가평군 상면,985712.0,1976791.0,EPSG:5179,2021
3137035,경기도 가평군 북면,999487.0,1993844.0,EPSG:5179,2021
3137036,경기도 가평군 조종면,988714.0,1985263.0,EPSG:5179,2021
3138011,경기도 양평군 양평읍,1001234.0,1943818.0,EPSG:5179,2021
3138031,경기도 양평군 강상면,997144.0,1940207.0,EPSG:5179,2021
3138032,경기도 양평군 강하면,992194.0,1940991.0,EPSG:5179,2021
3138033,경기도 양평군 양서면,989425.0,1949111.0,EPSG:5179,2021
3138034,경기도 양평군 옥천면,998801.0,1950271.0,EPSG:5179,2021
3138035,경기도 양평군 서종면,991732.0,1956656.0,EPSG:5179,2021
3138036,경기도 양평군 단월면,1011996.0,1953703.0,EPSG:5179,2021
3138037,경기도 양평군 청운면,1022273.0,1949905.0,EPSG:5179,2021
3138038,경기도 양평군 양동면,1021426.0,1938201.0,EPSG:5179,2021
3138039,경기도 양평군 지평면,1013398.0,1938842.0,EPSG:5179,2021
3138040,경기도 양평군 용문면,1007789.0,1946731.0,EPSG:5179,2021
3138041,경기도 양평군 개군면,1004378.0,1937864.0,EPSG:5179,2021
3201011,강원도 춘천시 신북읍,1022281.0,1995607.0,EPSG:5179,2021
3201031,강원도 춘천시 동면,1030304.0,1987753.0,EPSG:5179,2021
3201032,강원도 춘천시 동산면,1024872.0,1974843.0,EPSG:5179,2021
3201033,강원도 춘천시 신동면,1018085.0,1978836.0,EPSG:5179,2021
3201034,강원도 춘천시 동내면,1025016.0,1981962.0,EPSG:5179,2021
3201035,강원도 춘천시 남면,1008623.0,1970985.0,EPSG:5179,2021
3201036,강원도 춘천시 남산면,1010680.0,1975513.0,EPSG:5179,2021
3201037,강원도 춘천시 서면,1012619.0,1988712.0,EPSG:5179,2021
3201038,강원도 춘천시 사북면,1012613.0,2001172.0,EPSG:5179,2021
3201039,강원도 춘천시 북산면,1035949.0,1996680.0,EPSG:5179,2021
3201052,강원도 춘천시 교동,1020818.0,1986999.0,EPSG:5179,2021
3201053,강원도 춘천시 조운동,1020389.0,1986599.0,EPSG:5179,2021
3201054,강원도 춘천시 약사명동,1019768.0,1986308.0,EPSG:5179,2021
3201057,강원도 춘천시 근화동,1018304.0,1987604.0,EPSG:5179,2021
3201058,강원도 춘천시 소양동,1019942.0,1987141.0,EPSG:5179,2021
3201060,강원도 춘천시 후평1동,1021539.0,1987642.0,EPSG:5179,2021
3201061,강원도 춘천시 후평2동,1021847.0,1986266.0,EPSG:5179,2021
3201062,강원도 춘천시 후평3동,1022508.0,1986395.0,EPSG:5179,2021
3201063,강원도 춘천시 효자1동,1020069.0,1985776.0,EPSG:5179,2021
3201064,강원도 춘천시 효자2동,1021065.0,1985490.0,EPSG:5179,2021
3201065,강원도 춘천시 효자3동,1021243.0,1986399.0,EPSG:5179,2021
3201066,강원도 춘천시 석사동,1021557.0,1984326.0,EPSG:5179,2021
3201067,강원도 춘천시 퇴계동,1020375.0,1983824.0,EPSG:5179,2021
3201068,강원도 춘천시 강남동,1017463.0,1984168.0,EPSG:5179,2021
3201071,강원도 춘천시 신사우동,1020208.0,1990915.0,EPSG:5179,2021
3202011,강원도 원주시 문막읍,1028046.0,1921443.0,EPSG:5179,2021
3202031,강원도 원주시 소초면,1045798.0,1934328.0,EPSG:5179,2021
3202032,강원도 원주시 호저면,1036196.0,1937365.0,EPSG:5179,2021
3202033,강원도 원주시 지정면,1029479.0,1931391.0,EPSG:5179,2021
3202034,강원도 원주시 부론면,1025635.0,1911874.0,EPSG:5179,2021
3202035,강원도 원주시 귀래면,1033790.0,1910842.0,EPSG:5179,2021
3202036,강원도 원주시 흥업면,1035165.0,1920838.0,EPSG:5179,2021
3202037,강원도 원주시 판부면,1043405.0,1920364.0,EPSG:5179,2021
3202038,강원도 원주시 신림면,1053833.0,1916899.0,EPSG:5179,2021
3202051,강원도 원주시 중앙동,1039535.0,1929178.0,EPSG:5179,2021
3202052,강원도 원주시 원인동,1039724.0,1927552.0,EPSG:5179,2021
3202053,강원도 원주시 개운동,1040380.0,1926879.0,EPSG:5179,2021
3202054,강원도 원주시 명륜1동,1039579.0,1926769.0,EPSG:5179,2021
3202055,강원도 원주시 명륜2동,1039050.0,1925795.0,EPSG:5179,2021
3202056,강원도 원주시 단구동,1040342.0,1925075.0,EPSG:5179,2021
3202057,강원도 원주시 일산동,1039240.0,1927882.0,EPSG:5179,2021
3202058,강원도 원주시 학성동,1038980.0,1928638.0,EPSG:5179,2021
3202060,강원도 원주시 단계동,1037874.0,1928266.0,EPSG:5179,2021
3202061,강원도 원주시 우산동,1038147.0,1931130.0,EPSG:5179,2021
3202062,강원도 원주시 태장1동,1041041.0,1929583.0,EPSG:5179,2021
3202063,강원도 원주시 태장2동,1039965.0,1932282.0,EPSG:5179,2021
3202064,강원도 원주시 봉산동,1042359.0,1928681.0,EPSG:5179,2021
3202066,강원도 원주시 행구동,1045095.0,1927193.0,EPSG:5179,2021
3202067,강원도 원주시 무실동,1037319.0,1925524.0,EPSG:5179,2021
3202068,강원도 원주시 반곡관설동,1043288.0,1924190.0,EPSG:5179,2021
3203011,강원도 강릉시 주문진읍,1110997.0,1988183.0,EPSG:5179,2021
3203031,강원도 강릉시 성산면,1114815.0,1971004.0,EPSG:5179,2021
3203032,강원도 강릉시 왕산면,1114580.0,1956749.0,EPSG:5179,2021
3203033,강원도 강릉시 구정면,1122086.0,1967449.0,EPSG:5179,2021
3203034,강원도 강릉시 강동면,1129518.0,1965437.0,EPSG:5179,2021
3203035,강원도 강릉시 옥계면,1130795.0,1955805.0,EPSG:5179,2021
3203036,강원도 강릉시 사천면,1118108.0,1980928.0,EPSG:5179,2021
3203037,강원도 강릉시 연곡면,1105129.0,1981604.0,EPSG:5179,2021
3203051,강원도 강릉시 홍제동,1120724.0,1973267.0,EPSG:5179,2021
3203052,강원도 강릉시 중앙동,1122811.0,1973479.0,EPSG:5179,2021
3203054,강원도 강릉시 옥천동,1123457.0,1974126.0,EPSG:5179,2021
3203055,강원도 강릉시 교1동,1121828.0,1974784.0,EPSG:5179,2021
3203056,강원도 강릉시 교2동,1122915.0,1975510.0,EPSG:5179,2021
3203057,강원도 강릉시 포남1동,1124067.0,1974972.0,EPSG:5179,2021
3203058,강원도 강릉시 포남2동,1123924.0,1976314.0,EPSG:5179,2021
3203059,강원도 강릉시 초당동,1124650.0,1977672.0,EPSG:5179,2021
3203060,강원도 강릉시 송정동,1125991.0,1976142.0,EPSG:5179,2021
3203061,강원도 강릉시 내곡동,1121191.0,1971788.0,EPSG:5179,2021
3203062,강원도 강릉시 강남동,1124825.0,1971239.0,EPSG:5179,2021
3203065,강원도 강릉시 성덕동,1126226.0,1973969.0,EPSG:5179,2021
3203067,강원도 강릉시 경포동,1120906.0,1977460.0,EPSG:5179,2021
3204051,강원도 동해시 천곡동,1141287.0,1948319.0,EPSG:5179,2021
3204052,강원도 동해시 송정동,1143700.0,1945619.0,EPSG:5179,2021
3204053,강원도 동해시 북삼동,1140261.0,1944653.0,EPSG:5179,2021
3204054,강원도 동해시 부곡동,1139183.0,1949741.0,EPSG:5179,2021
3204055,강원도 동해시 동호동,1140384.0,1951033.0,EPSG:5179,2021
3204057,강원도 동해시 발한동,1142035.0,1950895.0,EPSG:5179,2021
3204059,강원도 동해시 묵호동,1142423.0,1953390.0,EPSG:5179,2021
3204060,강원도 동해시 북평동,1142945.0,1942629.0,EPSG:5179,2021
3204063,강원도 동해시 망상동,1139215.0,1953551.0,EPSG:5179,2021
3204065,강원도 동해시 삼화동,1134098.0,1944723.0,EPSG:5179,2021
3205051,강원도 태백시 황지동,1132790.0,1908980.0,EPSG:5179,2021
3205052,강원도 태백시 황연동,1135396.0,1908777.0,EPSG:5179,2021
3205053,강원도 태백시 삼수동,1129843.0,1917688.0,EPSG:5179,2021
3205054,강원도 태백시 상장동,1130282.0,1907292.0,EPSG:5179,2021
3205055,강원도 태백시 구문소동,1137119.0,1900518.0,EPSG:5179,2021
3205056,강원도 태백시 장성동,1131710.0,1900582.0,EPSG:5179,2021
3205058,강원도 태백시 철암동,1138473.0,1904081.0,EPSG:5179,2021
3205062,강원도 태백시 문곡소도동,1127548.0,1902941.0,EPSG:5179,2021
3206051,강원도 속초시 영랑동,1092826.0,2024302.0,EPSG:5179,2021
3206052,강원도 속초시 동명동,1095769.0,2024163.0,EPSG:5179,2021
3206054,강원도 속초시 금호동,1094876.0,2023761.0,EPSG:5179,2021
3206056,강원도 속초시 교동,1094736.0,2023162.0,EPSG:5179,2021
3206057,강원도 속초시 노학동,1090523.0,2021750.0,EPSG:5179,2021
3206058,강원도 속초시 조양동,1094597.0,2021015.0,EPSG:5179,2021
3206059,강원도 속초시 청호동,1096047.0,2022164.0,EPSG:5179,2021
3206060,강원도 속초시 대포동,1087678.0,2018671.0,EPSG:5179,2021
3207011,강원도 삼척시 도계읍,1139457.0,1915802.0,EPSG:5179,2021
3207012,강원도 삼척시 원덕읍,1158604.0,1910306.0,EPSG:5179,2021
3207031,강원도 삼척시 근덕면,1153914.0,1925810.0,EPSG:5179,2021
3207032,강원도 삼척시 하장면,1126560.0,1929425.0,EPSG:5179,2021
3207033,강원도 삼척시 노곡면,1147077.0,1922923.0,EPSG:5179,2021
3207034,강원도 삼척시 미로면,1138677.0,1935139.0,EPSG:5179,2021
3207035,강원도 삼척시 가곡면,1148226.0,1904120.0,EPSG:5179,2021
3207036,강원도 삼척시 신기면,1138146.0,1926822.0,EPSG:5179,2021
3207051,강원도 삼척시 남양동,1147303.0,1935919.0,EPSG:5179,2021
3207052,강원도 삼척시 성내동,1143893.0,1938994.0,EPSG:5179,2021
3207053,강원도 삼척시 교동,1146947.0,1941165.0,EPSG:5179,2021
3207054,강원도 삼척시 정라동,1148769.0,1939173.0,EPSG:5179,2021
3231011,강원도 홍천군 홍천읍,1032989.0,1962827.0,EPSG:5179,2021
3231031,강원도 홍천군 화촌면,1042479.0,1974446.0,EPSG:5179,2021
3231032,강원도 홍천군 두촌면,1046776.0,1985839.0,EPSG:5179,2021
3231033,강원도 홍천군 내촌면,1053924.0,1979310.0,EPSG:5179,2021
3231034,강원도 홍천군 서석면,1062721.0,1968484.0,EPSG:5179,2021
3231036,강원도 홍천군 남면,1025213.0,1957252.0,EPSG:5179,2021
3231037,강원도 홍천군 서면,1011904.0,1963091.0,EPSG:5179,2021
3231038,강원도 홍천군 북방면,1027563.0,1970294.0,EPSG:5179,2021
3231039,강원도 홍천군 내면,1079974.0,1977615.0,EPSG:5179,2021
3231040,강원도 홍천군 영귀미면,1043478.0,1962775.0,EPSG:5179,2021
3232011,강원도 횡성군 횡성읍,1043833.0,1943607.0,EPSG:5179,2021
3232031,강원도 횡성군 우천면,1052624.0,1941855.0,EPSG:5179,2021
3232032,강원도 횡성군 안흥면,1060377.0,1936274.0,EPSG:5179,2021
3232033,강원도 횡성군 둔내면,1064947.0,1947386.0,EPSG:5179,2021
3232034,강원도 횡성군 갑천면,1052115.0,1952320.0,EPSG:5179,2021
3232035,강원도 횡성군 청일면,1059356.0,1956641.0,EPSG:5179,2021
3232036,강원도 횡성군 공근면,1040623.0,1952369.0,EPSG:5179,2021
3232037,강원도 횡성군 서원면,1030737.0,1943610.0,EPSG:5179,2021
3232038,강원도 횡성군 강림면,1053800.0,1927994.0,EPSG:5179,2021
3233011,강원도 영월군 영월읍,1089708.0,1911942.0,EPSG:5179,2021
3233012,강원도 영월군 상동읍,1117229.0,1902817.0,EPSG:5179,2021
3233033,강원도 영월군 북면,1082722.0,1919661.0,EPSG:5179,2021
3233034,강원도 영월군 남면,1078509.0,1907794.0,EPSG:5179,2021
3233036,강원도 영월군 주천면,1069371.0,1920519.0,EPSG:5179,2021
3233038,강원도 영월군 김삿갓면,1100885.0,1901129.0,EPSG:5179,2021
3233039,강원도 영월군 한반도면,1074717.0,1914440.0,EPSG:5179,2021
3233040,강원도 영월군 무릉도원면,1063830.0,1926329.0,EPSG:5179,2021
3233041,강원도 영월군 산솔면,1105937.0,1908626.0,EPSG:5179,2021
3234011,강원도 평창군 평창읍,1078930.0,1930666.0,EPSG:5179,2021
3234031,강원도 평창군 미탄면,1090206.0,1927243.0,EPSG:5179,2021
3234032,강원도 평창군 방림면,1073094.0,1939543.0,EPSG:5179,2021
3234033,강원도 평창군 대화면,1083736.0,1944733.0,EPSG:5179,2021
3234034,강원도 평창군 봉평면,1074727.0,1957316.0,EPSG:5179,2021
3234035,강원도 평창군 용평면,1084043.0,1959489.0,EPSG:5179,2021
3234036,강원도 평창군 진부면,1093803.0,1959773.0,EPSG:5179,2021
3234037,강원도 평창군 대관령면,1103624.0,1966022.0,EPSG:5179,2021
3235011,강원도 정선군 정선읍,1099408.0,1931848.0,EPSG:5179,2021
3235012,강원도 정선군 고한읍,1121653.0,1911259.0,EPSG:5179,2021
3235013,강원도 정선군 사북읍,1117358.0,1915828.0,EPSG:5179,2021
3235014,강원도 정선군 신동읍,1101829.0,1916061.0,EPSG:5179,2021
3235032,강원도 정선군 남면,1108970.0,1920859.0,EPSG:5179,2021
3235034,강원도 정선군 북평면,1100337.0,1942767.0,EPSG:5179,2021
3235035,강원도 정선군 임계면,1121448.0,1942463.0,EPSG:5179,2021
3235036,강원도 정선군 화암면,1115862.0,1926396.0,EPSG:5179,2021
3235037,강원도 정선군 여량면,1108697.0,1944330.0,EPSG:5179,2021
3236011,강원도 철원군 철원읍,971260.0,2029544.0,EPSG:5179,2021
3236012,강원도 철원군 김화읍,992128.0,2029806.0,EPSG:5179,2021
3236013,강원도 철원군 갈말읍,985407.0,2027495.0,EPSG:5179,2021
3236014,강원도 철원군 동송읍,978100.0,2026857.0,EPSG:5179,2021
3236021,강원도 철원군 근북면,991397.0,2034785.0,EPSG:5179,2021
3236026,강원도 철원군 근동면,1003514.0,2033697.0,EPSG:5179,2021
3236027,강원도 철원군 원동면,1022003.0,2034402.0,EPSG:5179,2021
3236028,강원도 철원군 원남면,1012641.0,2032639.0,EPSG:5179,2021
3236029,강원도 철원군 임남면,1030815.0,2033230.0,EPSG:5179,2021
3236031,강원도 철원군 서면,993122.0,2019723.0,EPSG:5179,2021
3236032,강원도 철원군 근남면,1000233.0,2024524.0,EPSG:5179,2021
3237011,강원도 화천군 화천읍,1024740.0,2020613.0,EPSG:5179,2021
3237031,강원도 화천군 간동면,1027918.0,2007112.0,EPSG:5179,2021
3237032,강원도 화천군 하남면,1013501.0,2009063.0,EPSG:5179,2021
3237033,강원도 화천군 상서면,1010154.0,2021588.0,EPSG:5179,2021
3237034,강원도 화천군 사내면,1000722.0,2008139.0,EPSG:5179,2021
3238011,강원도 양구군 양구읍,1039705.0,2012766.0,EPSG:5179,2021
3238032,강원도 양구군 동면,1048591.0,2026420.0,EPSG:5179,2021
3238033,강원도 양구군 방산면,1037670.0,2026499.0,EPSG:5179,2021
3238034,강원도 양구군 해안면,1054727.0,2031724.0,EPSG:5179,2021
3238035,강원도 양구군 국토정중앙면,1048233.0,2009381.0,EPSG:5179,2021
3239011,강원도 인제군 인제읍,1065636.0,2007579.0,EPSG:5179,2021
3239031,강원도 인제군 남면,1053281.0,1997401.0,EPSG:5179,2021
3239032,강원도 인제군 북면,1071413.0,2018752.0,EPSG:5179,2021
3239033,강원도 인제군 기린면,1078114.0,1996410.0,EPSG:5179,2021
3239034,강원도 인제군 서화면,1063286.0,2030968.0,EPSG:5179,2021
3239035,강원도 인제군 상남면,1067429.0,1987397.0,EPSG:5179,2021
3240011,강원도 고성군 간성읍,1077950.0,2037309.0,EPSG:5179,2021
3240012,강원도 고성군 거진읍,1079286.0,2048180.0,EPSG:5179,2021
3240026,강원도 고성군 수동면,1070493.0,2048982.0,EPSG:5179,2021
3240031,강원도 고성군 현내면,1076479.0,2059494.0,EPSG:5179,2021
3240032,강원도 고성군 죽왕면,1086419.0,2037049.0,EPSG:5179,2021
3240033,강원도 고성군 토성면,1086870.0,2028159.0,EPSG:5179,2021
3241011,강원도 양양군 양양읍,1096555.0,2010731.0,EPSG:5179,2021
3241031,강원도 양양군 서면,1092986.0,2001709.0,EPSG:5179,2021
3241032,강원도 양양군 손양면,1101137.0,2005899.0,EPSG:5179,2021
3241033,강원도 양양군 현북면,1101130.0,1996232.0,EPSG:5179,2021
3241034,강원도 양양군 현남면,1108895.0,1993850.0,EPSG:5179,2021
3241035,강원도 양양군 강현면,1092962.0,2014871.0,EPSG:5179,2021
3302011,충청북도 충주시 주덕읍,1025186.0,1887568.0,EPSG:5179,2021
3302031,충청북도 충주시 살미면,1044157.0,1879494.0,EPSG:5179,2021
3302032,충청북도 충주시 수안보면,1046919.0,1871907.0,EPSG:5179,2021
3302034,충청북도 충주시 신니면,1018709.0,1888952.0,EPSG:5179,2021
3302035,충청북도 충주시 노은면,1022270.0,1894878.0,EPSG:5179,2021
3302036,충청북도 충주시 앙성면,1022637.0,1902648.0,EPSG:5179,2021
3302038,충청북도 충주시 금가면,1035167.0,1892625.0,EPSG:5179,2021
3302039,충청북도 충주시 동량면,1046316.0,1890865.0,EPSG:5179,2021
3302040,충청북도 충주시 산척면,1044871.0,1898465.0,EPSG:5179,2021
3302041,충청북도 충주시 엄정면,1037792.0,1902270.0,EPSG:5179,2021
3302042,충청북도 충주시 소태면,1031433.0,1902680.0,EPSG:5179,2021
3302043,충청북도 충주시 대소원면,1031364.0,1883513.0,EPSG:5179,2021
3302044,충청북도 충주시 중앙탑면,1030524.0,1893230.0,EPSG:5179,2021
3302051,충청북도 충주시 성내·충인동,1038594.0,1885971.0,EPSG:5179,2021
3302053,충청북도 충주시 교현·안림동,1042763.0,1886525.0,EPSG:5179,2021
3302054,충청북도 충주시 교현2동,1038191.0,1886863.0,EPSG:5179,2021
3302055,충청북도 충주시 용산동,1039664.0,1884853.0,EPSG:5179,2021
3302056,충청북도 충주시 지현동,1038465.0,1885041.0,EPSG:5179,2021
3302057,충청북도 충주시 문화동,1037661.0,1885772.0,EPSG:5179,2021
3302058,충청북도 충주시 호암·직동,1040056.0,1883270.0,EPSG:5179,2021
3302060,충청북도 충주시 달천동,1035640.0,1882890.0,EPSG:5179,2021
3302061,충청북도 충주시 봉방동,1036016.0,1886456.0,EPSG:5179,2021
3302062,충청북도 충주시 칠금·금릉동,1036851.0,1888050.0,EPSG:5179,2021
3302063,충청북도 충주시 연수동,1039565.0,1888096.0,EPSG:5179,2021
3302064,충청북도 충주시 목행·용탄동,1039701.0,1890113.0,EPSG:5179,2021
3303011,충청북도 제천시 봉양읍,1054656.0,1905704.0,EPSG:5179,2021
3303031,충청북도 제천시 금성면,1060839.0,1896315.0,EPSG:5179,2021
3303032,충청북도 제천시 청풍면,1057346.0,1890285.0,EPSG:5179,2021
3303033,충청북도 제천시 수산면,1063088.0,1883615.0,EPSG:5179,2021
3303034,충청북도 제천시 덕산면,1059245.0,1875451.0,EPSG:5179,2021
3303035,충청북도 제천시 한수면,1051528.0,1878450.0,EPSG:5179,2021
3303036,충청북도 제천시 백운면,1044007.0,1909200.0,EPSG:5179,2021
3303037,충청북도 제천시 송학면,1066041.0,1911760.0,EPSG:5179,2021
3303051,충청북도 제천시 교동,1064614.0,1905673.0,EPSG:5179,2021
3303056,충청북도 제천시 용두동,1060637.0,1906777.0,EPSG:5179,2021
3303059,충청북도 제천시 청전동,1062988.0,1905964.0,EPSG:5179,2021
3303060,충청북도 제천시 화산동,1062310.0,1901541.0,EPSG:5179,2021
3303070,충청북도 제천시 남현동,1063902.0,1904177.0,EPSG:5179,2021
3303071,충청북도 제천시 영서동,1060242.0,1903378.0,EPSG:5179,2021
3303072,충청북도 제천시 신백동,1067776.0,1902709.0,EPSG:5179,2021
3303073,충청북도 제천시 의림지동,1063619.0,1908470.0,EPSG:5179,2021
3303074,충청북도 제천시 중앙동,1062985.0,1904763.0,EPSG:5179,2021
3304131,충청북도 청주시 상당구 낭성면,1008685.0,1848019.0,EPSG:5179,2021
3304132,충청북도 청주시 상당구 미원면,1015818.0,1850601.0,EPSG:5179,2021
3304133,충청북도 청주시 상당구 가덕면,1006552.0,1840486.0,EPSG:5179,2021
3304134,충청북도 청주시 상당구 남일면,1001826.0,1841914.0,EPSG:5179,2021
3304135,충청북도 청주시 상당구 문의면,1000967.0,1832586.0,EPSG:5179,2021
3304151,충청북도 청주시 상당구 중앙동,999453.0,1849394.0,EPSG:5179,2021
3304152,충청북도 청주시 상당구 성안동,999053.0,1848131.0,EPSG:5179,2021
3304153,충청북도 청주시 상당구 탑·대성동,999806.0,1848208.0,EPSG:5179,2021
3304154,충청북도 청주시 상당구 영운동,1000032.0,1846901.0,EPSG:5179,2021
3304155,충청북도 청주시 상당구 금천동,1000535.0,1847620.0,EPSG:5179,2021
3304156,충청북도 청주시 상당구 용담·명암·산성동,1002382.0,1850589.0,EPSG:5179,2021
3304157,충청북도 청주시 상당구 용암1동,1002086.0,1847692.0,EPSG:5179,2021
3304158,충청북도 청주시 상당구 용암2동,1002769.0,1845943.0,EPSG:5179,2021
3304231,충청북도 청주시 서원구 남이면,993614.0,1840979.0,EPSG:5179,2021
3304232,충청북도 청주시 서원구 현도면,994128.0,1832413.0,EPSG:5179,2021
3304251,충청북도 청주시 서원구 사직1동,997949.0,1849170.0,EPSG:5179,2021
3304252,충청북도 청주시 서원구 사직2동,997790.0,1848382.0,EPSG:5179,2021
3304253,충청북도 청주시 서원구 사창동,996680.0,1848544.0,EPSG:5179,2021
3304254,충청북도 청주시 서원구 모충동,998325.0,1847467.0,EPSG:5179,2021
3304255,충청북도 청주시 서원구 산남동,997234.0,1845638.0,EPSG:5179,2021
3304256,충청북도 청주시 서원구 분평동,998837.0,1844335.0,EPSG:5179,2021
3304257,충청북도 청주시 서원구 수곡1동,998735.0,1846580.0,EPSG:5179,2021
3304258,충청북도 청주시 서원구 수곡2동,997662.0,1846775.0,EPSG:5179,2021
3304259,충청북도 청주시 서원구 성화·개신·죽림동,995724.0,1846367.0,EPSG:5179,2021
3304311,충청북도 청주시 흥덕구 오송읍,983867.0,1847956.0,EPSG:5179,2021
3304331,충청북도 청주시 흥덕구 강내면,987215.0,1844615.0,EPSG:5179,2021
3304332,충청북도 청주시 흥덕구 옥산면,987228.0,1854384.0,EPSG:5179,2021
3304351,충청북도 청주시 흥덕구 운천·신봉동,997399.0,1850516.0,EPSG:5179,2021
3304352,충청북도 청주시 흥덕구 복대1동,994161.0,1848855.0,EPSG:5179,2021
3304353,충청북도 청주시 흥덕구 복대2동,995181.0,1848005.0,EPSG:5179,2021
3304354,충청북도 청주시 흥덕구 가경동,994121.0,1846933.0,EPSG:5179,2021
3304355,충청북도 청주시 흥덕구 봉명1동,996445.0,1849271.0,EPSG:5179,2021
3304356,충청북도 청주시 흥덕구 봉명2·송정동,995582.0,1850070.0,EPSG:5179,2021
3304357,충청북도 청주시 흥덕구 강서1동,991022.0,1847247.0,EPSG:5179,2021
3304358,충청북도 청주시 흥덕구 강서2동,993708.0,1852091.0,EPSG:5179,2021
3304411,충청북도 청주시 청원구 내수읍,1004229.0,1856108.0,EPSG:5179,2021
3304412,충청북도 청주시 청원구 오창읍,993016.0,1859522.0,EPSG:5179,2021
3304431,충청북도 청주시 청원구 북이면,1004265.0,1860905.0,EPSG:5179,2021
3304451,충청북도 청주시 청원구 오근장동,998145.0,1854938.0,EPSG:5179,2021
3304452,충청북도 청주시 청원구 우암동,999030.0,1850273.0,EPSG:5179,2021
3304453,충청북도 청주시 청원구 내덕1동,998350.0,1851301.0,EPSG:5179,2021
3304454,충청북도 청주시 청원구 내덕2동,999544.0,1851108.0,EPSG:5179,2021
3304455,충청북도 청주시 청원구 율량·사천동,999781.0,1852141.0,EPSG:5179,2021
3332011,충청북도 보은군 보은읍,1019986.0,1833526.0,EPSG:5179,2021
3332031,충청북도 보은군 속리산면,1029899.0,1836378.0,EPSG:5179,2021
3332032,충청북도 보은군 장안면,1026885.0,1831123.0,EPSG:5179,2021
3332033,충청북도 보은군 마로면,1030298.0,1824445.0,EPSG:5179,2021
3332034,충청북도 보은군 탄부면,1024947.0,1826654.0,EPSG:5179,2021
3332035,충청북도 보은군 삼승면,1021062.0,1824450.0,EPSG:5179,2021
3332036,충청북도 보은군 수한면,1015106.0,1829120.0,EPSG:5179,2021
3332037,충청북도 보은군 회남면,1006638.0,1826224.0,EPSG:5179,2021
3332038,충청북도 보은군 회인면,1009182.0,1833621.0,EPSG:5179,2021
3332039,충청북도 보은군 내북면,1014147.0,1839588.0,EPSG:5179,2021
3332040,충청북도 보은군 산외면,1022106.0,1841556.0,EPSG:5179,2021
3333011,충청북도 옥천군 옥천읍,1007516.0,1811582.0,EPSG:5179,2021
3333031,충청북도 옥천군 동이면,1013102.0,1810887.0,EPSG:5179,2021
3333032,충청북도 옥천군 안남면,1016248.0,1817504.0,EPSG:5179,2021
3333033,충청북도 옥천군 안내면,1013403.0,1822462.0,EPSG:5179,2021
3333034,충청북도 옥천군 청성면,1020929.0,1814172.0,EPSG:5179,2021
3333035,충청북도 옥천군 청산면,1028317.0,1816476.0,EPSG:5179,2021
3333036,충청북도 옥천군 이원면,1011878.0,1803437.0,EPSG:5179,2021
3333037,충청북도 옥천군 군서면,1002309.0,1808335.0,EPSG:5179,2021
3333038,충청북도 옥천군 군북면,1005385.0,1817701.0,EPSG:5179,2021
3334011,충청북도 영동군 영동읍,1027936.0,1797865.0,EPSG:5179,2021
3334031,충청북도 영동군 용산면,1027386.0,1807336.0,EPSG:5179,2021
3334032,충청북도 영동군 황간면,1035653.0,1804383.0,EPSG:5179,2021
3334033,충청북도 영동군 추풍령면,1044730.0,1803641.0,EPSG:5179,2021
3334034,충청북도 영동군 매곡면,1040754.0,1796695.0,EPSG:5179,2021
3334035,충청북도 영동군 상촌면,1035572.0,1789299.0,EPSG:5179,2021
3334036,충청북도 영동군 양강면,1023502.0,1791799.0,EPSG:5179,2021
3334037,충청북도 영동군 용화면,1024937.0,1783421.0,EPSG:5179,2021
3334038,충청북도 영동군 학산면,1016821.0,1787818.0,EPSG:5179,2021
3334039,충청북도 영동군 양산면,1012841.0,1794458.0,EPSG:5179,2021
3334040,충청북도 영동군 심천면,1018839.0,1802048.0,EPSG:5179,2021
3335011,충청북도 진천군 진천읍,992338.0,1872182.0,EPSG:5179,2021
3335012,충청북도 진천군 덕산읍,1000647.0,1877751.0,EPSG:5179,2021
3335032,충청북도 진천군 초평면,1002833.0,1870108.0,EPSG:5179,2021
3335033,충청북도 진천군 문백면,995627.0,1866869.0,EPSG:5179,2021
3335034,충청북도 진천군 백곡면,986738.0,1877944.0,EPSG:5179,2021
3335035,충청북도 진천군 이월면,994047.0,1880075.0,EPSG:5179,2021
3335036,충청북도 진천군 광혜원면,993211.0,1886472.0,EPSG:5179,2021
3336011,충청북도 괴산군 괴산읍,1027222.0,1869916.0,EPSG:5179,2021
3336031,충청북도 괴산군 감물면,1034139.0,1871252.0,EPSG:5179,2021
3336032,충청북도 괴산군 장연면,1039742.0,1870855.0,EPSG:5179,2021
3336033,충청북도 괴산군 연풍면,1044898.0,1863306.0,EPSG:5179,2021
3336034,충청북도 괴산군 칠성면,1034139.0,1861765.0,EPSG:5179,2021
3336035,충청북도 괴산군 문광면,1024417.0,1863784.0,EPSG:5179,2021
3336036,충청북도 괴산군 청천면,1028197.0,1852899.0,EPSG:5179,2021
3336037,충청북도 괴산군 청안면,1016262.0,1861241.0,EPSG:5179,2021
3336038,충청북도 괴산군 사리면,1016181.0,1868617.0,EPSG:5179,2021
3336039,충청북도 괴산군 소수면,1020247.0,1872357.0,EPSG:5179,2021
3336040,충청북도 괴산군 불정면,1028838.0,1877253.0,EPSG:5179,2021
3337011,충청북도 음성군 음성읍,1013745.0,1882598.0,EPSG:5179,2021
3337012,충청북도 음성군 금왕읍,1006550.0,1887751.0,EPSG:5179,2021
3337031,충청북도 음성군 소이면,1022445.0,1879395.0,EPSG:5179,2021
3337032,충청북도 음성군 원남면,1013169.0,1875907.0,EPSG:5179,2021
3337033,충청북도 음성군 맹동면,1005186.0,1880047.0,EPSG:5179,2021
3337034,충청북도 음성군 대소면,999249.0,1884751.0,EPSG:5179,2021
3337035,충청북도 음성군 삼성면,999445.0,1891183.0,EPSG:5179,2021
3337036,충청북도 음성군 생극면,1009967.0,1893046.0,EPSG:5179,2021
3337037,충청북도 음성군 감곡면,1014462.0,1899805.0,EPSG:5179,2021
3338011,충청북도 단양군 단양읍,1079335.0,1885096.0,EPSG:5179,2021
3338012,충청북도 단양군 매포읍,1071295.0,1894482.0,EPSG:5179,2021
3338031,충청북도 단양군 단성면,1070396.0,1878000.0,EPSG:5179,2021
3338032,충청북도 단양군 대강면,1078419.0,1874811.0,EPSG:5179,2021
3338033,충청북도 단양군 가곡면,1082864.0,1891086.0,EPSG:5179,2021
3338034,충청북도 단양군 영춘면,1088911.0,1897096.0,EPSG:5179,2021
3338035,충청북도 단양군 어상천면,1075239.0,1900186.0,EPSG:5179,2021
3338036,충청북도 단양군 적성면,1069032.0,1888800.0,EPSG:5179,2021
3339014,충청북도 증평군 증평읍,1009273.0,1863202.0,EPSG:5179,2021
3339031,충청북도 증평군 도안면,1009463.0,1869931.0,EPSG:5179,2021
3401111,충청남도 천안시 동남구 목천읍,974359.0,1865626.0,EPSG:5179,2021
3401131,충청남도 천안시 동남구 풍세면,966283.0,1860018.0,EPSG:5179,2021
3401132,충청남도 천안시 동남구 광덕면,963610.0,1853267.0,EPSG:5179,2021
3401133,충청남도 천안시 동남구 북면,979657.0,1870783.0,EPSG:5179,2021
3401134,충청남도 천안시 동남구 성남면,976475.0,1859365.0,EPSG:5179,2021
3401135,충청남도 천안시 동남구 수신면,980879.0,1858593.0,EPSG:5179,2021
3401136,충청남도 천안시 동남구 병천면,983315.0,1866375.0,EPSG:5179,2021
3401137,충청남도 천안시 동남구 동면,988147.0,1864782.0,EPSG:5179,2021
3401151,충청남도 천안시 동남구 중앙동,968741.0,1867275.0,EPSG:5179,2021
3401152,충청남도 천안시 동남구 문성동,968984.0,1868338.0,EPSG:5179,2021
3401153,충청남도 천안시 동남구 원성1동,971686.0,1868538.0,EPSG:5179,2021
3401154,충청남도 천안시 동남구 원성2동,969557.0,1867207.0,EPSG:5179,2021
3401155,충청남도 천안시 동남구 봉명동,967558.0,1867983.0,EPSG:5179,2021
3401156,충청남도 천안시 동남구 일봉동,967988.0,1866146.0,EPSG:5179,2021
3401157,충청남도 천안시 동남구 신방동,966821.0,1864530.0,EPSG:5179,2021
3401158,충청남도 천안시 동남구 청룡동,969767.0,1864671.0,EPSG:5179,2021
3401159,충청남도 천안시 동남구 신안동,971522.0,1870658.0,EPSG:5179,2021
3401211,충청남도 천안시 서북구 성환읍,966892.0,1881588.0,EPSG:5179,2021
3401212,충청남도 천안시 서북구 성거읍,972847.0,1875114.0,EPSG:5179,2021
3401213,충청남도 천안시 서북구 직산읍,967733.0,1876390.0,EPSG:5179,2021
3401231,충청남도 천안시 서북구 입장면,975556.0,1879168.0,EPSG:5179,2021
3401251,충청남도 천안시 서북구 성정1동,968058.0,1868423.0,EPSG:5179,2021
3401252,충청남도 천안시 서북구 성정2동,967898.0,1869597.0,EPSG:5179,2021
3401253,충청남도 천안시 서북구 쌍용1동,967009.0,1867115.0,EPSG:5179,2021
3401254,충청남도 천안시 서북구 쌍용2동,965954.0,1866297.0,EPSG:5179,2021
3401255,충청남도 천안시 서북구 쌍용3동,966320.0,1867815.0,EPSG:5179,2021
3401258,충청남도 천안시 서북구 백석동,965779.0,1869994.0,EPSG:5179,2021
3401260,충청남도 천안시 서북구 부성1동,968731.0,1872426.0,EPSG:5179,2021
3401261,충청남도 천안시 서북구 부성2동,966307.0,1871756.0,EPSG:5179,2021
3401262,충청남도 천안시 서북구 불당1동,965146.0,1867576.0,EPSG:5179,2021
3401263,충청남도 천안시 서북구 불당2동,964622.0,1868367.0,EPSG:5179,2021
3402011,충청남도 공주시 유구읍,952441.0,1844428.0,EPSG:5179,2021
3402031,충청남도 공주시 이인면,961398.0,1819793.0,EPSG:5179,2021
3402032,충청남도 공주시 탄천면,957767.0,1814405.0,EPSG:5179,2021
3402033,충청남도 공주시 계룡면,969301.0,1819048.0,EPSG:5179,2021
3402034,충청남도 공주시 반포면,976563.0,1820762.0,EPSG:5179,2021
3402036,충청남도 공주시 의당면,969509.0,1838565.0,EPSG:5179,2021
3402037,충청남도 공주시 정안면,964054.0,1844685.0,EPSG:5179,2021
3402038,충청남도 공주시 우성면,960412.0,1830873.0,EPSG:5179,2021
3402039,충청남도 공주시 사곡면,958260.0,1838008.0,EPSG:5179,2021
3402040,충청남도 공주시 신풍면,950372.0,1834408.0,EPSG:5179,2021
3402051,충청남도 공주시 중학동,966149.0,1828160.0,EPSG:5179,2021
3402055,충청남도 공주시 금학동,964235.0,1825270.0,EPSG:5179,2021
3402056,충청남도 공주시 옥룡동,969557.0,1826640.0,EPSG:5179,2021
3402057,충청남도 공주시 신관동,966412.0,1831298.0,EPSG:5179,2021
3402058,충청남도 공주시 웅진동,965247.0,1829106.0,EPSG:5179,2021
3402059,충청남도 공주시 월송동,970623.0,1830450.0,EPSG:5179,2021
3403011,충청남도 보령시 웅천읍,917061.0,1804348.0,EPSG:5179,2021
3403031,충청남도 보령시 주포면,917499.0,1824048.0,EPSG:5179,2021
3403032,충청남도 보령시 주교면,915270.0,1820812.0,EPSG:5179,2021
3403033,충청남도 보령시 오천면,912838.0,1825516.0,EPSG:5179,2021
3403034,충청남도 보령시 천북면,913263.0,1832711.0,EPSG:5179,2021
3403035,충청남도 보령시 청소면,919920.0,1828531.0,EPSG:5179,2021
3403036,충청남도 보령시 청라면,924645.0,1823201.0,EPSG:5179,2021
3403037,충청남도 보령시 남포면,917260.0,1811405.0,EPSG:5179,2021
3403038,충청남도 보령시 주산면,920942.0,1800997.0,EPSG:5179,2021
3403039,충청남도 보령시 미산면,926557.0,1805401.0,EPSG:5179,2021
3403040,충청남도 보령시 성주면,924674.0,1814993.0,EPSG:5179,2021
3403051,충청남도 보령시 대천1동,919835.0,1818892.0,EPSG:5179,2021
3403052,충청남도 보령시 대천2동,917093.0,1818002.0,EPSG:5179,2021
3403053,충청남도 보령시 대천3동,921263.0,1818029.0,EPSG:5179,2021
3403054,충청남도 보령시 대천4동,920426.0,1815665.0,EPSG:5179,2021
3403056,충청남도 보령시 대천5동,914864.0,1815206.0,EPSG:5179,2021
3404011,충청남도 아산시 염치읍,953824.0,1869413.0,EPSG:5179,2021
3404012,충청남도 아산시 배방읍,961481.0,1861869.0,EPSG:5179,2021
3404031,충청남도 아산시 송악면,954822.0,1856281.0,EPSG:5179,2021
3404033,충청남도 아산시 탕정면,961506.0,1867963.0,EPSG:5179,2021
3404034,충청남도 아산시 음봉면,959694.0,1873411.0,EPSG:5179,2021
3404035,충청남도 아산시 둔포면,958935.0,1879274.0,EPSG:5179,2021
3404036,충청남도 아산시 영인면,952112.0,1876446.0,EPSG:5179,2021
3404037,충청남도 아산시 인주면,945189.0,1873703.0,EPSG:5179,2021
3404038,충청남도 아산시 선장면,943715.0,1866300.0,EPSG:5179,2021
3404039,충청남도 아산시 도고면,946795.0,1860476.0,EPSG:5179,2021
3404040,충청남도 아산시 신창면,949481.0,1866005.0,EPSG:5179,2021
3404051,충청남도 아산시 온양1동,955443.0,1865760.0,EPSG:5179,2021
3404052,충청남도 아산시 온양2동,955525.0,1864804.0,EPSG:5179,2021
3404053,충청남도 아산시 온양3동,957333.0,1865597.0,EPSG:5179,2021
3404054,충청남도 아산시 온양4동,953431.0,1865028.0,EPSG:5179,2021
3404055,충청남도 아산시 온양5동,953902.0,1861910.0,EPSG:5179,2021
3404056,충청남도 아산시 온양6동,956894.0,1862370.0,EPSG:5179,2021
3405011,충청남도 서산시 대산읍,904891.0,1886551.0,EPSG:5179,2021
3405031,충청남도 서산시 인지면,903362.0,1861720.0,EPSG:5179,2021
3405032,충청남도 서산시 부석면,901363.0,1854170.0,EPSG:5179,2021
3405033,충청남도 서산시 팔봉면,899452.0,1868735.0,EPSG:5179,2021
3405034,충청남도 서산시 지곡면,904644.0,1875846.0,EPSG:5179,2021
3405035,충청남도 서산시 성연면,907306.0,1871154.0,EPSG:5179,2021
3405036,충청남도 서산시 음암면,912231.0,1866923.0,EPSG:5179,2021
3405037,충청남도 서산시 운산면,919053.0,1864825.0,EPSG:5179,2021
3405038,충청남도 서산시 해미면,914261.0,1857738.0,EPSG:5179,2021
3405039,충청남도 서산시 고북면,911685.0,1852505.0,EPSG:5179,2021
3405051,충청남도 서산시 부춘동,904960.0,1866612.0,EPSG:5179,2021
3405052,충청남도 서산시 동문1동,908202.0,1866464.0,EPSG:5179,2021
3405053,충청남도 서산시 동문2동,907300.0,1865265.0,EPSG:5179,2021
3405054,충청남도 서산시 수석동,909273.0,1863892.0,EPSG:5179,2021
3405055,충청남도 서산시 석남동,907401.0,1861086.0,EPSG:5179,2021
3406011,충청남도 논산시 강경읍,956667.0,1795177.0,EPSG:5179,2021
3406012,충청남도 논산시 연무읍,964282.0,1790411.0,EPSG:5179,2021
3406031,충청남도 논산시 성동면,957541.0,1800372.0,EPSG:5179,2021
3406032,충청남도 논산시 광석면,962560.0,1805045.0,EPSG:5179,2021
3406033,충청남도 논산시 노성면,964644.0,1810171.0,EPSG:5179,2021
3406034,충청남도 논산시 상월면,969841.0,1810576.0,EPSG:5179,2021
3406035,충청남도 논산시 부적면,968034.0,1801053.0,EPSG:5179,2021
3406036,충청남도 논산시 연산면,972956.0,1803656.0,EPSG:5179,2021
3406037,충청남도 논산시 벌곡면,980852.0,1799076.0,EPSG:5179,2021
3406038,충청남도 논산시 양촌면,976052.0,1793539.0,EPSG:5179,2021
3406039,충청남도 논산시 가야곡면,970208.0,1793766.0,EPSG:5179,2021
3406040,충청남도 논산시 은진면,965080.0,1796369.0,EPSG:5179,2021
3406041,충청남도 논산시 채운면,959934.0,1796069.0,EPSG:5179,2021
3406051,충청남도 논산시 취암동,964371.0,1799985.0,EPSG:5179,2021
3406052,충청남도 논산시 부창동,961994.0,1799466.0,EPSG:5179,2021
3407031,충청남도 계룡시 두마면,978440.0,1806208.0,EPSG:5179,2021
3407033,충청남도 계룡시 엄사면,974975.0,1808886.0,EPSG:5179,2021
3407034,충청남도 계룡시 신도안면,975714.0,1813774.0,EPSG:5179,2021
3407051,충청남도 계룡시 금암동,977721.0,1808366.0,EPSG:5179,2021
3408011,충청남도 당진시 합덕읍,935263.0,1866354.0,EPSG:5179,2021
3408012,충청남도 당진시 송악읍,932252.0,1881208.0,EPSG:5179,2021
3408031,충청남도 당진시 고대면,917827.0,1883096.0,EPSG:5179,2021
3408032,충청남도 당진시 석문면,913739.0,1891420.0,EPSG:5179,2021
3408033,충청남도 당진시 대호지면,912231.0,1879989.0,EPSG:5179,2021
3408034,충청남도 당진시 정미면,916705.0,1873854.0,EPSG:5179,2021
3408035,충청남도 당진시 면천면,925101.0,1868858.0,EPSG:5179,2021
3408036,충청남도 당진시 순성면,929408.0,1872148.0,EPSG:5179,2021
3408037,충청남도 당진시 우강면,938292.0,1870375.0,EPSG:5179,2021
3408038,충청남도 당진시 신평면,938283.0,1881284.0,EPSG:5179,2021
3408039,충청남도 당진시 송산면,927028.0,1884483.0,EPSG:5179,2021
3408051,충청남도 당진시 당진1동,923846.0,1877497.0,EPSG:5179,2021
3408052,충청남도 당진시 당진2동,921980.0,1874038.0,EPSG:5179,2021
3408053,충청남도 당진시 당진3동,924010.0,1879785.0,EPSG:5179,2021
3431011,충청남도 금산군 금산읍,997476.0,1788773.0,EPSG:5179,2021
3431031,충청남도 금산군 금성면,996949.0,1793260.0,EPSG:5179,2021
3431032,충청남도 금산군 제원면,1005889.0,1792464.0,EPSG:5179,2021
3431033,충청남도 금산군 부리면,1007111.0,1784721.0,EPSG:5179,2021
3431034,충청남도 금산군 군북면,1003821.0,1798280.0,EPSG:5179,2021
3431035,충청남도 금산군 남일면,1000745.0,1781312.0,EPSG:5179,2021
3431036,충청남도 금산군 남이면,993742.0,1783631.0,EPSG:5179,2021
3431037,충청남도 금산군 진산면,988772.0,1793761.0,EPSG:5179,2021
3431038,충청남도 금산군 복수면,990763.0,1800401.0,EPSG:5179,2021
3431039,충청남도 금산군 추부면,999247.0,1800827.0,EPSG:5179,2021
3433011,충청남도 부여군 부여읍,950403.0,1810025.0,EPSG:5179,2021
3433031,충청남도 부여군 규암면,943946.0,1809968.0,EPSG:5179,2021
3433032,충청남도 부여군 은산면,938715.0,1814742.0,EPSG:5179,2021
3433033,충청남도 부여군 외산면,930096.0,1814124.0,EPSG:5179,2021
3433034,충청남도 부여군 내산면,933793.0,1809423.0,EPSG:5179,2021
3433035,충청남도 부여군 구룡면,938649.0,1806399.0,EPSG:5179,2021
3433036,충청남도 부여군 홍산면,933618.0,1803873.0,EPSG:5179,2021
3433037,충청남도 부여군 옥산면,930759.0,1800499.0,EPSG:5179,2021
3433038,충청남도 부여군 남면,937701.0,1801961.0,EPSG:5179,2021
3433039,충청남도 부여군 충화면,939403.0,1797566.0,EPSG:5179,2021
3433040,충청남도 부여군 양화면,941987.0,1791393.0,EPSG:5179,2021
3433041,충청남도 부여군 임천면,945193.0,1797518.0,EPSG:5179,2021
3433042,충청남도 부여군 장암면,945569.0,1804818.0,EPSG:5179,2021
3433043,충청남도 부여군 세도면,951232.0,1798329.0,EPSG:5179,2021
3433044,충청남도 부여군 석성면,954632.0,1804516.0,EPSG:5179,2021
3433045,충청남도 부여군 초촌면,957253.0,1808235.0,EPSG:5179,2021
3434011,충청남도 서천군 장항읍,926608.0,1781209.0,EPSG:5179,2021
3434012,충청남도 서천군 서천읍,928115.0,1787902.0,EPSG:5179,2021
3434031,충청남도 서천군 마서면,927200.0,1784469.0,EPSG:5179,2021
3434032,충청남도 서천군 화양면,935717.0,1784068.0,EPSG:5179,2021
3434033,충청남도 서천군 기산면,933340.0,1787139.0,EPSG:5179,2021
3434034,충청남도 서천군 한산면,939327.0,1788023.0,EPSG:5179,2021
3434035,충청남도 서천군 마산면,936148.0,1793549.0,EPSG:5179,2021
3434036,충청남도 서천군 시초면,932813.0,1791444.0,EPSG:5179,2021
3434037,충청남도 서천군 문산면,931495.0,1795177.0,EPSG:5179,2021
3434038,충청남도 서천군 판교면,926253.0,1795568.0,EPSG:5179,2021
3434039,충청남도 서천군 종천면,924459.0,1790738.0,EPSG:5179,2021
3434040,충청남도 서천군 비인면,920209.0,1794222.0,EPSG:5179,2021
3434041,충청남도 서천군 서면,915178.0,1796637.0,EPSG:5179,2021
3435011,충청남도 청양군 청양읍,936394.0,1828148.0,EPSG:5179,2021
3435031,충청남도 청양군 운곡면,942163.0,1836833.0,EPSG:5179,2021
3435032,충청남도 청양군 대치면,942621.0,1827928.0,EPSG:5179,2021
3435033,충청남도 청양군 정산면,949536.0,1825254.0,EPSG:5179,2021
3435034,충청남도 청양군 목면,954643.0,1824127.0,EPSG:5179,2021
3435035,충청남도 청양군 청남면,950499.0,1817002.0,EPSG:5179,2021
3435036,충청남도 청양군 장평면,944747.0,1818844.0,EPSG:5179,2021
3435037,충청남도 청양군 남양면,934675.0,1821794.0,EPSG:5179,2021
3435038,충청남도 청양군 화성면,929705.0,1827555.0,EPSG:5179,2021
3435039,충청남도 청양군 비봉면,935684.0,1833702.0,EPSG:5179,2021
3436011,충청남도 홍성군 홍성읍,925095.0,1844230.0,EPSG:5179,2021
3436012,충청남도 홍성군 광천읍,922860.0,1834906.0,EPSG:5179,2021
3436013,충청남도 홍성군 홍북읍,927178.0,1849576.0,EPSG:5179,2021
3436032,충청남도 홍성군 금마면,931171.0,1845853.0,EPSG:5179,2021
3436033,충청남도 홍성군 홍동면,928819.0,1840178.0,EPSG:5179,2021
3436034,충청남도 홍성군 장곡면,929098.0,1834145.0,EPSG:5179,2021
3436035,충청남도 홍성군 은하면,918350.0,1837390.0,EPSG:5179,2021
3436036,충청남도 홍성군 결성면,914791.0,1839571.0,EPSG:5179,2021
3436037,충청남도 홍성군 서부면,910024.0,1842265.0,EPSG:5179,2021
3436038,충청남도 홍성군 갈산면,914860.0,1847166.0,EPSG:5179,2021
3436039,충청남도 홍성군 구항면,921158.0,1842069.0,EPSG:5179,2021
3437011,충청남도 예산군 예산읍,942385.0,1856389.0,EPSG:5179,2021
3437012,충청남도 예산군 삽교읍,929853.0,1855088.0,EPSG:5179,2021
3437031,충청남도 예산군 대술면,947979.0,1852242.0,EPSG:5179,2021
3437032,충청남도 예산군 신양면,944519.0,1845150.0,EPSG:5179,2021
3437033,충청남도 예산군 광시면,936782.0,1840897.0,EPSG:5179,2021
3437034,충청남도 예산군 대흥면,939313.0,1848556.0,EPSG:5179,2021
3437035,충청남도 예산군 응봉면,935174.0,1850006.0,EPSG:5179,2021
3437036,충청남도 예산군 덕산면,921982.0,1853665.0,EPSG:5179,2021
3437037,충청남도 예산군 봉산면,925693.0,1861025.0,EPSG:5179,2021
3437038,충청남도 예산군 고덕면,930725.0,1862261.0,EPSG:5179,2021
3437039,충청남도 예산군 신암면,938035.0,1860951.0,EPSG:5179,2021
3437040,충청남도 예산군 오가면,936651.0,1855201.0,EPSG:5179,2021
3438011,충청남도 태안군 태안읍,894002.0,1862385.0,EPSG:5179,2021
3438012,충청남도 태안군 안면읍,897698.0,1836533.0,EPSG:5179,2021
3438031,충청남도 태안군 고남면,901272.0,1827308.0,EPSG:5179,2021
3438032,충청남도 태안군 남면,895034.0,1851083.0,EPSG:5179,2021
3438033,충청남도 태안군 근흥면,885052.0,1856939.0,EPSG:5179,2021
3438034,충청남도 태안군 소원면,882407.0,1866646.0,EPSG:5179,2021
3438035,충청남도 태안군 원북면,886791.0,1872641.0,EPSG:5179,2021
3438036,충청남도 태안군 이원면,893246.0,1878347.0,EPSG:5179,2021
3501160,전라북도 전주시 완산구 동서학동,971362.0,1755449.0,EPSG:5179,2021
3501161,전라북도 전주시 완산구 서서학동,968620.0,1755270.0,EPSG:5179,2021
3501162,전라북도 전주시 완산구 중화산1동,966614.0,1757559.0,EPSG:5179,2021
3501163,전라북도 전주시 완산구 중화산2동,965707.0,1758186.0,EPSG:5179,2021
3501164,전라북도 전주시 완산구 평화1동,967608.0,1755490.0,EPSG:5179,2021
3501165,전라북도 전주시 완산구 평화2동,966276.0,1753008.0,EPSG:5179,2021
3501166,전라북도 전주시 완산구 서신동,965321.0,1759604.0,EPSG:5179,2021
3501167,전라북도 전주시 완산구 삼천1동,966197.0,1756148.0,EPSG:5179,2021
3501168,전라북도 전주시 완산구 삼천2동,965935.0,1755576.0,EPSG:5179,2021
3501169,전라북도 전주시 완산구 삼천3동,962470.0,1752877.0,EPSG:5179,2021
3501170,전라북도 전주시 완산구 효자1동,966809.0,1756655.0,EPSG:5179,2021
3501171,전라북도 전주시 완산구 효자2동,965608.0,1756913.0,EPSG:5179,2021
3501172,전라북도 전주시 완산구 효자3동,965083.0,1756659.0,EPSG:5179,2021
3501174,전라북도 전주시 완산구 중앙동,967584.0,1758295.0,EPSG:5179,2021
3501175,전라북도 전주시 완산구 풍남동,969010.0,1757598.0,EPSG:5179,2021
3501176,전라북도 전주시 완산구 노송동,968865.0,1758565.0,EPSG:5179,2021
3501177,전라북도 전주시 완산구 완산동,967517.0,1757086.0,EPSG:5179,2021
3501178,전라북도 전주시 완산구 효자4동,962863.0,1757176.0,EPSG:5179,2021
3501179,전라북도 전주시 완산구 효자5동,963627.0,1758921.0,EPSG:5179,2021
3501254,전라북도 전주시 덕진구 인후1동,968780.0,1760221.0,EPSG:5179,2021
3501255,전라북도 전주시 덕진구 인후2동,968190.0,1760533.0,EPSG:5179,2021
3501256,전라북도 전주시 덕진구 인후3동,969593.0,1759266.0,EPSG:5179,2021
3501257,전라북도 전주시 덕진구 덕진동,966219.0,1761273.0,EPSG:5179,2021
3501258,전라북도 전주시 덕진구 금암1동,966867.0,1760312.0,EPSG:5179,2021
3501259,전라북도 전주시 덕진구 금암2동,967617.0,1760776.0,EPSG:5179,2021
3501260,전라북도 전주시 덕진구 팔복동,963681.0,1762089.0,EPSG:5179,2021
3501261,전라북도 전주시 덕진구 우아1동,969299.0,1761578.0,EPSG:5179,2021
3501262,전라북도 전주시 덕진구 우아2동,972268.0,1759202.0,EPSG:5179,2021
3501263,전라북도 전주시 덕진구 호성동,968130.0,1764456.0,EPSG:5179,2021
3501265,전라북도 전주시 덕진구 송천1동,966719.0,1763285.0,EPSG:5179,2021
3501266,전라북도 전주시 덕진구 송천2동,965132.0,1765175.0,EPSG:5179,2021
3501267,전라북도 전주시 덕진구 조촌동,958376.0,1764845.0,EPSG:5179,2021
3501269,전라북도 전주시 덕진구 진북동,966947.0,1759209.0,EPSG:5179,2021
3501270,전라북도 전주시 덕진구 혁신동,960536.0,1759866.0,EPSG:5179,2021
3501271,전라북도 전주시 덕진구 여의동,961608.0,1762772.0,EPSG:5179,2021
3502011,전라북도 군산시 옥구읍,926997.0,1767975.0,EPSG:5179,2021
3502031,전라북도 군산시 옥산면,931766.0,1771242.0,EPSG:5179,2021
3502032,전라북도 군산시 회현면,933224.0,1767521.0,EPSG:5179,2021
3502033,전라북도 군산시 임피면,942271.0,1775243.0,EPSG:5179,2021
3502034,전라북도 군산시 서수면,944046.0,1778373.0,EPSG:5179,2021
3502035,전라북도 군산시 대야면,939657.0,1771284.0,EPSG:5179,2021
3502036,전라북도 군산시 개정면,935627.0,1773996.0,EPSG:5179,2021
3502037,전라북도 군산시 성산면,936076.0,1778410.0,EPSG:5179,2021
3502038,전라북도 군산시 나포면,939924.0,1781501.0,EPSG:5179,2021
3502039,전라북도 군산시 옥도면,907105.0,1758629.0,EPSG:5179,2021
3502040,전라북도 군산시 옥서면,921658.0,1768696.0,EPSG:5179,2021
3502051,전라북도 군산시 해신동,926057.0,1777353.0,EPSG:5179,2021
3502053,전라북도 군산시 월명동,928862.0,1776824.0,EPSG:5179,2021
3502055,전라북도 군산시 신풍동,928093.0,1775865.0,EPSG:5179,2021
3502056,전라북도 군산시 삼학동,928772.0,1776011.0,EPSG:5179,2021
3502060,전라북도 군산시 중앙동,929830.0,1776769.0,EPSG:5179,2021
3502064,전라북도 군산시 흥남동,929581.0,1775786.0,EPSG:5179,2021
3502065,전라북도 군산시 조촌동,931432.0,1775354.0,EPSG:5179,2021
3502066,전라북도 군산시 경암동,930692.0,1776218.0,EPSG:5179,2021
3502067,전라북도 군산시 구암동,932966.0,1777534.0,EPSG:5179,2021
3502068,전라북도 군산시 개정동,932945.0,1774512.0,EPSG:5179,2021
3502069,전라북도 군산시 수송동,929425.0,1773982.0,EPSG:5179,2021
3502070,전라북도 군산시 나운1동,927499.0,1775000.0,EPSG:5179,2021
3502071,전라북도 군산시 나운2동,928312.0,1774620.0,EPSG:5179,2021
3502072,전라북도 군산시 소룡동,915157.0,1773480.0,EPSG:5179,2021
3502073,전라북도 군산시 미성동,922759.0,1773214.0,EPSG:5179,2021
3502074,전라북도 군산시 나운3동,926523.0,1772561.0,EPSG:5179,2021
3503011,전라북도 익산시 함열읍,951762.0,1785083.0,EPSG:5179,2021
3503031,전라북도 익산시 오산면,945855.0,1771365.0,EPSG:5179,2021
3503032,전라북도 익산시 황등면,949380.0,1780195.0,EPSG:5179,2021
3503033,전라북도 익산시 함라면,946417.0,1782749.0,EPSG:5179,2021
3503034,전라북도 익산시 웅포면,945216.0,1788622.0,EPSG:5179,2021
3503035,전라북도 익산시 성당면,948655.0,1788949.0,EPSG:5179,2021
3503036,전라북도 익산시 용안면,950994.0,1791826.0,EPSG:5179,2021
3503037,전라북도 익산시 낭산면,956842.0,1784950.0,EPSG:5179,2021
3503038,전라북도 익산시 망성면,957359.0,1791370.0,EPSG:5179,2021
3503039,전라북도 익산시 여산면,963179.0,1783900.0,EPSG:5179,2021
3503040,전라북도 익산시 금마면,958703.0,1779034.0,EPSG:5179,2021
3503041,전라북도 익산시 왕궁면,962490.0,1775246.0,EPSG:5179,2021
3503042,전라북도 익산시 춘포면,957008.0,1770123.0,EPSG:5179,2021
3503043,전라북도 익산시 삼기면,954367.0,1780511.0,EPSG:5179,2021
3503044,전라북도 익산시 용동면,954602.0,1790059.0,EPSG:5179,2021
3503051,전라북도 익산시 중앙동,950332.0,1771687.0,EPSG:5179,2021
3503053,전라북도 익산시 평화동,948664.0,1769915.0,EPSG:5179,2021
3503055,전라북도 익산시 인화동,950462.0,1770147.0,EPSG:5179,2021
3503057,전라북도 익산시 동산동,952486.0,1769058.0,EPSG:5179,2021
3503058,전라북도 익산시 마동,951717.0,1771627.0,EPSG:5179,2021
3503059,전라북도 익산시 남중동,951007.0,1772668.0,EPSG:5179,2021
3503061,전라북도 익산시 모현동,949681.0,1773118.0,EPSG:5179,2021
3503062,전라북도 익산시 송학동,948920.0,1771672.0,EPSG:5179,2021
3503065,전라북도 익산시 신동,949742.0,1775299.0,EPSG:5179,2021
3503066,전라북도 익산시 영등1동,952333.0,1772942.0,EPSG:5179,2021
3503069,전라북도 익산시 팔봉동,956032.0,1773830.0,EPSG:5179,2021
3503070,전라북도 익산시 삼성동,953632.0,1775902.0,EPSG:5179,2021
3503071,전라북도 익산시 영등2동,952498.0,1774325.0,EPSG:5179,2021
3503072,전라북도 익산시 어양동,953307.0,1773561.0,EPSG:5179,2021
3504011,전라북도 정읍시 신태인읍,943162.0,1745200.0,EPSG:5179,2021
3504031,전라북도 정읍시 북면,946204.0,1733522.0,EPSG:5179,2021
3504032,전라북도 정읍시 입암면,936393.0,1723269.0,EPSG:5179,2021
3504033,전라북도 정읍시 소성면,934823.0,1729550.0,EPSG:5179,2021
3504034,전라북도 정읍시 고부면,932796.0,1734677.0,EPSG:5179,2021
3504035,전라북도 정읍시 영원면,933769.0,1739694.0,EPSG:5179,2021
3504036,전라북도 정읍시 덕천면,939111.0,1737304.0,EPSG:5179,2021
3504037,전라북도 정읍시 이평면,939291.0,1741378.0,EPSG:5179,2021
3504038,전라북도 정읍시 정우면,944417.0,1739133.0,EPSG:5179,2021
3504039,전라북도 정읍시 태인면,949011.0,1740230.0,EPSG:5179,2021
3504040,전라북도 정읍시 감곡면,948314.0,1746828.0,EPSG:5179,2021
3504041,전라북도 정읍시 옹동면,953516.0,1739349.0,EPSG:5179,2021
3504042,전라북도 정읍시 칠보면,951505.0,1731620.0,EPSG:5179,2021
3504043,전라북도 정읍시 산내면,959174.0,1728454.0,EPSG:5179,2021
3504044,전라북도 정읍시 산외면,959657.0,1736739.0,EPSG:5179,2021
3504051,전라북도 정읍시 수성동,942151.0,1732461.0,EPSG:5179,2021
3504052,전라북도 정읍시 장명동,944026.0,1730706.0,EPSG:5179,2021
3504053,전라북도 정읍시 내장상동,945816.0,1725065.0,EPSG:5179,2021
3504054,전라북도 정읍시 시기동,941492.0,1730019.0,EPSG:5179,2021
3504057,전라북도 정읍시 연지동,940508.0,1730925.0,EPSG:5179,2021
3504058,전라북도 정읍시 농소동,939386.0,1733662.0,EPSG:5179,2021
3504059,전라북도 정읍시 상교동,940680.0,1724997.0,EPSG:5179,2021
3504060,전라북도 정읍시 초산동,941441.0,1729031.0,EPSG:5179,2021
3505011,전라북도 남원시 운봉읍,1003214.0,1714974.0,EPSG:5179,2021
3505031,전라북도 남원시 주천면,995845.0,1709448.0,EPSG:5179,2021
3505032,전라북도 남원시 수지면,988651.0,1704243.0,EPSG:5179,2021
3505033,전라북도 남원시 송동면,985805.0,1706854.0,EPSG:5179,2021
3505034,전라북도 남원시 주생면,982186.0,1709927.0,EPSG:5179,2021
3505035,전라북도 남원시 금지면,980092.0,1704959.0,EPSG:5179,2021
3505036,전라북도 남원시 대강면,975528.0,1707545.0,EPSG:5179,2021
3505037,전라북도 남원시 대산면,983232.0,1714420.0,EPSG:5179,2021
3505038,전라북도 남원시 사매면,986564.0,1720280.0,EPSG:5179,2021
3505039,전라북도 남원시 덕과면,988203.0,1725472.0,EPSG:5179,2021
3505040,전라북도 남원시 보절면,992426.0,1724433.0,EPSG:5179,2021
3505041,전라북도 남원시 산동면,997538.0,1722308.0,EPSG:5179,2021
3505042,전라북도 남원시 이백면,996326.0,1715038.0,EPSG:5179,2021
3505043,전라북도 남원시 인월면,1010239.0,1718809.0,EPSG:5179,2021
3505044,전라북도 남원시 아영면,1008486.0,1723886.0,EPSG:5179,2021
3505045,전라북도 남원시 산내면,1008421.0,1709266.0,EPSG:5179,2021
3505051,전라북도 남원시 동충동,989336.0,1712906.0,EPSG:5179,2021
3505052,전라북도 남원시 죽항동,989502.0,1712398.0,EPSG:5179,2021
3505054,전라북도 남원시 노암동,989959.0,1711010.0,EPSG:5179,2021
3505055,전라북도 남원시 금동,988043.0,1711524.0,EPSG:5179,2021
3505056,전라북도 남원시 왕정동,987010.0,1712983.0,EPSG:5179,2021
3505057,전라북도 남원시 향교동,988640.0,1716032.0,EPSG:5179,2021
3505059,전라북도 남원시 도통동,991838.0,1716322.0,EPSG:5179,2021
3506011,전라북도 김제시 만경읍,938917.0,1763779.0,EPSG:5179,2021
3506031,전라북도 김제시 죽산면,937456.0,1753323.0,EPSG:5179,2021
3506032,전라북도 김제시 백산면,944684.0,1761199.0,EPSG:5179,2021
3506033,전라북도 김제시 용지면,952227.0,1761038.0,EPSG:5179,2021
3506034,전라북도 김제시 백구면,951570.0,1765819.0,EPSG:5179,2021
3506035,전라북도 김제시 부량면,940729.0,1749368.0,EPSG:5179,2021
3506036,전라북도 김제시 공덕면,946259.0,1765657.0,EPSG:5179,2021
3506037,전라북도 김제시 청하면,941402.0,1765847.0,EPSG:5179,2021
3506038,전라북도 김제시 성덕면,937737.0,1758201.0,EPSG:5179,2021
3506039,전라북도 김제시 진봉면,932537.0,1762434.0,EPSG:5179,2021
3506040,전라북도 김제시 금구면,956438.0,1753936.0,EPSG:5179,2021
3506041,전라북도 김제시 봉남면,950896.0,1749740.0,EPSG:5179,2021
3506042,전라북도 김제시 황산면,951240.0,1754848.0,EPSG:5179,2021
3506043,전라북도 김제시 금산면,957450.0,1746627.0,EPSG:5179,2021
3506044,전라북도 김제시 광활면,930922.0,1758926.0,EPSG:5179,2021
3506051,전라북도 김제시 요촌동,944916.0,1758140.0,EPSG:5179,2021
3506052,전라북도 김제시 신풍동,947317.0,1753240.0,EPSG:5179,2021
3506054,전라북도 김제시 검산동,947918.0,1757550.0,EPSG:5179,2021
3506058,전라북도 김제시 교월동,942511.0,1754517.0,EPSG:5179,2021
3531011,전라북도 완주군 삼례읍,962576.0,1768553.0,EPSG:5179,2021
3531012,전라북도 완주군 봉동읍,967325.0,1772652.0,EPSG:5179,2021
3531013,전라북도 완주군 용진읍,971205.0,1766760.0,EPSG:5179,2021
3531032,전라북도 완주군 상관면,975579.0,1751625.0,EPSG:5179,2021
3531033,전라북도 완주군 이서면,957721.0,1758917.0,EPSG:5179,2021
3531034,전라북도 완주군 소양면,977940.0,1762384.0,EPSG:5179,2021
3531035,전라북도 완주군 구이면,965587.0,1745658.0,EPSG:5179,2021
3531036,전라북도 완주군 고산면,975881.0,1774998.0,EPSG:5179,2021
3531037,전라북도 완주군 비봉면,969153.0,1779448.0,EPSG:5179,2021
3531038,전라북도 완주군 운주면,983341.0,1786169.0,EPSG:5179,2021
3531039,전라북도 완주군 화산면,972878.0,1783789.0,EPSG:5179,2021
3531040,전라북도 완주군 동상면,982237.0,1771410.0,EPSG:5179,2021
3531041,전라북도 완주군 경천면,979919.0,1782540.0,EPSG:5179,2021
3532011,전라북도 진안군 진안읍,994925.0,1753373.0,EPSG:5179,2021
3532031,전라북도 진안군 용담면,999096.0,1772694.0,EPSG:5179,2021
3532032,전라북도 진안군 안천면,1004243.0,1767272.0,EPSG:5179,2021
3532033,전라북도 진안군 동향면,1006650.0,1760013.0,EPSG:5179,2021
3532034,전라북도 진안군 상전면,999740.0,1761244.0,EPSG:5179,2021
3532035,전라북도 진안군 백운면,993492.0,1742769.0,EPSG:5179,2021
3532036,전라북도 진안군 성수면,983620.0,1747223.0,EPSG:5179,2021
3532037,전라북도 진안군 마령면,987461.0,1750009.0,EPSG:5179,2021
3532038,전라북도 진안군 부귀면,987342.0,1760248.0,EPSG:5179,2021
3532039,전라북도 진안군 정천면,994419.0,1765992.0,EPSG:5179,2021
3532040,전라북도 진안군 주천면,991009.0,1774515.0,EPSG:5179,2021
3533011,전라북도 무주군 무주읍,1014055.0,1779419.0,EPSG:5179,2021
3533031,전라북도 무주군 무풍면,1031335.0,1770674.0,EPSG:5179,2021
3533032,전라북도 무주군 설천면,1025530.0,1773105.0,EPSG:5179,2021
3533033,전라북도 무주군 적상면,1015594.0,1770920.0,EPSG:5179,2021
3533034,전라북도 무주군 안성면,1016164.0,1761193.0,EPSG:5179,2021
3533035,전라북도 무주군 부남면,1006294.0,1774685.0,EPSG:5179,2021
3534011,전라북도 장수군 장수읍,1001045.0,1736397.0,EPSG:5179,2021
3534031,전라북도 장수군 산서면,991798.0,1731809.0,EPSG:5179,2021
3534032,전라북도 장수군 번암면,1004063.0,1728832.0,EPSG:5179,2021
3534033,전라북도 장수군 장계면,1010684.0,1747778.0,EPSG:5179,2021
3534034,전라북도 장수군 천천면,1001942.0,1748539.0,EPSG:5179,2021
3534035,전라북도 장수군 계남면,1007230.0,1743426.0,EPSG:5179,2021
3534036,전라북도 장수군 계북면,1011826.0,1754828.0,EPSG:5179,2021
3535011,전라북도 임실군 임실읍,978874.0,1732976.0,EPSG:5179,2021
3535031,전라북도 임실군 청웅면,974529.0,1729966.0,EPSG:5179,2021
3535032,전라북도 임실군 운암면,968445.0,1735199.0,EPSG:5179,2021
3535033,전라북도 임실군 신평면,975766.0,1739071.0,EPSG:5179,2021
3535034,전라북도 임실군 성수면,987334.0,1736785.0,EPSG:5179,2021
3535035,전라북도 임실군 오수면,983572.0,1727276.0,EPSG:5179,2021
3535036,전라북도 임실군 신덕면,971053.0,1743922.0,EPSG:5179,2021
3535037,전라북도 임실군 삼계면,978821.0,1723583.0,EPSG:5179,2021
3535038,전라북도 임실군 관촌면,980301.0,1744370.0,EPSG:5179,2021
3535039,전라북도 임실군 강진면,967690.0,1727908.0,EPSG:5179,2021
3535040,전라북도 임실군 덕치면,970137.0,1722673.0,EPSG:5179,2021
3535041,전라북도 임실군 지사면,986747.0,1731448.0,EPSG:5179,2021
3536011,전라북도 순창군 순창읍,966709.0,1708377.0,EPSG:5179,2021
3536031,전라북도 순창군 인계면,969045.0,1714188.0,EPSG:5179,2021
3536032,전라북도 순창군 동계면,977262.0,1717888.0,EPSG:5179,2021
3536033,전라북도 순창군 적성면,973527.0,1714280.0,EPSG:5179,2021
3536034,전라북도 순창군 유등면,971711.0,1708792.0,EPSG:5179,2021
3536035,전라북도 순창군 풍산면,967509.0,1704203.0,EPSG:5179,2021
3536036,전라북도 순창군 금과면,962214.0,1704298.0,EPSG:5179,2021
3536037,전라북도 순창군 팔덕면,962298.0,1711024.0,EPSG:5179,2021
3536038,전라북도 순창군 복흥면,948833.0,1716751.0,EPSG:5179,2021
3536039,전라북도 순창군 쌍치면,953930.0,1723382.0,EPSG:5179,2021
3536040,전라북도 순창군 구림면,962546.0,1718633.0,EPSG:5179,2021
3537011,전라북도 고창군 고창읍,927740.0,1715436.0,EPSG:5179,2021
3537031,전라북도 고창군 고수면,925663.0,1710800.0,EPSG:5179,2021
3537032,전라북도 고창군 아산면,919383.0,1719413.0,EPSG:5179,2021
3537033,전라북도 고창군 무장면,915990.0,1713306.0,EPSG:5179,2021
3537034,전라북도 고창군 공음면,911604.0,1710149.0,EPSG:5179,2021
3537035,전라북도 고창군 상하면,907196.0,1717443.0,EPSG:5179,2021
3537036,전라북도 고창군 해리면,910362.0,1720358.0,EPSG:5179,2021
3537037,전라북도 고창군 성송면,921495.0,1708052.0,EPSG:5179,2021
3537038,전라북도 고창군 대산면,915787.0,1705271.0,EPSG:5179,2021
3537039,전라북도 고창군 심원면,913586.0,1723987.0,EPSG:5179,2021
3537040,전라북도 고창군 흥덕면,927411.0,1727109.0,EPSG:5179,2021
3537041,전라북도 고창군 성내면,931537.0,1726871.0,EPSG:5179,2021
3537042,전라북도 고창군 신림면,929434.0,1720397.0,EPSG:5179,2021
3537043,전라북도 고창군 부안면,921771.0,1726531.0,EPSG:5179,2021
3538011,전라북도 부안군 부안읍,931693.0,1746078.0,EPSG:5179,2021
3538031,전라북도 부안군 주산면,928426.0,1741275.0,EPSG:5179,2021
3538032,전라북도 부안군 동진면,932013.0,1751914.0,EPSG:5179,2021
3538033,전라북도 부안군 행안면,928184.0,1747691.0,EPSG:5179,2021
3538034,전라북도 부안군 계화면,925437.0,1753343.0,EPSG:5179,2021
3538035,전라북도 부안군 보안면,924413.0,1736355.0,EPSG:5179,2021
3538036,전라북도 부안군 변산면,912600.0,1740074.0,EPSG:5179,2021
3538037,전라북도 부안군 진서면,915905.0,1734678.0,EPSG:5179,2021
3538038,전라북도 부안군 백산면,936016.0,1745303.0,EPSG:5179,2021
3538039,전라북도 부안군 상서면,922685.0,1741764.0,EPSG:5179,2021
3538040,전라북도 부안군 하서면,921105.0,1746661.0,EPSG:5179,2021
3538041,전라북도 부안군 줄포면,927010.0,1733236.0,EPSG:5179,2021
3538042,전라북도 부안군 위도면,889273.0,1733754.0,EPSG:5179,2021
3601051,전라남도 목포시 용당1동,898751.0,1646351.0,EPSG:5179,2021
3601052,전라남도 목포시 용당2동,899391.0,1645636.0,EPSG:5179,2021
3601053,전라남도 목포시 연동,898748.0,1645332.0,EPSG:5179,2021
3601055,전라남도 목포시 산정동,897875.0,1646387.0,EPSG:5179,2021
3601056,전라남도 목포시 연산동,897813.0,1647755.0,EPSG:5179,2021
3601057,전라남도 목포시 원산동,897182.0,1646635.0,EPSG:5179,2021
3601058,전라남도 목포시 대성동,897795.0,1645584.0,EPSG:5179,2021
3601060,전라남도 목포시 목원동,897654.0,1644840.0,EPSG:5179,2021
3601062,전라남도 목포시 동명동,898838.0,1644585.0,EPSG:5179,2021
3601063,전라남도 목포시 삼학동,899551.0,1644659.0,EPSG:5179,2021
3601064,전라남도 목포시 만호동,898898.0,1643971.0,EPSG:5179,2021
3601065,전라남도 목포시 유달동,896805.0,1644396.0,EPSG:5179,2021
3601067,전라남도 목포시 죽교동,896885.0,1645588.0,EPSG:5179,2021
3601068,전라남도 목포시 북항동,896581.0,1646266.0,EPSG:5179,2021
3601069,전라남도 목포시 용해동,899462.0,1647445.0,EPSG:5179,2021
3601070,전라남도 목포시 이로동,900506.0,1645256.0,EPSG:5179,2021
3601071,전라남도 목포시 상동,900773.0,1647688.0,EPSG:5179,2021
3601072,전라남도 목포시 하당동,901225.0,1646595.0,EPSG:5179,2021
3601073,전라남도 목포시 신흥동,901672.0,1645537.0,EPSG:5179,2021
3601074,전라남도 목포시 삼향동,900809.0,1649409.0,EPSG:5179,2021
3601075,전라남도 목포시 옥암동,902716.0,1647202.0,EPSG:5179,2021
3601076,전라남도 목포시 부흥동,903538.0,1645433.0,EPSG:5179,2021
3601077,전라남도 목포시 부주동,903741.0,1646435.0,EPSG:5179,2021
3602011,전라남도 여수시 돌산읍,1024072.0,1628744.0,EPSG:5179,2021
3602031,전라남도 여수시 소라면,1009554.0,1643987.0,EPSG:5179,2021
3602032,전라남도 여수시 율촌면,1007035.0,1651551.0,EPSG:5179,2021
3602033,전라남도 여수시 화양면,1008501.0,1632488.0,EPSG:5179,2021
3602034,전라남도 여수시 남면,1023670.0,1613902.0,EPSG:5179,2021
3602035,전라남도 여수시 화정면,1014780.0,1619706.0,EPSG:5179,2021
3602036,전라남도 여수시 삼산면,976681.0,1582006.0,EPSG:5179,2021
3602051,전라남도 여수시 동문동,1022269.0,1638775.0,EPSG:5179,2021
3602052,전라남도 여수시 한려동,1022899.0,1639009.0,EPSG:5179,2021
3602053,전라남도 여수시 중앙동,1021698.0,1638580.0,EPSG:5179,2021
3602054,전라남도 여수시 충무동,1021038.0,1639575.0,EPSG:5179,2021
3602055,전라남도 여수시 광림동,1020264.0,1639692.0,EPSG:5179,2021
3602056,전라남도 여수시 서강동,1020364.0,1638603.0,EPSG:5179,2021
3602057,전라남도 여수시 대교동,1020402.0,1637916.0,EPSG:5179,2021
3602058,전라남도 여수시 국동,1019620.0,1637489.0,EPSG:5179,2021
3602059,전라남도 여수시 월호동,1018291.0,1637682.0,EPSG:5179,2021
3602060,전라남도 여수시 여서동,1018927.0,1639252.0,EPSG:5179,2021
3602061,전라남도 여수시 문수동,1018185.0,1640139.0,EPSG:5179,2021
3602062,전라남도 여수시 미평동,1019188.0,1642193.0,EPSG:5179,2021
3602063,전라남도 여수시 둔덕동,1017872.0,1642566.0,EPSG:5179,2021
3602064,전라남도 여수시 만덕동,1021828.0,1642772.0,EPSG:5179,2021
3602065,전라남도 여수시 쌍봉동,1013646.0,1639217.0,EPSG:5179,2021
3602066,전라남도 여수시 시전동,1016342.0,1639631.0,EPSG:5179,2021
3602067,전라남도 여수시 여천동,1014188.0,1642296.0,EPSG:5179,2021
3602068,전라남도 여수시 주삼동,1015145.0,1644081.0,EPSG:5179,2021
3602069,전라남도 여수시 삼일동,1018791.0,1647929.0,EPSG:5179,2021
3602070,전라남도 여수시 묘도동,1020370.0,1654344.0,EPSG:5179,2021
3603011,전라남도 순천시 승주읍,987415.0,1669186.0,EPSG:5179,2021
3603031,전라남도 순천시 주암면,976865.0,1674915.0,EPSG:5179,2021
3603032,전라남도 순천시 송광면,976925.0,1666015.0,EPSG:5179,2021
3603033,전라남도 순천시 외서면,979204.0,1657937.0,EPSG:5179,2021
3603034,전라남도 순천시 낙안면,985951.0,1658504.0,EPSG:5179,2021
3603035,전라남도 순천시 별량면,993553.0,1652775.0,EPSG:5179,2021
3603036,전라남도 순천시 상사면,992589.0,1660265.0,EPSG:5179,2021
3603037,전라남도 순천시 해룡면,1004433.0,1656769.0,EPSG:5179,2021
3603038,전라남도 순천시 서면,999406.0,1670324.0,EPSG:5179,2021
3603039,전라남도 순천시 황전면,996277.0,1680088.0,EPSG:5179,2021
3603040,전라남도 순천시 월등면,989981.0,1676750.0,EPSG:5179,2021
3603051,전라남도 순천시 향동,994530.0,1664270.0,EPSG:5179,2021
3603054,전라남도 순천시 매곡동,998132.0,1663109.0,EPSG:5179,2021
3603055,전라남도 순천시 삼산동,997265.0,1665351.0,EPSG:5179,2021
3603056,전라남도 순천시 조곡동,999713.0,1662335.0,EPSG:5179,2021
3603057,전라남도 순천시 덕연동,1001560.0,1660879.0,EPSG:5179,2021
3603058,전라남도 순천시 풍덕동,1000414.0,1660022.0,EPSG:5179,2021
3603059,전라남도 순천시 남제동,998299.0,1660705.0,EPSG:5179,2021
3603060,전라남도 순천시 저전동,997907.0,1661632.0,EPSG:5179,2021
3603061,전라남도 순천시 장천동,998964.0,1661771.0,EPSG:5179,2021
3603062,전라남도 순천시 중앙동,998850.0,1662375.0,EPSG:5179,2021
3603063,전라남도 순천시 도사동,999610.0,1656676.0,EPSG:5179,2021
3603066,전라남도 순천시 왕조1동,1002711.0,1663746.0,EPSG:5179,2021
3603067,전라남도 순천시 왕조2동,1003000.0,1662323.0,EPSG:5179,2021
3604011,전라남도 나주시 남평읍,941860.0,1670578.0,EPSG:5179,2021
3604031,전라남도 나주시 세지면,929931.0,1659420.0,EPSG:5179,2021
3604032,전라남도 나주시 왕곡면,924240.0,1663135.0,EPSG:5179,2021
3604033,전라남도 나주시 반남면,922820.0,1657964.0,EPSG:5179,2021
3604034,전라남도 나주시 공산면,917916.0,1662042.0,EPSG:5179,2021
3604035,전라남도 나주시 동강면,913511.0,1659604.0,EPSG:5179,2021
3604036,전라남도 나주시 다시면,921567.0,1669322.0,EPSG:5179,2021
3604037,전라남도 나주시 문평면,920760.0,1675114.0,EPSG:5179,2021
3604038,전라남도 나주시 노안면,928610.0,1676746.0,EPSG:5179,2021
3604039,전라남도 나주시 금천면,932635.0,1670068.0,EPSG:5179,2021
3604040,전라남도 나주시 산포면,936907.0,1670794.0,EPSG:5179,2021
3604041,전라남도 나주시 다도면,939382.0,1660155.0,EPSG:5179,2021
3604042,전라남도 나주시 봉황면,934496.0,1661341.0,EPSG:5179,2021
3604051,전라남도 나주시 송월동,928991.0,1669338.0,EPSG:5179,2021
3604052,전라남도 나주시 영강동,926523.0,1668602.0,EPSG:5179,2021
3604054,전라남도 나주시 금남동,927452.0,1671295.0,EPSG:5179,2021
3604055,전라남도 나주시 성북동,929139.0,1673117.0,EPSG:5179,2021
3604058,전라남도 나주시 영산동,929671.0,1666233.0,EPSG:5179,2021
3604060,전라남도 나주시 이창동,925853.0,1665928.0,EPSG:5179,2021
3604061,전라남도 나주시 빛가람동,935154.0,1669498.0,EPSG:5179,2021
3606011,전라남도 광양시 광양읍,1009167.0,1662702.0,EPSG:5179,2021
3606031,전라남도 광양시 봉강면,1005976.0,1672641.0,EPSG:5179,2021
3606032,전라남도 광양시 옥룡면,1010422.0,1673237.0,EPSG:5179,2021
3606033,전라남도 광양시 옥곡면,1016255.0,1667021.0,EPSG:5179,2021
3606034,전라남도 광양시 진상면,1016825.0,1673221.0,EPSG:5179,2021
3606035,전라남도 광양시 진월면,1023208.0,1667852.0,EPSG:5179,2021
3606036,전라남도 광양시 다압면,1014979.0,1680434.0,EPSG:5179,2021
3606051,전라남도 광양시 골약동,1014186.0,1659856.0,EPSG:5179,2021
3606053,전라남도 광양시 중마동,1018262.0,1661178.0,EPSG:5179,2021
3606054,전라남도 광양시 광영동,1019801.0,1662958.0,EPSG:5179,2021
3606055,전라남도 광양시 태인동,1023310.0,1661224.0,EPSG:5179,2021
3606056,전라남도 광양시 금호동,1022484.0,1658217.0,EPSG:5179,2021
3631011,전라남도 담양군 담양읍,952972.0,1702934.0,EPSG:5179,2021
3631031,전라남도 담양군 봉산면,950509.0,1697206.0,EPSG:5179,2021
3631032,전라남도 담양군 고서면,952128.0,1691753.0,EPSG:5179,2021
3631034,전라남도 담양군 창평면,955860.0,1692993.0,EPSG:5179,2021
3631035,전라남도 담양군 대덕면,959843.0,1692959.0,EPSG:5179,2021
3631036,전라남도 담양군 무정면,958897.0,1699101.0,EPSG:5179,2021
3631037,전라남도 담양군 금성면,957967.0,1705549.0,EPSG:5179,2021
3631038,전라남도 담양군 용면,955088.0,1712452.0,EPSG:5179,2021
3631039,전라남도 담양군 월산면,948318.0,1707170.0,EPSG:5179,2021
3631040,전라남도 담양군 수북면,947590.0,1701018.0,EPSG:5179,2021
3631041,전라남도 담양군 대전면,944324.0,1698963.0,EPSG:5179,2021
3631042,전라남도 담양군 가사문학면,958089.0,1684975.0,EPSG:5179,2021
3632011,전라남도 곡성군 곡성읍,979185.0,1698304.0,EPSG:5179,2021
3632031,전라남도 곡성군 오곡면,983751.0,1693176.0,EPSG:5179,2021
3632032,전라남도 곡성군 삼기면,975115.0,1690872.0,EPSG:5179,2021
3632033,전라남도 곡성군 석곡면,976204.0,1684392.0,EPSG:5179,2021
3632034,전라남도 곡성군 목사동면,981954.0,1679157.0,EPSG:5179,2021
3632035,전라남도 곡성군 죽곡면,985381.0,1685188.0,EPSG:5179,2021
3632036,전라남도 곡성군 고달면,987526.0,1698031.0,EPSG:5179,2021
3632037,전라남도 곡성군 옥과면,967409.0,1700087.0,EPSG:5179,2021
3632038,전라남도 곡성군 입면,973720.0,1700214.0,EPSG:5179,2021
3632039,전라남도 곡성군 겸면,970638.0,1695360.0,EPSG:5179,2021
3632040,전라남도 곡성군 오산면,965903.0,1692976.0,EPSG:5179,2021
3633011,전라남도 구례군 구례읍,993263.0,1689754.0,EPSG:5179,2021
3633031,전라남도 구례군 문척면,999894.0,1685693.0,EPSG:5179,2021
3633032,전라남도 구례군 간전면,1006141.0,1684153.0,EPSG:5179,2021
3633033,전라남도 구례군 토지면,1005664.0,1693836.0,EPSG:5179,2021
3633034,전라남도 구례군 마산면,999945.0,1694200.0,EPSG:5179,2021
3633035,전라남도 구례군 광의면,997071.0,1697168.0,EPSG:5179,2021
3633036,전라남도 구례군 용방면,993055.0,1694732.0,EPSG:5179,2021
3633037,전라남도 구례군 산동면,997079.0,1702685.0,EPSG:5179,2021
3635011,전라남도 고흥군 고흥읍,978497.0,1623529.0,EPSG:5179,2021
3635012,전라남도 고흥군 도양읍,966822.0,1617617.0,EPSG:5179,2021
3635031,전라남도 고흥군 풍양면,976174.0,1618188.0,EPSG:5179,2021
3635032,전라남도 고흥군 도덕면,971452.0,1617833.0,EPSG:5179,2021
3635033,전라남도 고흥군 금산면,969531.0,1607182.0,EPSG:5179,2021
3635034,전라남도 고흥군 도화면,984434.0,1612629.0,EPSG:5179,2021
3635035,전라남도 고흥군 포두면,986279.0,1619602.0,EPSG:5179,2021
3635036,전라남도 고흥군 봉래면,1000966.0,1605566.0,EPSG:5179,2021
3635037,전라남도 고흥군 동일면,996193.0,1612833.0,EPSG:5179,2021
3635038,전라남도 고흥군 점암면,990860.0,1627708.0,EPSG:5179,2021
3635039,전라남도 고흥군 영남면,995920.0,1623599.0,EPSG:5179,2021
3635040,전라남도 고흥군 과역면,988707.0,1632607.0,EPSG:5179,2021
3635041,전라남도 고흥군 남양면,986650.0,1638553.0,EPSG:5179,2021
3635042,전라남도 고흥군 동강면,984963.0,1644545.0,EPSG:5179,2021
3635043,전라남도 고흥군 대서면,979978.0,1640900.0,EPSG:5179,2021
3635044,전라남도 고흥군 두원면,979698.0,1628990.0,EPSG:5179,2021
3636011,전라남도 보성군 보성읍,960616.0,1639707.0,EPSG:5179,2021
3636012,전라남도 보성군 벌교읍,981937.0,1651399.0,EPSG:5179,2021
3636031,전라남도 보성군 노동면,959179.0,1646359.0,EPSG:5179,2021
3636032,전라남도 보성군 미력면,964004.0,1646070.0,EPSG:5179,2021
3636033,전라남도 보성군 겸백면,968767.0,1647947.0,EPSG:5179,2021
3636034,전라남도 보성군 율어면,972778.0,1652400.0,EPSG:5179,2021
3636035,전라남도 보성군 복내면,965552.0,1656083.0,EPSG:5179,2021
3636036,전라남도 보성군 문덕면,971210.0,1660431.0,EPSG:5179,2021
3636037,전라남도 보성군 조성면,976136.0,1645422.0,EPSG:5179,2021
3636038,전라남도 보성군 득량면,969632.0,1639697.0,EPSG:5179,2021
3636039,전라남도 보성군 회천면,962898.0,1633177.0,EPSG:5179,2021
3636040,전라남도 보성군 웅치면,956187.0,1634823.0,EPSG:5179,2021
3637011,전라남도 화순군 화순읍,951059.0,1674247.0,EPSG:5179,2021
3637031,전라남도 화순군 한천면,957387.0,1664035.0,EPSG:5179,2021
3637032,전라남도 화순군 춘양면,949744.0,1660880.0,EPSG:5179,2021
3637033,전라남도 화순군 청풍면,950083.0,1653626.0,EPSG:5179,2021
3637034,전라남도 화순군 이양면,957064.0,1655241.0,EPSG:5179,2021
3637035,전라남도 화순군 능주면,950404.0,1667930.0,EPSG:5179,2021
3637036,전라남도 화순군 도곡면,946211.0,1668154.0,EPSG:5179,2021
3637037,전라남도 화순군 도암면,944236.0,1657685.0,EPSG:5179,2021
3637038,전라남도 화순군 이서면,960716.0,1679138.0,EPSG:5179,2021
3637040,전라남도 화순군 동복면,967858.0,1675969.0,EPSG:5179,2021
3637042,전라남도 화순군 동면,958350.0,1671886.0,EPSG:5179,2021
3637043,전라남도 화순군 백아면,967238.0,1685318.0,EPSG:5179,2021
3637044,전라남도 화순군 사평면,965759.0,1667527.0,EPSG:5179,2021
3638011,전라남도 장흥군 장흥읍,945491.0,1631871.0,EPSG:5179,2021
3638012,전라남도 장흥군 관산읍,948586.0,1617725.0,EPSG:5179,2021
3638013,전라남도 장흥군 대덕읍,943145.0,1611118.0,EPSG:5179,2021
3638031,전라남도 장흥군 용산면,947422.0,1624510.0,EPSG:5179,2021
3638032,전라남도 장흥군 안양면,953813.0,1629444.0,EPSG:5179,2021
3638033,전라남도 장흥군 장동면,952275.0,1639230.0,EPSG:5179,2021
3638034,전라남도 장흥군 장평면,950883.0,1646052.0,EPSG:5179,2021
3638035,전라남도 장흥군 유치면,941497.0,1644799.0,EPSG:5179,2021
3638036,전라남도 장흥군 부산면,945919.0,1637740.0,EPSG:5179,2021
3638037,전라남도 장흥군 회진면,947619.0,1609274.0,EPSG:5179,2021
3639011,전라남도 강진군 강진읍,930430.0,1626468.0,EPSG:5179,2021
3639031,전라남도 강진군 군동면,937982.0,1628013.0,EPSG:5179,2021
3639032,전라남도 강진군 칠량면,938896.0,1620733.0,EPSG:5179,2021
3639033,전라남도 강진군 대구면,937401.0,1613574.0,EPSG:5179,2021
3639034,전라남도 강진군 마량면,938743.0,1609193.0,EPSG:5179,2021
3639035,전라남도 강진군 도암면,929323.0,1619564.0,EPSG:5179,2021
3639036,전라남도 강진군 신전면,927702.0,1612123.0,EPSG:5179,2021
3639037,전라남도 강진군 성전면,927852.0,1635236.0,EPSG:5179,2021
3639038,전라남도 강진군 작천면,933199.0,1635219.0,EPSG:5179,2021
3639039,전라남도 강진군 병영면,938228.0,1635344.0,EPSG:5179,2021
3639040,전라남도 강진군 옴천면,934737.0,1640610.0,EPSG:5179,2021
3640011,전라남도 해남군 해남읍,914334.0,1618616.0,EPSG:5179,2021
3640031,전라남도 해남군 삼산면,917759.0,1613454.0,EPSG:5179,2021
3640032,전라남도 해남군 화산면,907687.0,1610174.0,EPSG:5179,2021
3640033,전라남도 해남군 현산면,914529.0,1607044.0,EPSG:5179,2021
3640034,전라남도 해남군 송지면,912891.0,1597301.0,EPSG:5179,2021
3640035,전라남도 해남군 북평면,917322.0,1599252.0,EPSG:5179,2021
3640036,전라남도 해남군 북일면,925202.0,1607921.0,EPSG:5179,2021
3640037,전라남도 해남군 옥천면,922518.0,1619066.0,EPSG:5179,2021
3640038,전라남도 해남군 계곡면,920931.0,1629242.0,EPSG:5179,2021
3640039,전라남도 해남군 마산면,912588.0,1626694.0,EPSG:5179,2021
3640040,전라남도 해남군 황산면,902281.0,1620404.0,EPSG:5179,2021
3640041,전라남도 해남군 산이면,901839.0,1629966.0,EPSG:5179,2021
3640042,전라남도 해남군 문내면,892678.0,1623943.0,EPSG:5179,2021
3640043,전라남도 해남군 화원면,890768.0,1632918.0,EPSG:5179,2021
3641011,전라남도 영암군 영암읍,929085.0,1644344.0,EPSG:5179,2021
3641012,전라남도 영암군 삼호읍,906198.0,1640440.0,EPSG:5179,2021
3641031,전라남도 영암군 덕진면,927017.0,1648674.0,EPSG:5179,2021
3641032,전라남도 영암군 금정면,934347.0,1651169.0,EPSG:5179,2021
3641033,전라남도 영암군 신북면,925984.0,1655589.0,EPSG:5179,2021
3641034,전라남도 영암군 시종면,917028.0,1653120.0,EPSG:5179,2021
3641035,전라남도 영암군 도포면,921539.0,1650390.0,EPSG:5179,2021
3641036,전라남도 영암군 군서면,920344.0,1641376.0,EPSG:5179,2021
3641037,전라남도 영암군 서호면,915341.0,1642404.0,EPSG:5179,2021
3641038,전라남도 영암군 학산면,912330.0,1639377.0,EPSG:5179,2021
3641039,전라남도 영암군 미암면,913884.0,1633782.0,EPSG:5179,2021
3642011,전라남도 무안군 무안읍,906120.0,1666873.0,EPSG:5179,2021
3642012,전라남도 무안군 일로읍,909361.0,1649240.0,EPSG:5179,2021
3642013,전라남도 무안군 삼향읍,903230.0,1651709.0,EPSG:5179,2021
3642032,전라남도 무안군 몽탄면,908679.0,1659189.0,EPSG:5179,2021
3642033,전라남도 무안군 청계면,901732.0,1660615.0,EPSG:5179,2021
3642034,전라남도 무안군 현경면,899101.0,1671620.0,EPSG:5179,2021
3642035,전라남도 무안군 망운면,897705.0,1667932.0,EPSG:5179,2021
3642036,전라남도 무안군 해제면,890475.0,1679105.0,EPSG:5179,2021
3642037,전라남도 무안군 운남면,894236.0,1661971.0,EPSG:5179,2021
3643011,전라남도 함평군 함평읍,907786.0,1675232.0,EPSG:5179,2021
3643031,전라남도 함평군 손불면,902697.0,1683433.0,EPSG:5179,2021
3643032,전라남도 함평군 신광면,907814.0,1685744.0,EPSG:5179,2021
3643033,전라남도 함평군 학교면,914389.0,1669927.0,EPSG:5179,2021
3643034,전라남도 함평군 엄다면,910043.0,1669170.0,EPSG:5179,2021
3643035,전라남도 함평군 대동면,912459.0,1678744.0,EPSG:5179,2021
3643036,전라남도 함평군 나산면,918416.0,1681115.0,EPSG:5179,2021
3643037,전라남도 함평군 해보면,915861.0,1686461.0,EPSG:5179,2021
3643038,전라남도 함평군 월야면,920460.0,1688782.0,EPSG:5179,2021
3644011,전라남도 영광군 영광읍,909594.0,1700373.0,EPSG:5179,2021
3644012,전라남도 영광군 백수읍,900947.0,1702246.0,EPSG:5179,2021
3644013,전라남도 영광군 홍농읍,904160.0,1712274.0,EPSG:5179,2021
3644031,전라남도 영광군 대마면,917413.0,1700834.0,EPSG:5179,2021
3644032,전라남도 영광군 묘량면,914420.0,1694669.0,EPSG:5179,2021
3644033,전라남도 영광군 불갑면,910079.0,1690840.0,EPSG:5179,2021
3644034,전라남도 영광군 군서면,906299.0,1696983.0,EPSG:5179,2021
3644035,전라남도 영광군 군남면,903424.0,1692594.0,EPSG:5179,2021
3644036,전라남도 영광군 염산면,897374.0,1693514.0,EPSG:5179,2021
3644037,전라남도 영광군 법성면,906535.0,1706917.0,EPSG:5179,2021
3644038,전라남도 영광군 낙월면,876608.0,1699805.0,EPSG:5179,2021
3645011,전라남도 장성군 장성읍,937823.0,1703651.0,EPSG:5179,2021
3645031,전라남도 장성군 진원면,940070.0,1697220.0,EPSG:5179,2021
3645032,전라남도 장성군 남면,936177.0,1694463.0,EPSG:5179,2021
3645033,전라남도 장성군 동화면,928963.0,1696826.0,EPSG:5179,2021
3645034,전라남도 장성군 삼서면,922074.0,1693351.0,EPSG:5179,2021
3645035,전라남도 장성군 삼계면,924058.0,1699214.0,EPSG:5179,2021
3645036,전라남도 장성군 황룡면,930137.0,1701650.0,EPSG:5179,2021
3645037,전라남도 장성군 서삼면,931984.0,1706267.0,EPSG:5179,2021
3645038,전라남도 장성군 북일면,934364.0,1710319.0,EPSG:5179,2021
3645039,전라남도 장성군 북이면,936074.0,1715334.0,EPSG:5179,2021
3645040,전라남도 장성군 북하면,942702.0,1712569.0,EPSG:5179,2021
3646011,전라남도 완도군 완도읍,927850.0,1593740.0,EPSG:5179,2021
3646012,전라남도 완도군 금일읍,958245.0,1595132.0,EPSG:5179,2021
3646013,전라남도 완도군 노화읍,915958.0,1579166.0,EPSG:5179,2021
3646031,전라남도 완도군 군외면,923632.0,1597844.0,EPSG:5179,2021
3646032,전라남도 완도군 신지면,940609.0,1593559.0,EPSG:5179,2021
3646033,전라남도 완도군 고금면,936431.0,1601796.0,EPSG:5179,2021
3646034,전라남도 완도군 약산면,945889.0,1598701.0,EPSG:5179,2021
3646035,전라남도 완도군 청산면,943926.0,1576973.0,EPSG:5179,2021
3646036,전라남도 완도군 소안면,922254.0,1574055.0,EPSG:5179,2021
3646037,전라남도 완도군 금당면,959112.0,1605328.0,EPSG:5179,2021
3646038,전라남도 완도군 보길면,911583.0,1573830.0,EPSG:5179,2021
3646039,전라남도 완도군 생일면,952779.0,1592391.0,EPSG:5179,2021
3647011,전라남도 진도군 진도읍,883968.0,1611517.0,EPSG:5179,2021
3647031,전라남도 진도군 군내면,888300.0,1616554.0,EPSG:5179,2021
3647032,전라남도 진도군 고군면,893880.0,1610085.0,EPSG:5179,2021
3647033,전라남도 진도군 의신면,888236.0,1605719.0,EPSG:5179,2021
3647034,전라남도 진도군 임회면,882163.0,1601900.0,EPSG:5179,2021
3647035,전라남도 진도군 지산면,877540.0,1606344.0,EPSG:5179,2021
3647036,전라남도 진도군 조도면,866323.0,1590181.0,EPSG:5179,2021
3648011,전라남도 신안군 지도읍,884612.0,1675120.0,EPSG:5179,2021
3648012,전라남도 신안군 압해읍,890461.0,1653962.0,EPSG:5179,2021
3648031,전라남도 신안군 증도면,877366.0,1667388.0,EPSG:5179,2021
3648032,전라남도 신안군 임자면,870894.0,1678448.0,EPSG:5179,2021
3648033,전라남도 신안군 자은면,867247.0,1656031.0,EPSG:5179,2021
3648034,전라남도 신안군 비금면,857635.0,1643093.0,EPSG:5179,2021
3648035,전라남도 신안군 도초면,859184.0,1634586.0,EPSG:5179,2021
3648036,전라남도 신안군 흑산면,808589.0,1631642.0,EPSG:5179,2021
3648037,전라남도 신안군 하의면,865520.0,1624300.0,EPSG:5179,2021
3648038,전라남도 신안군 신의면,870015.0,1623895.0,EPSG:5179,2021
3648039,전라남도 신안군 장산면,876182.0,1628492.0,EPSG:5179,2021
3648040,전라남도 신안군 안좌면,873996.0,1639521.0,EPSG:5179,2021
3648041,전라남도 신안군 팔금면,875799.0,1644236.0,EPSG:5179,2021
3648042,전라남도 신안군 암태면,872566.0,1650562.0,EPSG:5179,2021
3701111,경상북도 포항시 남구 구룡포읍,1183500.0,1778428.0,EPSG:5179,2021
3701112,경상북도 포항시 남구 연일읍,1163725.0,1780102.0,EPSG:5179,2021
3701113,경상북도 포항시 남구 오천읍,1171111.0,1770765.0,EPSG:5179,2021
3701131,경상북도 포항시 남구 대송면,1167123.0,1773581.0,EPSG:5179,2021
3701132,경상북도 포항시 남구 동해면,1179068.0,1779704.0,EPSG:5179,2021
3701133,경상북도 포항시 남구 장기면,1178392.0,1769091.0,EPSG:5179,2021
3701135,경상북도 포항시 남구 호미곶면,1185135.0,1785957.0,EPSG:5179,2021
3701155,경상북도 포항시 남구 송도동,1169091.0,1783620.0,EPSG:5179,2021
3701156,경상북도 포항시 남구 청림동,1172699.0,1779327.0,EPSG:5179,2021
3701157,경상북도 포항시 남구 제철동,1169723.0,1780074.0,EPSG:5179,2021
3701158,경상북도 포항시 남구 효곡동,1164386.0,1781891.0,EPSG:5179,2021
3701159,경상북도 포항시 남구 대이동,1165528.0,1782518.0,EPSG:5179,2021
3701160,경상북도 포항시 남구 상대동,1167415.0,1781070.0,EPSG:5179,2021
3701161,경상북도 포항시 남구 해도동,1168618.0,1781942.0,EPSG:5179,2021
3701211,경상북도 포항시 북구 흥해읍,1166910.0,1792066.0,EPSG:5179,2021
3701231,경상북도 포항시 북구 신광면,1157880.0,1795866.0,EPSG:5179,2021
3701232,경상북도 포항시 북구 청하면,1164029.0,1800991.0,EPSG:5179,2021
3701233,경상북도 포항시 북구 송라면,1163630.0,1806817.0,EPSG:5179,2021
3701234,경상북도 포항시 북구 기계면,1151100.0,1789132.0,EPSG:5179,2021
3701235,경상북도 포항시 북구 죽장면,1147485.0,1803221.0,EPSG:5179,2021
3701236,경상북도 포항시 북구 기북면,1151451.0,1796234.0,EPSG:5179,2021
3701258,경상북도 포항시 북구 양학동,1166113.0,1783345.0,EPSG:5179,2021
3701261,경상북도 포항시 북구 용흥동,1166634.0,1784354.0,EPSG:5179,2021
3701263,경상북도 포항시 북구 우창동,1167262.0,1786663.0,EPSG:5179,2021
3701264,경상북도 포항시 북구 두호동,1169714.0,1787105.0,EPSG:5179,2021
3701265,경상북도 포항시 북구 장량동,1169529.0,1789027.0,EPSG:5179,2021
3701266,경상북도 포항시 북구 환여동,1171559.0,1788160.0,EPSG:5179,2021
3701267,경상북도 포항시 북구 중앙동,1168070.0,1784938.0,EPSG:5179,2021
3701268,경상북도 포항시 북구 죽도동,1167444.0,1782623.0,EPSG:5179,2021
3702011,경상북도 경주시 감포읍,1178779.0,1758432.0,EPSG:5179,2021
3702012,경상북도 경주시 안강읍,1151842.0,1777380.0,EPSG:5179,2021
3702013,경상북도 경주시 건천읍,1144810.0,1760651.0,EPSG:5179,2021
3702014,경상북도 경주시 외동읍,1164034.0,1747731.0,EPSG:5179,2021
3702032,경상북도 경주시 양남면,1174168.0,1747432.0,EPSG:5179,2021
3702033,경상북도 경주시 내남면,1151429.0,1751436.0,EPSG:5179,2021
3702034,경상북도 경주시 산내면,1139000.0,1751403.0,EPSG:5179,2021
3702035,경상북도 경주시 서면,1141299.0,1767812.0,EPSG:5179,2021
3702036,경상북도 경주시 현곡면,1150712.0,1767976.0,EPSG:5179,2021
3702037,경상북도 경주시 강동면,1159746.0,1779068.0,EPSG:5179,2021
3702038,경상북도 경주시 천북면,1160337.0,1768966.0,EPSG:5179,2021
3702039,경상북도 경주시 문무대왕면,1172959.0,1757469.0,EPSG:5179,2021
3702051,경상북도 경주시 중부동,1154318.0,1762169.0,EPSG:5179,2021
3702055,경상북도 경주시 성건동,1152891.0,1763617.0,EPSG:5179,2021
3702058,경상북도 경주시 월성동,1157784.0,1758503.0,EPSG:5179,2021
3702059,경상북도 경주시 선도동,1150347.0,1761425.0,EPSG:5179,2021
3702062,경상북도 경주시 용강동,1156384.0,1765298.0,EPSG:5179,2021
3702063,경상북도 경주시 황성동,1154862.0,1764938.0,EPSG:5179,2021
3702064,경상북도 경주시 동천동,1156879.0,1762982.0,EPSG:5179,2021
3702066,경상북도 경주시 불국동,1162513.0,1755453.0,EPSG:5179,2021
3702067,경상북도 경주시 보덕동,1164219.0,1762623.0,EPSG:5179,2021
3702068,경상북도 경주시 황오동,1155279.0,1762278.0,EPSG:5179,2021
3702069,경상북도 경주시 황남동,1153432.0,1758240.0,EPSG:5179,2021
3703011,경상북도 김천시 아포읍,1067452.0,1795645.0,EPSG:5179,2021
3703031,경상북도 김천시 농소면,1061601.0,1787076.0,EPSG:5179,2021
3703032,경상북도 김천시 남면,1066640.0,1788974.0,EPSG:5179,2021
3703033,경상북도 김천시 개령면,1061283.0,1797606.0,EPSG:5179,2021
3703034,경상북도 김천시 감문면,1060387.0,1802904.0,EPSG:5179,2021
3703035,경상북도 김천시 어모면,1053522.0,1800819.0,EPSG:5179,2021
3703036,경상북도 김천시 봉산면,1047732.0,1797177.0,EPSG:5179,2021
3703037,경상북도 김천시 대항면,1045719.0,1789407.0,EPSG:5179,2021
3703038,경상북도 김천시 감천면,1057641.0,1785087.0,EPSG:5179,2021
3703039,경상북도 김천시 조마면,1055709.0,1779399.0,EPSG:5179,2021
3703040,경상북도 김천시 구성면,1047816.0,1782972.0,EPSG:5179,2021
3703041,경상북도 김천시 지례면,1049281.0,1774400.0,EPSG:5179,2021
3703042,경상북도 김천시 부항면,1039260.0,1778284.0,EPSG:5179,2021
3703043,경상북도 김천시 대덕면,1040555.0,1768818.0,EPSG:5179,2021
3703044,경상북도 김천시 증산면,1047869.0,1764838.0,EPSG:5179,2021
3703055,경상북도 김천시 양금동,1054758.0,1789088.0,EPSG:5179,2021
3703056,경상북도 김천시 대신동,1054777.0,1794424.0,EPSG:5179,2021
3703058,경상북도 김천시 대곡동,1052373.0,1791096.0,EPSG:5179,2021
3703059,경상북도 김천시 지좌동,1057980.0,1791252.0,EPSG:5179,2021
3703060,경상북도 김천시 자산동,1056172.0,1792056.0,EPSG:5179,2021
3703061,경상북도 김천시 평화남산동,1055233.0,1791774.0,EPSG:5179,2021
3703062,경상북도 김천시 율곡동,1061773.0,1792167.0,EPSG:5179,2021
3704011,경상북도 안동시 풍산읍,1097072.0,1844566.0,EPSG:5179,2021
3704031,경상북도 안동시 와룡면,1115568.0,1848828.0,EPSG:5179,2021
3704032,경상북도 안동시 북후면,1105058.0,1854028.0,EPSG:5179,2021
3704033,경상북도 안동시 서후면,1103385.0,1848437.0,EPSG:5179,2021
3704034,경상북도 안동시 풍천면,1090945.0,1836922.0,EPSG:5179,2021
3704035,경상북도 안동시 일직면,1101943.0,1830251.0,EPSG:5179,2021
3704036,경상북도 안동시 남후면,1100764.0,1837356.0,EPSG:5179,2021
3704037,경상북도 안동시 남선면,1112234.0,1835189.0,EPSG:5179,2021
3704038,경상북도 안동시 임하면,1120615.0,1835598.0,EPSG:5179,2021
3704039,경상북도 안동시 길안면,1126920.0,1824877.0,EPSG:5179,2021
3704040,경상북도 안동시 임동면,1128835.0,1843315.0,EPSG:5179,2021
3704041,경상북도 안동시 예안면,1126206.0,1854957.0,EPSG:5179,2021
3704042,경상북도 안동시 도산면,1120220.0,1861946.0,EPSG:5179,2021
3704043,경상북도 안동시 녹전면,1113241.0,1862106.0,EPSG:5179,2021
3704051,경상북도 안동시 중구동,1110620.0,1841688.0,EPSG:5179,2021
3704052,경상북도 안동시 명륜동,1110819.0,1843489.0,EPSG:5179,2021
3704054,경상북도 안동시 용상동,1115142.0,1841188.0,EPSG:5179,2021
3704056,경상북도 안동시 태화동,1108156.0,1840984.0,EPSG:5179,2021
3704058,경상북도 안동시 평화동,1108486.0,1842328.0,EPSG:5179,2021
3704059,경상북도 안동시 안기동,1108542.0,1844699.0,EPSG:5179,2021
3704060,경상북도 안동시 옥동,1106640.0,1840767.0,EPSG:5179,2021
3704061,경상북도 안동시 송하동,1106408.0,1843143.0,EPSG:5179,2021
3704062,경상북도 안동시 서구동,1109293.0,1841483.0,EPSG:5179,2021
3704063,경상북도 안동시 강남동,1109020.0,1839116.0,EPSG:5179,2021
3705011,경상북도 구미시 선산읍,1071225.0,1805321.0,EPSG:5179,2021
3705012,경상북도 구미시 고아읍,1074500.0,1798881.0,EPSG:5179,2021
3705013,경상북도 구미시 산동읍,1085798.0,1798439.0,EPSG:5179,2021
3705031,경상북도 구미시 무을면,1061838.0,1808018.0,EPSG:5179,2021
3705032,경상북도 구미시 옥성면,1068331.0,1812074.0,EPSG:5179,2021
3705033,경상북도 구미시 도개면,1076623.0,1812238.0,EPSG:5179,2021
3705034,경상북도 구미시 해평면,1080046.0,1803051.0,EPSG:5179,2021
3705036,경상북도 구미시 장천면,1091218.0,1795038.0,EPSG:5179,2021
3705051,경상북도 구미시 송정동,1076262.0,1791557.0,EPSG:5179,2021
3705055,경상북도 구미시 도량동,1074449.0,1794191.0,EPSG:5179,2021
3705056,경상북도 구미시 지산동,1076956.0,1793600.0,EPSG:5179,2021
3705057,경상북도 구미시 선주원남동,1072415.0,1792249.0,EPSG:5179,2021
3705059,경상북도 구미시 형곡1동,1074935.0,1791172.0,EPSG:5179,2021
3705060,경상북도 구미시 형곡2동,1075094.0,1789946.0,EPSG:5179,2021
3705061,경상북도 구미시 신평1동,1077605.0,1791839.0,EPSG:5179,2021
3705062,경상북도 구미시 신평2동,1077903.0,1792457.0,EPSG:5179,2021
3705066,경상북도 구미시 광평동,1077205.0,1790583.0,EPSG:5179,2021
3705067,경상북도 구미시 상모사곡동,1076386.0,1788700.0,EPSG:5179,2021
3705069,경상북도 구미시 임오동,1077918.0,1786814.0,EPSG:5179,2021
3705070,경상북도 구미시 인동동,1085143.0,1789512.0,EPSG:5179,2021
3705071,경상북도 구미시 진미동,1081906.0,1789798.0,EPSG:5179,2021
3705072,경상북도 구미시 양포동,1082825.0,1793394.0,EPSG:5179,2021
3705073,경상북도 구미시 비산동,1079252.0,1791716.0,EPSG:5179,2021
3705074,경상북도 구미시 공단동,1079286.0,1789191.0,EPSG:5179,2021
3705075,경상북도 구미시 원평동,1075620.0,1792640.0,EPSG:5179,2021
3706011,경상북도 영주시 풍기읍,1088107.0,1878639.0,EPSG:5179,2021
3706031,경상북도 영주시 이산면,1106191.0,1869514.0,EPSG:5179,2021
3706032,경상북도 영주시 평은면,1107144.0,1861118.0,EPSG:5179,2021
3706033,경상북도 영주시 문수면,1100366.0,1861762.0,EPSG:5179,2021
3706034,경상북도 영주시 장수면,1095332.0,1865150.0,EPSG:5179,2021
3706035,경상북도 영주시 안정면,1094234.0,1872145.0,EPSG:5179,2021
3706036,경상북도 영주시 봉현면,1088901.0,1870350.0,EPSG:5179,2021
3706037,경상북도 영주시 순흥면,1093454.0,1882185.0,EPSG:5179,2021
3706038,경상북도 영주시 단산면,1097451.0,1886107.0,EPSG:5179,2021
3706039,경상북도 영주시 부석면,1102834.0,1888601.0,EPSG:5179,2021
3706051,경상북도 영주시 상망동,1101453.0,1873531.0,EPSG:5179,2021
3706053,경상북도 영주시 하망동,1101375.0,1870171.0,EPSG:5179,2021
3706055,경상북도 영주시 영주1동,1099964.0,1870711.0,EPSG:5179,2021
3706058,경상북도 영주시 영주2동,1099753.0,1870145.0,EPSG:5179,2021
3706059,경상북도 영주시 휴천1동,1102507.0,1869097.0,EPSG:5179,2021
3706060,경상북도 영주시 휴천2동,1099929.0,1868363.0,EPSG:5179,2021
3706061,경상북도 영주시 휴천3동,1101349.0,1867325.0,EPSG:5179,2021
3706062,경상북도 영주시 가흥1동,1098509.0,1867854.0,EPSG:5179,2021
3706063,경상북도 영주시 가흥2동,1098093.0,1871927.0,EPSG:5179,2021
3707011,경상북도 영천시 금호읍,1126246.0,1770348.0,EPSG:5179,2021
3707031,경상북도 영천시 청통면,1118527.0,1778357.0,EPSG:5179,2021
3707032,경상북도 영천시 신녕면,1113380.0,1784964.0,EPSG:5179,2021
3707033,경상북도 영천시 화산면,1122071.0,1783380.0,EPSG:5179,2021
3707034,경상북도 영천시 화북면,1129895.0,1793614.0,EPSG:5179,2021
3707035,경상북도 영천시 화남면,1125723.0,1788017.0,EPSG:5179,2021
3707036,경상북도 영천시 자양면,1138665.0,1790549.0,EPSG:5179,2021
3707037,경상북도 영천시 임고면,1138274.0,1784002.0,EPSG:5179,2021
3707038,경상북도 영천시 고경면,1140787.0,1777397.0,EPSG:5179,2021
3707039,경상북도 영천시 북안면,1135734.0,1768147.0,EPSG:5179,2021
3707040,경상북도 영천시 대창면,1128122.0,1763992.0,EPSG:5179,2021
3707051,경상북도 영천시 동부동,1131150.0,1777631.0,EPSG:5179,2021
3707052,경상북도 영천시 중앙동,1128880.0,1780066.0,EPSG:5179,2021
3707053,경상북도 영천시 서부동,1126596.0,1776099.0,EPSG:5179,2021
3707054,경상북도 영천시 완산동,1130999.0,1774908.0,EPSG:5179,2021
3707055,경상북도 영천시 남부동,1131121.0,1771142.0,EPSG:5179,2021
3708011,경상북도 상주시 함창읍,1062454.0,1839313.0,EPSG:5179,2021
3708032,경상북도 상주시 중동면,1070488.0,1826183.0,EPSG:5179,2021
3708033,경상북도 상주시 낙동면,1066111.0,1818739.0,EPSG:5179,2021
3708034,경상북도 상주시 청리면,1056977.0,1814769.0,EPSG:5179,2021
3708035,경상북도 상주시 공성면,1051595.0,1810234.0,EPSG:5179,2021
3708036,경상북도 상주시 외남면,1052251.0,1818122.0,EPSG:5179,2021
3708037,경상북도 상주시 내서면,1049327.0,1824154.0,EPSG:5179,2021
3708038,경상북도 상주시 모동면,1042009.0,1811369.0,EPSG:5179,2021
3708039,경상북도 상주시 모서면,1038462.0,1815355.0,EPSG:5179,2021
3708040,경상북도 상주시 화동면,1040967.0,1821906.0,EPSG:5179,2021
3708041,경상북도 상주시 화서면,1040413.0,1828480.0,EPSG:5179,2021
3708042,경상북도 상주시 화북면,1034299.0,1842529.0,EPSG:5179,2021
3708043,경상북도 상주시 외서면,1050889.0,1831837.0,EPSG:5179,2021
3708044,경상북도 상주시 은척면,1048988.0,1837823.0,EPSG:5179,2021
3708045,경상북도 상주시 공검면,1056779.0,1835702.0,EPSG:5179,2021
3708046,경상북도 상주시 이안면,1055558.0,1842015.0,EPSG:5179,2021
3708047,경상북도 상주시 화남면,1036246.0,1828301.0,EPSG:5179,2021
3708048,경상북도 상주시 사벌국면,1064622.0,1831971.0,EPSG:5179,2021
3708052,경상북도 상주시 남원동,1056128.0,1824466.0,EPSG:5179,2021
3708053,경상북도 상주시 북문동,1058922.0,1828131.0,EPSG:5179,2021
3708054,경상북도 상주시 계림동,1061256.0,1827085.0,EPSG:5179,2021
3708055,경상북도 상주시 동문동,1063778.0,1825453.0,EPSG:5179,2021
3708056,경상북도 상주시 동성동,1060761.0,1822753.0,EPSG:5179,2021
3708057,경상북도 상주시 신흥동,1059069.0,1819157.0,EPSG:5179,2021
3709011,경상북도 문경시 문경읍,1056005.0,1863695.0,EPSG:5179,2021
3709012,경상북도 문경시 가은읍,1045653.0,1851450.0,EPSG:5179,2021
3709031,경상북도 문경시 영순면,1067230.0,1841128.0,EPSG:5179,2021
3709032,경상북도 문경시 산양면,1067867.0,1847464.0,EPSG:5179,2021
3709033,경상북도 문경시 호계면,1062637.0,1852193.0,EPSG:5179,2021
3709034,경상북도 문경시 산북면,1067292.0,1857584.0,EPSG:5179,2021
3709035,경상북도 문경시 동로면,1071061.0,1865284.0,EPSG:5179,2021
3709036,경상북도 문경시 마성면,1055049.0,1854421.0,EPSG:5179,2021
3709037,경상북도 문경시 농암면,1042961.0,1842892.0,EPSG:5179,2021
3709057,경상북도 문경시 점촌1동,1062240.0,1844743.0,EPSG:5179,2021
3709058,경상북도 문경시 점촌2동,1063239.0,1843244.0,EPSG:5179,2021
3709059,경상북도 문경시 점촌3동,1062417.0,1847138.0,EPSG:5179,2021
3709060,경상북도 문경시 점촌4동,1058478.0,1847603.0,EPSG:5179,2021
3709061,경상북도 문경시 점촌5동,1061330.0,1843806.0,EPSG:5179,2021
3710011,경상북도 경산시 하양읍,1116161.0,1769320.0,EPSG:5179,2021
3710012,경상북도 경산시 진량읍,1120505.0,1764600.0,EPSG:5179,2021
3710013,경상북도 경산시 압량읍,1115489.0,1761699.0,EPSG:5179,2021
3710031,경상북도 경산시 와촌면,1116984.0,1774119.0,EPSG:5179,2021
3710032,경상북도 경산시 자인면,1119632.0,1759206.0,EPSG:5179,2021
3710033,경상북도 경산시 용성면,1126618.0,1756853.0,EPSG:5179,2021
3710034,경상북도 경산시 남산면,1119531.0,1753597.0,EPSG:5179,2021
3710036,경상북도 경산시 남천면,1111927.0,1751751.0,EPSG:5179,2021
3710051,경상북도 경산시 중앙동,1111976.0,1759197.0,EPSG:5179,2021
3710052,경상북도 경산시 동부동,1114693.0,1756961.0,EPSG:5179,2021
3710053,경상북도 경산시 서부1동,1110621.0,1758209.0,EPSG:5179,2021
3710054,경상북도 경산시 남부동,1112311.0,1757065.0,EPSG:5179,2021
3710055,경상북도 경산시 북부동,1113129.0,1760759.0,EPSG:5179,2021
3710056,경상북도 경산시 중방동,1111486.0,1759948.0,EPSG:5179,2021
3710057,경상북도 경산시 서부2동,1110414.0,1760164.0,EPSG:5179,2021
3731011,경상북도 군위군 군위읍,1096410.0,1804967.0,EPSG:5179,2021
3731031,경상북도 군위군 소보면,1087751.0,1807692.0,EPSG:5179,2021
3731032,경상북도 군위군 효령면,1098706.0,1794033.0,EPSG:5179,2021
3731033,경상북도 군위군 부계면,1104494.0,1785657.0,EPSG:5179,2021
3731034,경상북도 군위군 우보면,1104312.0,1797590.0,EPSG:5179,2021
3731035,경상북도 군위군 의흥면,1111372.0,1797751.0,EPSG:5179,2021
3731036,경상북도 군위군 산성면,1108889.0,1789986.0,EPSG:5179,2021
3731038,경상북도 군위군 삼국유사면,1118786.0,1795715.0,EPSG:5179,2021
3732011,경상북도 의성군 의성읍,1107672.0,1817515.0,EPSG:5179,2021
3732031,경상북도 의성군 단촌면,1107429.0,1826264.0,EPSG:5179,2021
3732032,경상북도 의성군 점곡면,1113630.0,1824540.0,EPSG:5179,2021
3732033,경상북도 의성군 옥산면,1119512.0,1819178.0,EPSG:5179,2021
3732034,경상북도 의성군 사곡면,1116282.0,1811974.0,EPSG:5179,2021
3732035,경상북도 의성군 춘산면,1118415.0,1805619.0,EPSG:5179,2021
3732036,경상북도 의성군 가음면,1112142.0,1803355.0,EPSG:5179,2021
3732037,경상북도 의성군 금성면,1106450.0,1807595.0,EPSG:5179,2021
3732038,경상북도 의성군 봉양면,1099643.0,1812502.0,EPSG:5179,2021
3732039,경상북도 의성군 비안면,1091231.0,1816129.0,EPSG:5179,2021
3732040,경상북도 의성군 구천면,1082808.0,1815378.0,EPSG:5179,2021
3732041,경상북도 의성군 단밀면,1076615.0,1818938.0,EPSG:5179,2021
3732042,경상북도 의성군 단북면,1080415.0,1822360.0,EPSG:5179,2021
3732043,경상북도 의성군 안계면,1086249.0,1822248.0,EPSG:5179,2021
3732044,경상북도 의성군 다인면,1077977.0,1829488.0,EPSG:5179,2021
3732045,경상북도 의성군 신평면,1090739.0,1830754.0,EPSG:5179,2021
3732046,경상북도 의성군 안평면,1097371.0,1821523.0,EPSG:5179,2021
3732047,경상북도 의성군 안사면,1085608.0,1829255.0,EPSG:5179,2021
3733011,경상북도 청송군 청송읍,1143291.0,1826239.0,EPSG:5179,2021
3733032,경상북도 청송군 부남면,1146490.0,1812187.0,EPSG:5179,2021
3733033,경상북도 청송군 현동면,1137437.0,1807554.0,EPSG:5179,2021
3733034,경상북도 청송군 현서면,1128425.0,1804395.0,EPSG:5179,2021
3733035,경상북도 청송군 안덕면,1131288.0,1814554.0,EPSG:5179,2021
3733036,경상북도 청송군 파천면,1136918.0,1829474.0,EPSG:5179,2021
3733037,경상북도 청송군 진보면,1139885.0,1837423.0,EPSG:5179,2021
3733038,경상북도 청송군 주왕산면,1149422.0,1819600.0,EPSG:5179,2021
3734011,경상북도 영양군 영양읍,1149435.0,1851817.0,EPSG:5179,2021
3734031,경상북도 영양군 입암면,1139488.0,1845766.0,EPSG:5179,2021
3734032,경상북도 영양군 청기면,1137712.0,1858678.0,EPSG:5179,2021
3734033,경상북도 영양군 일월면,1145209.0,1863753.0,EPSG:5179,2021
3734034,경상북도 영양군 수비면,1153651.0,1866836.0,EPSG:5179,2021
3734035,경상북도 영양군 석보면,1149674.0,1841032.0,EPSG:5179,2021
3735011,경상북도 영덕군 영덕읍,1168661.0,1828253.0,EPSG:5179,2021
3735031,경상북도 영덕군 강구면,1167553.0,1822070.0,EPSG:5179,2021
3735032,경상북도 영덕군 남정면,1164810.0,1814486.0,EPSG:5179,2021
3735033,경상북도 영덕군 달산면,1158996.0,1821100.0,EPSG:5179,2021
3735034,경상북도 영덕군 지품면,1156606.0,1830452.0,EPSG:5179,2021
3735035,경상북도 영덕군 축산면,1168612.0,1834728.0,EPSG:5179,2021
3735036,경상북도 영덕군 영해면,1164313.0,1838600.0,EPSG:5179,2021
3735037,경상북도 영덕군 병곡면,1168634.0,1847234.0,EPSG:5179,2021
3735038,경상북도 영덕군 창수면,1160664.0,1846481.0,EPSG:5179,2021
3736011,경상북도 청도군 화양읍,1110084.0,1741774.0,EPSG:5179,2021
3736012,경상북도 청도군 청도읍,1113783.0,1737609.0,EPSG:5179,2021
3736031,경상북도 청도군 각남면,1104680.0,1736288.0,EPSG:5179,2021
3736032,경상북도 청도군 풍각면,1097562.0,1738495.0,EPSG:5179,2021
3736033,경상북도 청도군 각북면,1097874.0,1745274.0,EPSG:5179,2021
3736034,경상북도 청도군 이서면,1105150.0,1744261.0,EPSG:5179,2021
3736035,경상북도 청도군 운문면,1133449.0,1747102.0,EPSG:5179,2021
3736036,경상북도 청도군 금천면,1126436.0,1746024.0,EPSG:5179,2021
3736037,경상북도 청도군 매전면,1120404.0,1741718.0,EPSG:5179,2021
3737012,경상북도 고령군 대가야읍,1068440.0,1748356.0,EPSG:5179,2021
3737031,경상북도 고령군 덕곡면,1063616.0,1754248.0,EPSG:5179,2021
3737032,경상북도 고령군 운수면,1071974.0,1754377.0,EPSG:5179,2021
3737033,경상북도 고령군 성산면,1077422.0,1751444.0,EPSG:5179,2021
3737034,경상북도 고령군 다산면,1083041.0,1758746.0,EPSG:5179,2021
3737035,경상북도 고령군 개진면,1078195.0,1746966.0,EPSG:5179,2021
3737036,경상북도 고령군 우곡면,1076696.0,1740851.0,EPSG:5179,2021
3737037,경상북도 고령군 쌍림면,1066224.0,1742900.0,EPSG:5179,2021
3738011,경상북도 성주군 성주읍,1070419.0,1769321.0,EPSG:5179,2021
3738031,경상북도 성주군 선남면,1076777.0,1767786.0,EPSG:5179,2021
3738032,경상북도 성주군 용암면,1073582.0,1761278.0,EPSG:5179,2021
3738033,경상북도 성주군 수륜면,1063440.0,1759288.0,EPSG:5179,2021
3738034,경상북도 성주군 가천면,1056702.0,1763516.0,EPSG:5179,2021
3738035,경상북도 성주군 금수면,1056294.0,1769919.0,EPSG:5179,2021
3738036,경상북도 성주군 대가면,1064581.0,1767544.0,EPSG:5179,2021
3738037,경상북도 성주군 벽진면,1062957.0,1775464.0,EPSG:5179,2021
3738038,경상북도 성주군 초전면,1067426.0,1779185.0,EPSG:5179,2021
3738039,경상북도 성주군 월항면,1072739.0,1775694.0,EPSG:5179,2021
3739011,경상북도 칠곡군 왜관읍,1083315.0,1776023.0,EPSG:5179,2021
3739012,경상북도 칠곡군 북삼읍,1074817.0,1785137.0,EPSG:5179,2021
3739013,경상북도 칠곡군 석적읍,1084123.0,1784253.0,EPSG:5179,2021
3739031,경상북도 칠곡군 지천면,1089031.0,1774323.0,EPSG:5179,2021
3739032,경상북도 칠곡군 동명면,1095809.0,1779723.0,EPSG:5179,2021
3739033,경상북도 칠곡군 가산면,1093905.0,1786416.0,EPSG:5179,2021
3739036,경상북도 칠곡군 약목면,1077937.0,1781599.0,EPSG:5179,2021
3739037,경상북도 칠곡군 기산면,1077246.0,1776550.0,EPSG:5179,2021
3740011,경상북도 예천군 예천읍,1085212.0,1851386.0,EPSG:5179,2021
3740031,경상북도 예천군 용문면,1079890.0,1856858.0,EPSG:5179,2021
3740034,경상북도 예천군 감천면,1090753.0,1859894.0,EPSG:5179,2021
3740035,경상북도 예천군 보문면,1093998.0,1853764.0,EPSG:5179,2021
3740036,경상북도 예천군 호명면,1087228.0,1845875.0,EPSG:5179,2021
3740037,경상북도 예천군 유천면,1077403.0,1850915.0,EPSG:5179,2021
3740038,경상북도 예천군 용궁면,1071973.0,1845578.0,EPSG:5179,2021
3740039,경상북도 예천군 개포면,1077702.0,1846085.0,EPSG:5179,2021
3740040,경상북도 예천군 지보면,1079632.0,1839870.0,EPSG:5179,2021
3740041,경상북도 예천군 풍양면,1071940.0,1835353.0,EPSG:5179,2021
3740042,경상북도 예천군 효자면,1082276.0,1866582.0,EPSG:5179,2021
3740043,경상북도 예천군 은풍면,1084123.0,1861208.0,EPSG:5179,2021
3741011,경상북도 봉화군 봉화읍,1107581.0,1877542.0,EPSG:5179,2021
3741031,경상북도 봉화군 물야면,1109779.0,1886814.0,EPSG:5179,2021
3741032,경상북도 봉화군 봉성면,1116629.0,1880720.0,EPSG:5179,2021
3741033,경상북도 봉화군 법전면,1126356.0,1879997.0,EPSG:5179,2021
3741034,경상북도 봉화군 춘양면,1120417.0,1890315.0,EPSG:5179,2021
3741035,경상북도 봉화군 소천면,1135940.0,1884303.0,EPSG:5179,2021
3741036,경상북도 봉화군 석포면,1138448.0,1895809.0,EPSG:5179,2021
3741037,경상북도 봉화군 재산면,1133830.0,1870339.0,EPSG:5179,2021
3741038,경상북도 봉화군 명호면,1123774.0,1872124.0,EPSG:5179,2021
3741039,경상북도 봉화군 상운면,1113692.0,1871494.0,EPSG:5179,2021
3742011,경상북도 울진군 울진읍,1164264.0,1890765.0,EPSG:5179,2021
3742012,경상북도 울진군 평해읍,1172949.0,1860839.0,EPSG:5179,2021
3742031,경상북도 울진군 북면,1160763.0,1898837.0,EPSG:5179,2021
3742033,경상북도 울진군 근남면,1165657.0,1884683.0,EPSG:5179,2021
3742035,경상북도 울진군 기성면,1170120.0,1870772.0,EPSG:5179,2021
3742036,경상북도 울진군 온정면,1164561.0,1859300.0,EPSG:5179,2021
3742037,경상북도 울진군 죽변면,1168302.0,1896717.0,EPSG:5179,2021
3742038,경상북도 울진군 후포면,1172210.0,1855222.0,EPSG:5179,2021
3742039,경상북도 울진군 금강송면,1152053.0,1884475.0,EPSG:5179,2021
3742040,경상북도 울진군 매화면,1166077.0,1877129.0,EPSG:5179,2021
3743011,경상북도 울릉군 울릉읍,1299974.0,1949634.0,EPSG:5179,2021
3743031,경상북도 울릉군 서면,1294723.0,1948669.0,EPSG:5179,2021
3743032,경상북도 울릉군 북면,1296908.0,1952671.0,EPSG:5179,2021
3803011,경상남도 진주시 문산읍,1062083.0,1684867.0,EPSG:5179,2021
3803031,경상남도 진주시 내동면,1049290.0,1683296.0,EPSG:5179,2021
3803032,경상남도 진주시 정촌면,1055923.0,1681517.0,EPSG:5179,2021
3803033,경상남도 진주시 금곡면,1062710.0,1679006.0,EPSG:5179,2021
3803034,경상남도 진주시 진성면,1066484.0,1686875.0,EPSG:5179,2021
3803035,경상남도 진주시 일반성면,1071489.0,1684853.0,EPSG:5179,2021
3803036,경상남도 진주시 이반성면,1076020.0,1685852.0,EPSG:5179,2021
3803037,경상남도 진주시 사봉면,1070845.0,1689636.0,EPSG:5179,2021
3803038,경상남도 진주시 지수면,1069474.0,1693621.0,EPSG:5179,2021
3803039,경상남도 진주시 대곡면,1061487.0,1696618.0,EPSG:5179,2021
3803040,경상남도 진주시 금산면,1059913.0,1690661.0,EPSG:5179,2021
3803041,경상남도 진주시 집현면,1053399.0,1695481.0,EPSG:5179,2021
3803042,경상남도 진주시 미천면,1055614.0,1701484.0,EPSG:5179,2021
3803043,경상남도 진주시 명석면,1047400.0,1695614.0,EPSG:5179,2021
3803044,경상남도 진주시 대평면,1043648.0,1689548.0,EPSG:5179,2021
3803045,경상남도 진주시 수곡면,1039138.0,1689860.0,EPSG:5179,2021
3803065,경상남도 진주시 상평동,1055954.0,1686605.0,EPSG:5179,2021
3803066,경상남도 진주시 초장동,1054638.0,1690840.0,EPSG:5179,2021
3803067,경상남도 진주시 평거동,1051021.0,1686888.0,EPSG:5179,2021
3803068,경상남도 진주시 신안동,1051918.0,1687834.0,EPSG:5179,2021
3803069,경상남도 진주시 이현동,1050447.0,1689341.0,EPSG:5179,2021
3803070,경상남도 진주시 판문동,1048206.0,1687148.0,EPSG:5179,2021
3803071,경상남도 진주시 가호동,1055702.0,1684756.0,EPSG:5179,2021
3803072,경상남도 진주시 천전동,1053336.0,1686860.0,EPSG:5179,2021
3803073,경상남도 진주시 성북동,1052506.0,1688691.0,EPSG:5179,2021
3803074,경상남도 진주시 중앙동,1053756.0,1689101.0,EPSG:5179,2021
3803075,경상남도 진주시 상봉동,1052130.0,1689950.0,EPSG:5179,2021
3803076,경상남도 진주시 충무공동,1058355.0,1686890.0,EPSG:5179,2021
3803077,경상남도 진주시 상대동,1055716.0,1687731.0,EPSG:5179,2021
3803078,경상남도 진주시 하대동,1056104.0,1688661.0,EPSG:5179,2021
3805011,경상남도 통영시 산양읍,1083138.0,1644872.0,EPSG:5179,2021
3805031,경상남도 통영시 용남면,1086483.0,1654817.0,EPSG:5179,2021
3805032,경상남도 통영시 도산면,1078608.0,1657243.0,EPSG:5179,2021
3805033,경상남도 통영시 광도면,1083053.0,1658884.0,EPSG:5179,2021
3805034,경상남도 통영시 욕지면,1069257.0,1627102.0,EPSG:5179,2021
3805035,경상남도 통영시 한산면,1090099.0,1643608.0,EPSG:5179,2021
3805036,경상남도 통영시 사량면,1067204.0,1647652.0,EPSG:5179,2021
3805052,경상남도 통영시 명정동,1082812.0,1651346.0,EPSG:5179,2021
3805053,경상남도 통영시 중앙동,1084389.0,1650536.0,EPSG:5179,2021
3805054,경상남도 통영시 정량동,1085565.0,1650693.0,EPSG:5179,2021
3805055,경상남도 통영시 북신동,1084463.0,1651486.0,EPSG:5179,2021
3805056,경상남도 통영시 무전동,1084871.0,1652191.0,EPSG:5179,2021
3805062,경상남도 통영시 도천동,1082056.0,1650147.0,EPSG:5179,2021
3805063,경상남도 통영시 미수동,1082479.0,1648134.0,EPSG:5179,2021
3805064,경상남도 통영시 봉평동,1084297.0,1648110.0,EPSG:5179,2021
3806011,경상남도 사천시 사천읍,1056338.0,1677616.0,EPSG:5179,2021
3806031,경상남도 사천시 정동면,1058013.0,1673090.0,EPSG:5179,2021
3806032,경상남도 사천시 사남면,1055286.0,1670441.0,EPSG:5179,2021
3806033,경상남도 사천시 용현면,1051851.0,1669551.0,EPSG:5179,2021
3806034,경상남도 사천시 축동면,1050967.0,1679166.0,EPSG:5179,2021
3806035,경상남도 사천시 곤양면,1045949.0,1675524.0,EPSG:5179,2021
3806036,경상남도 사천시 곤명면,1040634.0,1680713.0,EPSG:5179,2021
3806037,경상남도 사천시 서포면,1042453.0,1669111.0,EPSG:5179,2021
3806051,경상남도 사천시 동서동,1050778.0,1660873.0,EPSG:5179,2021
3806052,경상남도 사천시 선구동,1052343.0,1661637.0,EPSG:5179,2021
3806053,경상남도 사천시 동서금동,1052965.0,1659662.0,EPSG:5179,2021
3806055,경상남도 사천시 벌용동,1054798.0,1663254.0,EPSG:5179,2021
3806057,경상남도 사천시 향촌동,1055635.0,1661163.0,EPSG:5179,2021
3806059,경상남도 사천시 남양동,1052502.0,1665110.0,EPSG:5179,2021
3807011,경상남도 김해시 진영읍,1112694.0,1700607.0,EPSG:5179,2021
3807032,경상남도 김해시 주촌면,1120284.0,1694980.0,EPSG:5179,2021
3807033,경상남도 김해시 진례면,1114464.0,1694842.0,EPSG:5179,2021
3807034,경상남도 김해시 한림면,1118895.0,1702656.0,EPSG:5179,2021
3807035,경상남도 김해시 생림면,1122800.0,1706134.0,EPSG:5179,2021
3807036,경상남도 김해시 상동면,1128934.0,1703398.0,EPSG:5179,2021
3807037,경상남도 김해시 대동면,1133551.0,1697061.0,EPSG:5179,2021
3807051,경상남도 김해시 동상동,1126236.0,1694928.0,EPSG:5179,2021
3807052,경상남도 김해시 회현동,1125362.0,1693619.0,EPSG:5179,2021
3807053,경상남도 김해시 부원동,1126394.0,1692939.0,EPSG:5179,2021
3807054,경상남도 김해시 내외동,1123834.0,1694354.0,EPSG:5179,2021
3807055,경상남도 김해시 북부동,1124574.0,1697551.0,EPSG:5179,2021
3807056,경상남도 김해시 칠산서부동,1123639.0,1690509.0,EPSG:5179,2021
3807058,경상남도 김해시 활천동,1127407.0,1694144.0,EPSG:5179,2021
3807059,경상남도 김해시 삼안동,1128202.0,1696369.0,EPSG:5179,2021
3807060,경상남도 김해시 불암동,1129510.0,1693339.0,EPSG:5179,2021
3807061,경상남도 김해시 장유1동,1119365.0,1690643.0,EPSG:5179,2021
3807062,경상남도 김해시 장유2동,1115888.0,1688938.0,EPSG:5179,2021
3807063,경상남도 김해시 장유3동,1120332.0,1686871.0,EPSG:5179,2021
3808011,경상남도 밀양시 삼랑진읍,1121755.0,1715313.0,EPSG:5179,2021
3808012,경상남도 밀양시 하남읍,1112673.0,1710018.0,EPSG:5179,2021
3808031,경상남도 밀양시 부북면,1110166.0,1725824.0,EPSG:5179,2021
3808032,경상남도 밀양시 상동면,1116478.0,1729801.0,EPSG:5179,2021
3808033,경상남도 밀양시 산외면,1119735.0,1725991.0,EPSG:5179,2021
3808034,경상남도 밀양시 산내면,1129075.0,1733800.0,EPSG:5179,2021
3808035,경상남도 밀양시 단장면,1127931.0,1724198.0,EPSG:5179,2021
3808036,경상남도 밀양시 상남면,1114751.0,1714652.0,EPSG:5179,2021
3808037,경상남도 밀양시 초동면,1107484.0,1714241.0,EPSG:5179,2021
3808038,경상남도 밀양시 무안면,1103674.0,1721733.0,EPSG:5179,2021
3808039,경상남도 밀양시 청도면,1102626.0,1729818.0,EPSG:5179,2021
3808051,경상남도 밀양시 내일동,1117201.0,1722304.0,EPSG:5179,2021
3808052,경상남도 밀양시 내이동,1112605.0,1723216.0,EPSG:5179,2021
3808053,경상남도 밀양시 교동,1114568.0,1724321.0,EPSG:5179,2021
3808054,경상남도 밀양시 삼문동,1113630.0,1721547.0,EPSG:5179,2021
3808055,경상남도 밀양시 가곡동,1116243.0,1720611.0,EPSG:5179,2021
3809031,경상남도 거제시 일운면,1109298.0,1648769.0,EPSG:5179,2021
3809032,경상남도 거제시 동부면,1102234.0,1645737.0,EPSG:5179,2021
3809033,경상남도 거제시 남부면,1101913.0,1638593.0,EPSG:5179,2021
3809034,경상남도 거제시 거제면,1098631.0,1653288.0,EPSG:5179,2021
3809035,경상남도 거제시 둔덕면,1092522.0,1651832.0,EPSG:5179,2021
3809036,경상남도 거제시 사등면,1094682.0,1657217.0,EPSG:5179,2021
3809037,경상남도 거제시 연초면,1105241.0,1659751.0,EPSG:5179,2021
3809038,경상남도 거제시 하청면,1104439.0,1662713.0,EPSG:5179,2021
3809039,경상남도 거제시 장목면,1108719.0,1664496.0,EPSG:5179,2021
3809053,경상남도 거제시 능포동,1112635.0,1654694.0,EPSG:5179,2021
3809054,경상남도 거제시 아주동,1108918.0,1653231.0,EPSG:5179,2021
3809055,경상남도 거제시 옥포1동,1108430.0,1655539.0,EPSG:5179,2021
3809056,경상남도 거제시 옥포2동,1109492.0,1657683.0,EPSG:5179,2021
3809057,경상남도 거제시 장평동,1100370.0,1656007.0,EPSG:5179,2021
3809058,경상남도 거제시 고현동,1102650.0,1654843.0,EPSG:5179,2021
3809059,경상남도 거제시 상문동,1104940.0,1651294.0,EPSG:5179,2021
3809060,경상남도 거제시 수양동,1105642.0,1655071.0,EPSG:5179,2021
3809061,경상남도 거제시 장승포동,1112021.0,1653567.0,EPSG:5179,2021
3810012,경상남도 양산시 물금읍,1136396.0,1703260.0,EPSG:5179,2021
3810031,경상남도 양산시 동면,1142914.0,1703945.0,EPSG:5179,2021
3810032,경상남도 양산시 원동면,1132659.0,1714807.0,EPSG:5179,2021
3810033,경상남도 양산시 상북면,1140224.0,1715412.0,EPSG:5179,2021
3810034,경상남도 양산시 하북면,1143798.0,1719630.0,EPSG:5179,2021
3810052,경상남도 양산시 삼성동,1142431.0,1708887.0,EPSG:5179,2021
3810053,경상남도 양산시 강서동,1137238.0,1710950.0,EPSG:5179,2021
3810054,경상남도 양산시 서창동,1153111.0,1713853.0,EPSG:5179,2021
3810055,경상남도 양산시 소주동,1149385.0,1714241.0,EPSG:5179,2021
3810056,경상남도 양산시 평산동,1147864.0,1710934.0,EPSG:5179,2021
3810057,경상남도 양산시 덕계동,1151932.0,1709597.0,EPSG:5179,2021
3810058,경상남도 양산시 중앙동,1142161.0,1706368.0,EPSG:5179,2021
3810059,경상남도 양산시 양주동,1138907.0,1705434.0,EPSG:5179,2021
3811111,경상남도 창원시 의창구 동읍,1106332.0,1702055.0,EPSG:5179,2021
3811131,경상남도 창원시 의창구 북면,1100521.0,1704481.0,EPSG:5179,2021
3811132,경상남도 창원시 의창구 대산면,1110004.0,1705904.0,EPSG:5179,2021
3811151,경상남도 창원시 의창구 의창동,1101137.0,1697191.0,EPSG:5179,2021
3811152,경상남도 창원시 의창구 팔룡동,1102929.0,1693974.0,EPSG:5179,2021
3811153,경상남도 창원시 의창구 명곡동,1104173.0,1696141.0,EPSG:5179,2021
3811154,경상남도 창원시 의창구 봉림동,1107979.0,1695383.0,EPSG:5179,2021
3811251,경상남도 창원시 성산구 반송동,1106169.0,1694458.0,EPSG:5179,2021
3811252,경상남도 창원시 성산구 중앙동,1106485.0,1692222.0,EPSG:5179,2021
3811253,경상남도 창원시 성산구 상남동,1108041.0,1692069.0,EPSG:5179,2021
3811254,경상남도 창원시 성산구 사파동,1110221.0,1692342.0,EPSG:5179,2021
3811255,경상남도 창원시 성산구 가음정동,1108705.0,1690973.0,EPSG:5179,2021
3811256,경상남도 창원시 성산구 성주동,1110706.0,1688357.0,EPSG:5179,2021
3811257,경상남도 창원시 성산구 웅남동,1103201.0,1689054.0,EPSG:5179,2021
3811258,경상남도 창원시 성산구 용지동,1107912.0,1693513.0,EPSG:5179,2021
3811331,경상남도 창원시 마산합포구 구산면,1098910.0,1678674.0,EPSG:5179,2021
3811332,경상남도 창원시 마산합포구 진동면,1091788.0,1682589.0,EPSG:5179,2021
3811333,경상남도 창원시 마산합포구 진북면,1087440.0,1684213.0,EPSG:5179,2021
3811334,경상남도 창원시 마산합포구 진전면,1082449.0,1681172.0,EPSG:5179,2021
3811351,경상남도 창원시 마산합포구 현동,1095963.0,1684803.0,EPSG:5179,2021
3811352,경상남도 창원시 마산합포구 가포동,1097851.0,1685729.0,EPSG:5179,2021
3811353,경상남도 창원시 마산합포구 월영동,1096352.0,1687526.0,EPSG:5179,2021
3811354,경상남도 창원시 마산합포구 문화동,1095971.0,1688672.0,EPSG:5179,2021
3811357,경상남도 창원시 마산합포구 완월동,1095577.0,1689719.0,EPSG:5179,2021
3811358,경상남도 창원시 마산합포구 자산동,1096556.0,1690429.0,EPSG:5179,2021
3811364,경상남도 창원시 마산합포구 합포동,1098403.0,1691291.0,EPSG:5179,2021
3811365,경상남도 창원시 마산합포구 산호동,1098694.0,1691821.0,EPSG:5179,2021
3811366,경상남도 창원시 마산합포구 반월중앙동,1096810.0,1689131.0,EPSG:5179,2021
3811367,경상남도 창원시 마산합포구 오동동,1097798.0,1690359.0,EPSG:5179,2021
3811368,경상남도 창원시 마산합포구 교방동,1096069.0,1691126.0,EPSG:5179,2021
3811411,경상남도 창원시 마산회원구 내서읍,1092218.0,1693263.0,EPSG:5179,2021
3811451,경상남도 창원시 마산회원구 회원1동,1097740.0,1692177.0,EPSG:5179,2021
3811452,경상남도 창원시 마산회원구 회원2동,1095887.0,1692103.0,EPSG:5179,2021
3811455,경상남도 창원시 마산회원구 회성동,1095301.0,1693801.0,EPSG:5179,2021
3811456,경상남도 창원시 마산회원구 양덕1동,1099018.0,1693568.0,EPSG:5179,2021
3811457,경상남도 창원시 마산회원구 양덕2동,1098674.0,1692814.0,EPSG:5179,2021
3811458,경상남도 창원시 마산회원구 합성1동,1097781.0,1695630.0,EPSG:5179,2021
3811459,경상남도 창원시 마산회원구 합성2동,1099500.0,1694346.0,EPSG:5179,2021
3811460,경상남도 창원시 마산회원구 구암1동,1099312.0,1696331.0,EPSG:5179,2021
3811461,경상남도 창원시 마산회원구 구암2동,1099871.0,1695386.0,EPSG:5179,2021
3811462,경상남도 창원시 마산회원구 봉암동,1100545.0,1692611.0,EPSG:5179,2021
3811463,경상남도 창원시 마산회원구 석전동,1097513.0,1693503.0,EPSG:5179,2021
3811554,경상남도 창원시 진해구 여좌동,1106031.0,1686515.0,EPSG:5179,2021
3811555,경상남도 창원시 진해구 태백동,1106950.0,1685264.0,EPSG:5179,2021
3811556,경상남도 창원시 진해구 경화동,1107696.0,1685652.0,EPSG:5179,2021
3811557,경상남도 창원시 진해구 병암동,1108503.0,1685620.0,EPSG:5179,2021
3811558,경상남도 창원시 진해구 석동,1109484.0,1685748.0,EPSG:5179,2021
3811559,경상남도 창원시 진해구 이동,1109083.0,1684658.0,EPSG:5179,2021
3811560,경상남도 창원시 진해구 자은동,1111342.0,1684802.0,EPSG:5179,2021
3811561,경상남도 창원시 진해구 덕산동,1109867.0,1683833.0,EPSG:5179,2021
3811562,경상남도 창원시 진해구 풍호동,1110060.0,1681635.0,EPSG:5179,2021
3811563,경상남도 창원시 진해구 웅천동,1113450.0,1679906.0,EPSG:5179,2021
3811564,경상남도 창원시 진해구 웅동1동,1116420.0,1683116.0,EPSG:5179,2021
3811565,경상남도 창원시 진해구 웅동2동,1119674.0,1679172.0,EPSG:5179,2021
3811566,경상남도 창원시 진해구 충무동,1104453.0,1684129.0,EPSG:5179,2021
3831011,경상남도 의령군 의령읍,1069376.0,1701154.0,EPSG:5179,2021
3831031,경상남도 의령군 가례면,1066063.0,1706898.0,EPSG:5179,2021
3831032,경상남도 의령군 칠곡면,1062218.0,1706236.0,EPSG:5179,2021
3831033,경상남도 의령군 대의면,1058415.0,1708208.0,EPSG:5179,2021
3831034,경상남도 의령군 화정면,1065148.0,1699002.0,EPSG:5179,2021
3831035,경상남도 의령군 용덕면,1070772.0,1707114.0,EPSG:5179,2021
3831036,경상남도 의령군 정곡면,1075841.0,1709324.0,EPSG:5179,2021
3831037,경상남도 의령군 지정면,1080768.0,1711097.0,EPSG:5179,2021
3831038,경상남도 의령군 낙서면,1080723.0,1721323.0,EPSG:5179,2021
3831039,경상남도 의령군 부림면,1075476.0,1720517.0,EPSG:5179,2021
3831040,경상남도 의령군 봉수면,1069524.0,1720346.0,EPSG:5179,2021
3831041,경상남도 의령군 궁류면,1066402.0,1715507.0,EPSG:5179,2021
3831042,경상남도 의령군 유곡면,1072277.0,1714408.0,EPSG:5179,2021
3832011,경상남도 함안군 가야읍,1081418.0,1697923.0,EPSG:5179,2021
3832012,경상남도 함안군 칠원읍,1093462.0,1700424.0,EPSG:5179,2021
3832031,경상남도 함안군 함안면,1084111.0,1693167.0,EPSG:5179,2021
3832032,경상남도 함안군 군북면,1075808.0,1696161.0,EPSG:5179,2021
3832033,경상남도 함안군 법수면,1077337.0,1703823.0,EPSG:5179,2021
3832034,경상남도 함안군 대산면,1085072.0,1706204.0,EPSG:5179,2021
3832035,경상남도 함안군 칠서면,1089949.0,1706582.0,EPSG:5179,2021
3832036,경상남도 함안군 칠북면,1094416.0,1707087.0,EPSG:5179,2021
3832038,경상남도 함안군 산인면,1086725.0,1698303.0,EPSG:5179,2021
3832039,경상남도 함안군 여항면,1086019.0,1689258.0,EPSG:5179,2021
3833011,경상남도 창녕군 창녕읍,1092469.0,1725838.0,EPSG:5179,2021
3833012,경상남도 창녕군 남지읍,1084678.0,1715189.0,EPSG:5179,2021
3833031,경상남도 창녕군 고암면,1093798.0,1731021.0,EPSG:5179,2021
3833032,경상남도 창녕군 성산면,1092417.0,1736843.0,EPSG:5179,2021
3833033,경상남도 창녕군 대합면,1085639.0,1733632.0,EPSG:5179,2021
3833034,경상남도 창녕군 이방면,1079975.0,1730658.0,EPSG:5179,2021
3833035,경상남도 창녕군 유어면,1083520.0,1725028.0,EPSG:5179,2021
3833036,경상남도 창녕군 대지면,1086926.0,1727805.0,EPSG:5179,2021
3833037,경상남도 창녕군 계성면,1092057.0,1720554.0,EPSG:5179,2021
3833038,경상남도 창녕군 영산면,1093057.0,1717359.0,EPSG:5179,2021
3833039,경상남도 창녕군 장마면,1088012.0,1719611.0,EPSG:5179,2021
3833040,경상남도 창녕군 도천면,1093827.0,1714757.0,EPSG:5179,2021
3833041,경상남도 창녕군 길곡면,1096804.0,1712441.0,EPSG:5179,2021
3833042,경상남도 창녕군 부곡면,1101424.0,1714043.0,EPSG:5179,2021
3834011,경상남도 고성군 고성읍,1075386.0,1665192.0,EPSG:5179,2021
3834031,경상남도 고성군 삼산면,1070996.0,1661945.0,EPSG:5179,2021
3834032,경상남도 고성군 하일면,1062570.0,1660690.0,EPSG:5179,2021
3834033,경상남도 고성군 하이면,1058680.0,1660542.0,EPSG:5179,2021
3834034,경상남도 고성군 상리면,1063882.0,1667139.0,EPSG:5179,2021
3834035,경상남도 고성군 대가면,1070854.0,1670544.0,EPSG:5179,2021
3834036,경상남도 고성군 영현면,1065567.0,1672753.0,EPSG:5179,2021
3834037,경상남도 고성군 영오면,1066594.0,1678969.0,EPSG:5179,2021
3834038,경상남도 고성군 개천면,1071676.0,1678240.0,EPSG:5179,2021
3834039,경상남도 고성군 구만면,1076389.0,1677868.0,EPSG:5179,2021
3834040,경상남도 고성군 회화면,1080892.0,1675911.0,EPSG:5179,2021
3834041,경상남도 고성군 마암면,1076116.0,1672578.0,EPSG:5179,2021
3834042,경상남도 고성군 동해면,1086171.0,1670383.0,EPSG:5179,2021
3834043,경상남도 고성군 거류면,1080557.0,1665860.0,EPSG:5179,2021
3835011,경상남도 남해군 남해읍,1035829.0,1648743.0,EPSG:5179,2021
3835031,경상남도 남해군 이동면,1041463.0,1643823.0,EPSG:5179,2021
3835032,경상남도 남해군 상주면,1044217.0,1637974.0,EPSG:5179,2021
3835033,경상남도 남해군 삼동면,1047574.0,1644637.0,EPSG:5179,2021
3835034,경상남도 남해군 미조면,1048316.0,1637894.0,EPSG:5179,2021
3835035,경상남도 남해군 남면,1034742.0,1640869.0,EPSG:5179,2021
3835036,경상남도 남해군 서면,1030862.0,1649830.0,EPSG:5179,2021
3835037,경상남도 남해군 고현면,1034107.0,1655335.0,EPSG:5179,2021
3835038,경상남도 남해군 설천면,1037693.0,1657954.0,EPSG:5179,2021
3835039,경상남도 남해군 창선면,1047813.0,1651307.0,EPSG:5179,2021
3836011,경상남도 하동군 하동읍,1021650.0,1676795.0,EPSG:5179,2021
3836031,경상남도 하동군 화개면,1013434.0,1695401.0,EPSG:5179,2021
3836032,경상남도 하동군 악양면,1019137.0,1686222.0,EPSG:5179,2021
3836033,경상남도 하동군 적량면,1024252.0,1678958.0,EPSG:5179,2021
3836034,경상남도 하동군 횡천면,1028776.0,1680653.0,EPSG:5179,2021
3836035,경상남도 하동군 고전면,1028772.0,1670303.0,EPSG:5179,2021
3836036,경상남도 하동군 금남면,1032660.0,1664892.0,EPSG:5179,2021
3836037,경상남도 하동군 금성면,1027386.0,1663325.0,EPSG:5179,2021
3836038,경상남도 하동군 진교면,1036218.0,1671233.0,EPSG:5179,2021
3836039,경상남도 하동군 양보면,1031613.0,1674943.0,EPSG:5179,2021
3836040,경상남도 하동군 북천면,1033814.0,1680590.0,EPSG:5179,2021
3836041,경상남도 하동군 청암면,1023434.0,1689035.0,EPSG:5179,2021
3836042,경상남도 하동군 옥종면,1032894.0,1688834.0,EPSG:5179,2021
3837011,경상남도 산청군 산청읍,1036363.0,1712486.0,EPSG:5179,2021
3837031,경상남도 산청군 차황면,1040313.0,1719654.0,EPSG:5179,2021
3837032,경상남도 산청군 오부면,1035571.0,1721763.0,EPSG:5179,2021
3837033,경상남도 산청군 생초면,1031563.0,1723761.0,EPSG:5179,2021
3837034,경상남도 산청군 금서면,1028427.0,1713768.0,EPSG:5179,2021
3837035,경상남도 산청군 삼장면,1028031.0,1704931.0,EPSG:5179,2021
3837036,경상남도 산청군 시천면,1025166.0,1697949.0,EPSG:5179,2021
3837037,경상남도 산청군 단성면,1037828.0,1699980.0,EPSG:5179,2021
3837038,경상남도 산청군 신안면,1043504.0,1705356.0,EPSG:5179,2021
3837039,경상남도 산청군 생비량면,1050521.0,1706258.0,EPSG:5179,2021
3837040,경상남도 산청군 신등면,1045558.0,1712406.0,EPSG:5179,2021
3838011,경상남도 함양군 함양읍,1018465.0,1722693.0,EPSG:5179,2021
3838031,경상남도 함양군 마천면,1016314.0,1708721.0,EPSG:5179,2021
3838032,경상남도 함양군 휴천면,1021298.0,1716645.0,EPSG:5179,2021
3838033,경상남도 함양군 유림면,1026168.0,1721115.0,EPSG:5179,2021
3838034,경상남도 함양군 수동면,1028214.0,1729178.0,EPSG:5179,2021
3838035,경상남도 함양군 지곡면,1023556.0,1731358.0,EPSG:5179,2021
3838036,경상남도 함양군 안의면,1027503.0,1740083.0,EPSG:5179,2021
3838037,경상남도 함양군 서하면,1019681.0,1737347.0,EPSG:5179,2021
3838038,경상남도 함양군 서상면,1016225.0,1744149.0,EPSG:5179,2021
3838039,경상남도 함양군 백전면,1012110.0,1730188.0,EPSG:5179,2021
3838040,경상남도 함양군 병곡면,1017059.0,1728934.0,EPSG:5179,2021
3839011,경상남도 거창군 거창읍,1037024.0,1744676.0,EPSG:5179,2021
3839031,경상남도 거창군 주상면,1037551.0,1752298.0,EPSG:5179,2021
3839032,경상남도 거창군 웅양면,1038335.0,1759609.0,EPSG:5179,2021
3839033,경상남도 거창군 고제면,1032747.0,1761402.0,EPSG:5179,2021
3839034,경상남도 거창군 북상면,1024121.0,1754834.0,EPSG:5179,2021
3839035,경상남도 거창군 위천면,1029273.0,1750252.0,EPSG:5179,2021
3839036,경상남도 거창군 마리면,1031395.0,1744883.0,EPSG:5179,2021
3839037,경상남도 거창군 남상면,1037764.0,1736115.0,EPSG:5179,2021
3839038,경상남도 거창군 남하면,1042907.0,1742058.0,EPSG:5179,2021
3839039,경상남도 거창군 신원면,1038785.0,1729994.0,EPSG:5179,2021
3839040,경상남도 거창군 가조면,1047873.0,1745583.0,EPSG:5179,2021
3839041,경상남도 거창군 가북면,1045893.0,1755435.0,EPSG:5179,2021
3840011,경상남도 합천군 합천읍,1057915.0,1734815.0,EPSG:5179,2021
3840031,경상남도 합천군 봉산면,1048518.0,1734962.0,EPSG:5179,2021
3840032,경상남도 합천군 묘산면,1055274.0,1740818.0,EPSG:5179,2021
3840033,경상남도 합천군 가야면,1054119.0,1751681.0,EPSG:5179,2021
3840034,경상남도 합천군 야로면,1060536.0,1746972.0,EPSG:5179,2021
3840035,경상남도 합천군 율곡면,1064145.0,1733443.0,EPSG:5179,2021
3840036,경상남도 합천군 초계면,1067144.0,1727428.0,EPSG:5179,2021
3840037,경상남도 합천군 쌍책면,1069707.0,1735037.0,EPSG:5179,2021
3840038,경상남도 합천군 덕곡면,1074627.0,1737588.0,EPSG:5179,2021
3840039,경상남도 합천군 청덕면,1075293.0,1729596.0,EPSG:5179,2021
3840040,경상남도 합천군 적중면,1071201.0,1727362.0,EPSG:5179,2021
3840041,경상남도 합천군 대양면,1062312.0,1724125.0,EPSG:5179,2021
3840042,경상남도 합천군 쌍백면,1059411.0,1717867.0,EPSG:5179,2021
3840043,경상남도 합천군 삼가면,1055558.0,1713245.0,EPSG:5179,2021
3840044,경상남도 합천군 가회면,1048287.0,1718346.0,EPSG:5179,2021
3840045,경상남도 합천군 대병면,1046181.0,1725822.0,EPSG:5179,2021
3840046,경상남도 합천군 용주면,1054389.0,1727221.0,EPSG:5179,2021
3901011,제주특별자치도 제주시 한림읍,885780.0,1488411.0,EPSG:5179,2021
3901012,제주특별자치도 제주시 애월읍,897142.0,1491605.0,EPSG:5179,2021
3901013,제주특별자치도 제주시 구좌읍,935022.0,1501835.0,EPSG:5179,2021
3901014,제주특별자치도 제주시 조천읍,923637.0,1498126.0,EPSG:5179,2021
3901031,제주특별자치도 제주시 한경면,881675.0,1482392.0,EPSG:5179,2021
3901032,제주특별자치도 제주시 추자면,890998.0,1551313.0,EPSG:5179,2021
3901033,제주특별자치도 제주시 우도면,949470.0,1501657.0,EPSG:5179,2021
3901051,제주특별자치도 제주시 일도1동,909690.0,1502992.0,EPSG:5179,2021
3901052,제주특별자치도 제주시 일도2동,910926.0,1502143.0,EPSG:5179,2021
3901053,제주특별자치도 제주시 이도1동,909686.0,1501947.0,EPSG:5179,2021
3901054,제주특별자치도 제주시 이도2동,910131.0,1500365.0,EPSG:5179,2021
3901055,제주특별자치도 제주시 삼도1동,908930.0,1501647.0,EPSG:5179,2021
3901056,제주특별자치도 제주시 삼도2동,909100.0,1502749.0,EPSG:5179,2021
3901057,제주특별자치도 제주시 용담1동,908383.0,1502269.0,EPSG:5179,2021
3901058,제주특별자치도 제주시 용담2동,907042.0,1502387.0,EPSG:5179,2021
3901059,제주특별자치도 제주시 건입동,911084.0,1503297.0,EPSG:5179,2021
3901060,제주특별자치도 제주시 화북동,913085.0,1502218.0,EPSG:5179,2021
3901061,제주특별자치도 제주시 삼양동,915647.0,1502848.0,EPSG:5179,2021
3901062,제주특별자치도 제주시 봉개동,917357.0,1496346.0,EPSG:5179,2021
3901063,제주특별자치도 제주시 아라동,912458.0,1494132.0,EPSG:5179,2021
3901064,제주특별자치도 제주시 오라동,908734.0,1493745.0,EPSG:5179,2021
3901065,제주특별자치도 제주시 연동,906626.0,1496661.0,EPSG:5179,2021
3901066,제주특별자치도 제주시 노형동,904799.0,1493849.0,EPSG:5179,2021
3901067,제주특별자치도 제주시 외도동,901528.0,1499495.0,EPSG:5179,2021
3901068,제주특별자치도 제주시 이호동,903228.0,1500813.0,EPSG:5179,2021
3901069,제주특별자치도 제주시 도두동,905055.0,1501591.0,EPSG:5179,2021
3902011,제주특별자치도 서귀포시 대정읍,884033.0,1474317.0,EPSG:5179,2021
3902012,제주특별자치도 서귀포시 남원읍,922855.0,1482445.0,EPSG:5179,2021
3902013,제주특별자치도 서귀포시 성산읍,940956.0,1492484.0,EPSG:5179,2021
3902031,제주특별자치도 서귀포시 안덕면,891595.0,1476924.0,EPSG:5179,2021
3902032,제주특별자치도 서귀포시 표선면,931993.0,1487203.0,EPSG:5179,2021
3902051,제주특별자치도 서귀포시 송산동,914930.0,1473189.0,EPSG:5179,2021
3902052,제주특별자치도 서귀포시 정방동,912955.0,1473283.0,EPSG:5179,2021
3902053,제주특별자치도 서귀포시 중앙동,912859.0,1473648.0,EPSG:5179,2021
3902054,제주특별자치도 서귀포시 천지동,911853.0,1473090.0,EPSG:5179,2021
3902055,제주특별자치도 서귀포시 효돈동,917284.0,1474754.0,EPSG:5179,2021
3902056,제주특별자치도 서귀포시 영천동,913622.0,1480245.0,EPSG:5179,2021
3902057,제주특별자치도 서귀포시 동홍동,911712.0,1478673.0,EPSG:5179,2021
3902058,제주특별자치도 서귀포시 서홍동,910606.0,1478138.0,EPSG:5179,2021
3902059,제주특별자치도 서귀포시 대륜동,909090.0,1477624.0,EPSG:5179,2021
3902060,제주특별자치도 서귀포시 대천동,906150.0,1477813.0,EPSG:5179,2021
3902061,제주특별자치도 서귀포시 중문동,902499.0,1479114.0,EPSG:5179,2021
3902062,제주특별자치도 서귀포시 예래동,897868.0,1477085.0,EPSG:5179,2021
