ktdb_admin_code,ktdb_full_name,sgis_adm_cd,sgis_adm_nm,x,y,match_status,candidate_count
1100000000,서울특별시,,,,,name_not_found,0
1111000000,서울특별시 종로구,,,,,name_not_found,0
1111051000,서울특별시 종로구 청운동,,,,,name_not_found,0
1111051500,서울특별시 종로구 청운효자동,1101072,서울특별시 종로구 청운효자동,953198.0,1954025.0,matched,1
1111052000,서울특별시 종로구 효자동,,,,,name_not_found,0
1111053000,서울특별시 종로구 사직동,1101053,서울특별시 종로구 사직동,953230.0,1952854.0,matched,1
1111054000,서울특별시 종로구 삼청동,1101054,서울특별시 종로구 삼청동,954293.0,1954575.0,matched,1
1111055000,서울특별시 종로구 부암동,1101055,서울특별시 종로구 부암동,952642.0,1955417.0,matched,1
1111056000,서울특별시 종로구 평창동,1101056,서울특별시 종로구 평창동,953051.0,1957499.0,matched,1
1111057000,서울특별시 종로구 무악동,1101057,서울특별시 종로구 무악동,952198.0,1953209.0,matched,1
1111058000,서울특별시 종로구 교남동,1101058,서울특별시 종로구 교남동,952666.0,1952544.0,matched,1
1111059000,서울특별시 종로구 세종로동,,,,,name_not_found,0
1111060000,서울특별시 종로구 가회동,1101060,서울특별시 종로구 가회동,954658.0,1953818.0,matched,1
1111061000,서울특별시 종로구 종로1.2가동,,,,,name_not_found,0
1111061500,서울특별시 종로구 종로1.2.3.4가동,,,,,name_not_found,0
1111062000,서울특별시 종로구 종로3.4가동,,,,,name_not_found,0
1111063000,서울특별시 종로구 종로5.6가동,,,,,name_not_found,0
1111064000,서울특별시 종로구 이화동,1101064,서울특별시 종로구 이화동,956134.0,1953491.0,matched,1
1111065000,서울특별시 종로구 혜화동,1101073,서울특별시 종로구 혜화동,955635.0,1954339.0,matched,1
1111066000,서울특별시 종로구 명륜3가동,,,,,name_not_found,0
1111067000,서울특별시 종로구 창신제1동,,,,,name_not_found,0
1111068000,서울특별시 종로구 창신제2동,,,,,name_not_found,0
1111069000,서울특별시 종로구 창신제3동,,,,,name_not_found,0
1111070000,서울특별시 종로구 숭인제1동,,,,,name_not_found,0
1111071000,서울특별시 종로구 숭인제2동,,,,,name_not_found,0
1114000000,서울특별시 중구,,,,,name_not_found,0
1114051000,서울특별시 중구 태평로1가동,,,,,name_not_found,0
1114052000,서울특별시 중구 소공동,1102052,서울특별시 중구 소공동,953582.0,1951771.0,matched,1
1114053000,서울특별시 중구 남대문로5가동,,,,,name_not_found,0
1114054000,서울특별시 중구 회현동,1102054,서울특별시 중구 회현동,953823.0,1950941.0,matched,1
1114055000,서울특별시 중구 명동,1102055,서울특별시 중구 명동,954563.0,1951725.0,matched,1
1114056000,서울특별시 중구 충무로4.5가동,,,,,name_not_found,0
1114057000,서울특별시 중구 필동,1102057,서울특별시 중구 필동,955312.0,1950944.0,matched,1
1114058000,서울특별시 중구 장충동,1102058,서울특별시 중구 장충동,955918.0,1950576.0,matched,1
1114059000,서울특별시 중구 광희동,1102059,서울특별시 중구 광희동,956170.0,1951862.0,matched,1
1114060000,서울특별시 중구 을지로3.4.5가동,,,,,name_not_found,0
1114060500,서울특별시 중구 을지로동,1102060,서울특별시 중구 을지로동,955538.0,1952243.0,matched,1
1114061000,서울특별시 중구 신당제1동,,,,,name_not_found,0
1114061500,서울특별시 중구 신당동,1102069,서울특별시 중구 신당동,957064.0,1951933.0,matched,1
1114062000,서울특별시 중구 신당제2동,,,,,name_not_found,0
1114062500,서울특별시 중구 다산동,1102070,서울특별시 중구 다산동,956575.0,1950735.0,matched,1
1114063000,서울특별시 중구 신당제3동,,,,,name_not_found,0
1114063500,서울특별시 중구 약수동,1102071,서울특별시 중구 약수동,956749.0,1950211.0,matched,1
1114064000,서울특별시 중구 신당제4동,,,,,name_not_found,0
1114064500,서울특별시 중구 청구동,1102072,서울특별시 중구 청구동,957159.0,1951034.0,matched,1
1114065000,서울특별시 중구 신당제5동,,,,,name_not_found,0
1114066000,서울특별시 중구 신당제6동,,,,,name_not_found,0
1114066500,서울특별시 중구 동화동,1102073,서울특별시 중구 동화동,957489.0,1951450.0,matched,1
1114067000,서울특별시 중구 황학동,1102067,서울특별시 중구 황학동,957684.0,1952329.0,matched,1
1114068000,서울특별시 중구 중림동,1102068,서울특별시 중구 중림동,952851.0,1951028.0,matched,1
1117000000,서울특별시 용산구,,,,,name_not_found,0
1117051000,서울특별시 용산구 후암동,1103051,서울특별시 용산구 후암동,954107.0,1950162.0,matched,1
1117052000,서울특별시 용산구 용산2가동,1103052,서울특별시 용산구 용산2가동,954358.0,1948827.0,matched,1
1117053000,서울특별시 용산구 남영동,1103053,서울특별시 용산구 남영동,953613.0,1949501.0,matched,1
1117054000,서울특별시 용산구 청파제1동,,,,,name_not_found,0
1117055000,서울특별시 용산구 청파제2동,,,,,name_not_found,0
1117055500,서울특별시 용산구 청파동,1103071,서울특별시 용산구 청파동,952907.0,1949940.0,matched,1
1117056000,서울특별시 용산구 원효로제1동,,,,,name_not_found,0
1117057000,서울특별시 용산구 원효로제2동,,,,,name_not_found,0
1117058000,서울특별시 용산구 효창동,1103058,서울특별시 용산구 효창동,952374.0,1949419.0,matched,1
1117059000,서울특별시 용산구 용문동,1103059,서울특별시 용산구 용문동,952155.0,1948976.0,matched,1
1117060000,서울특별시 용산구 한강로제1동,,,,,name_not_found,0
1117061000,서울특별시 용산구 한강로제2동,,,,,name_not_found,0
1117062000,서울특별시 용산구 한강로제3동,,,,,name_not_found,0
1117062500,서울특별시 용산구 한강로동,1103073,서울특별시 용산구 한강로동,953049.0,1947878.0,matched,1
1117063000,서울특별시 용산구 이촌제1동,,,,,name_not_found,0
1117064000,서울특별시 용산구 이촌제2동,,,,,name_not_found,0
1117065000,서울특별시 용산구 이태원제1동,,,,,name_not_found,0
1117066000,서울특별시 용산구 이태원제2동,,,,,name_not_found,0
1117067000,서울특별시 용산구 한남제1동,,,,,name_not_found,0
1117068000,서울특별시 용산구 한남제2동,,,,,name_not_found,0
1117068500,서울특별시 용산구 한남동,1103074,서울특별시 용산구 한남동,956281.0,1948800.0,matched,1
1117069000,서울특별시 용산구 서빙고동,1103069,서울특별시 용산구 서빙고동,954845.0,1946820.0,matched,1
1117070000,서울특별시 용산구 보광동,1103070,서울특별시 용산구 보광동,955889.0,1947628.0,matched,1
1120000000,서울특별시 성동구,,,,,name_not_found,0
1120050100,서울특별시 성동구 옥수동,1104073,서울특별시 성동구 옥수동,957639.0,1949168.0,matched,1
1120051000,서울특별시 성동구 왕십리제1동,,,,,name_not_found,0
1120052000,서울특별시 성동구 왕십리제2동,,,,,name_not_found,0
1120053000,서울특별시 성동구 도선동,,,,,name_not_found,0
1120053500,서울특별시 성동구 왕십리도선동,1104071,서울특별시 성동구 왕십리도선동,958357.0,1952249.0,matched,1
1120054000,서울특별시 성동구 마장동,1104054,서울특별시 성동구 마장동,959431.0,1952095.0,matched,1
1120055000,서울특별시 성동구 사근동,1104055,서울특별시 성동구 사근동,959858.0,1951065.0,matched,1
1120056000,서울특별시 성동구 행당제1동,,,,,name_not_found,0
1120057000,서울특별시 성동구 행당제2동,,,,,name_not_found,0
1120058000,서울특별시 성동구 응봉동,1104058,서울특별시 성동구 응봉동,958829.0,1950271.0,matched,1
1120059000,서울특별시 성동구 금호1가동,1104059,서울특별시 성동구 금호1가동,958067.0,1950570.0,matched,1
1120060000,서울특별시 성동구 금호2가동,,,,,name_not_found,0
1120061000,서울특별시 성동구 금호3가동,,,,,name_not_found,0
1120061500,서울특별시 성동구 금호2.3가동,,,,,name_not_found,0
1120062000,서울특별시 성동구 금호4가동,1104062,서울특별시 성동구 금호4가동,957969.0,1949667.0,matched,1
1120063000,서울특별시 성동구 옥수제1동,,,,,name_not_found,0
1120064000,서울특별시 성동구 옥수제2동,,,,,name_not_found,0
1120064500,서울특별시 성동구 옥수동,1104073,서울특별시 성동구 옥수동,957639.0,1949168.0,matched,1
1120065000,서울특별시 성동구 성수1가제1동,,,,,name_not_found,0
1120066000,서울특별시 성동구 성수1가제2동,,,,,name_not_found,0
1120067000,서울특별시 성동구 성수2가제1동,,,,,name_not_found,0
1120068000,서울특별시 성동구 성수2가제2동,,,,,name_not_found,0
1120069000,서울특별시 성동구 성수2가제3동,,,,,name_not_found,0
1120070000,서울특별시 성동구 성수2가제4동,,,,,name_not_found,0
1120071000,서울특별시 성동구 화양동,,,,,name_not_found,0
1120072000,서울특별시 성동구 송정동,1104069,서울특별시 성동구 송정동,962263.0,1951008.0,matched,1
1120073000,서울특별시 성동구 군자동,,,,,name_not_found,0
1120074000,서울특별시 성동구 중곡제1동,,,,,name_not_found,0
1120075000,서울특별시 성동구 중곡제2동,,,,,name_not_found,0
1120076000,서울특별시 성동구 중곡제3동,,,,,name_not_found,0
1120077000,서울특별시 성동구 중곡제4동,,,,,name_not_found,0
1120078000,서울특별시 성동구 능동,,,,,name_not_found,0
1120079000,서울특별시 성동구 용답동,1104070,서울특별시 성동구 용답동,960925.0,1951149.0,matched,1
1120080000,서울특별시 성동구 구의동,,,,,name_not_found,0
1120081000,서울특별시 성동구 광장동,,,,,name_not_found,0
1120082000,서울특별시 성동구 자양제1동,,,,,name_not_found,0
1120083000,서울특별시 성동구 자양제2동,,,,,name_not_found,0
1120084000,서울특별시 성동구 자양제3동,,,,,name_not_found,0
1120085000,서울특별시 성동구 구의제1동,,,,,name_not_found,0
1120086000,서울특별시 성동구 구의제2동,,,,,name_not_found,0
1120087000,서울특별시 성동구 구의제3동,,,,,name_not_found,0
1121500000,서울특별시 광진구,,,,,name_not_found,0
1121571000,서울특별시 광진구 화양동,1105053,서울특별시 광진구 화양동,962319.0,1949407.0,matched,1
1121573000,서울특별시 광진구 군자동,1105054,서울특별시 광진구 군자동,962245.0,1950493.0,matched,1
1121574000,서울특별시 광진구 중곡제1동,,,,,name_not_found,0
1121575000,서울특별시 광진구 중곡제2동,,,,,name_not_found,0
1121576000,서울특별시 광진구 중곡제3동,,,,,name_not_found,0
1121577000,서울특별시 광진구 중곡제4동,,,,,name_not_found,0
1121578000,서울특별시 광진구 능동,1105059,서울특별시 광진구 능동,963059.0,1950219.0,matched,1
1121581000,서울특별시 광진구 광장동,1105063,서울특별시 광진구 광장동,965082.0,1949906.0,matched,1
1121582000,서울특별시 광진구 자양제1동,,,,,name_not_found,0
1121583000,서울특별시 광진구 자양제2동,,,,,name_not_found,0
1121584000,서울특별시 광진구 자양제3동,,,,,name_not_found,0
1121584500,서울특별시 광진구 노유제1동,,,,,name_not_found,0
1121584600,서울특별시 광진구 노유제2동,,,,,name_not_found,0
1121584700,서울특별시 광진구 자양제4동,,,,,name_not_found,0
1121585000,서울특별시 광진구 구의제1동,,,,,name_not_found,0
1121586000,서울특별시 광진구 구의제2동,,,,,name_not_found,0
1121587000,서울특별시 광진구 구의제3동,,,,,name_not_found,0
1123000000,서울특별시 동대문구,,,,,name_not_found,0
1123051000,서울특별시 동대문구 신설동,,,,,name_not_found,0
1123052000,서울특별시 동대문구 용두제1동,,,,,name_not_found,0
1123053000,서울특별시 동대문구 용두제2동,,,,,name_not_found,0
1123053500,서울특별시 동대문구 용두동,,,,,name_not_found,0
1123053600,서울특별시 동대문구 용신동,1106081,서울특별시 동대문구 용신동,958721.0,1953011.0,matched,1
1123054000,서울특별시 동대문구 제기제1동,,,,,name_not_found,0
1123054500,서울특별시 동대문구 제기동,1106082,서울특별시 동대문구 제기동,959145.0,1953914.0,matched,1
1123055000,서울특별시 동대문구 제기제2동,,,,,name_not_found,0
1123056000,서울특별시 동대문구 전농제1동,,,,,name_not_found,0
1123057000,서울특별시 동대문구 전농제2동,,,,,name_not_found,0
1123058000,서울특별시 동대문구 전농제3동,,,,,name_not_found,0
1123059000,서울특별시 동대문구 전농제4동,,,,,name_not_found,0
1123060000,서울특별시 동대문구 답십리제1동,,,,,name_not_found,0
1123061000,서울특별시 동대문구 답십리제2동,,,,,name_not_found,0
1123062000,서울특별시 동대문구 답십리제3동,,,,,name_not_found,0
1123063000,서울특별시 동대문구 답십리제4동,,,,,name_not_found,0
1123064000,서울특별시 동대문구 답십리제5동,,,,,name_not_found,0
1123065000,서울특별시 동대문구 장안제1동,,,,,name_not_found,0
1123066000,서울특별시 동대문구 장안제2동,,,,,name_not_found,0
1123067000,서울특별시 동대문구 장안제3동,,,,,name_not_found,0
1123068000,서울특별시 동대문구 장안제4동,,,,,name_not_found,0
1123069000,서울특별시 동대문구 청량리제1동,,,,,name_not_found,0
1123070000,서울특별시 동대문구 청량리제2동,,,,,name_not_found,0
1123070500,서울특별시 동대문구 청량리동,1106080,서울특별시 동대문구 청량리동,959867.0,1954490.0,matched,1
1123071000,서울특별시 동대문구 회기동,1106071,서울특별시 동대문구 회기동,960423.0,1955047.0,matched,1
1123072000,서울특별시 동대문구 휘경제1동,,,,,name_not_found,0
1123073000,서울특별시 동대문구 휘경제2동,,,,,name_not_found,0
1123074000,서울특별시 동대문구 이문제1동,,,,,name_not_found,0
1123075000,서울특별시 동대문구 이문제2동,,,,,name_not_found,0
1123076000,서울특별시 동대문구 이문제3동,,,,,name_not_found,0
1126000000,서울특별시 중랑구,,,,,name_not_found,0
1126051000,서울특별시 중랑구 면목제1동,,,,,name_not_found,0
1126052000,서울특별시 중랑구 면목제2동,,,,,name_not_found,0
1126053000,서울특별시 중랑구 면목제3동,,,,,name_not_found,0
1126054000,서울특별시 중랑구 면목제4동,,,,,name_not_found,0
1126055000,서울특별시 중랑구 면목제5동,,,,,name_not_found,0
1126056000,서울특별시 중랑구 면목제6동,,,,,name_not_found,0
1126056500,서울특별시 중랑구 면목본동,1107071,서울특별시 중랑구 면목본동,963753.0,1954401.0,matched,1
1126057000,서울특별시 중랑구 면목제7동,,,,,name_not_found,0
1126057100,서울특별시 중랑구 면목제8동,,,,,name_not_found,0
1126057500,서울특별시 중랑구 면목제3.8동,,,,,name_not_found,0
1126058000,서울특별시 중랑구 상봉제1동,,,,,name_not_found,0
1126059000,서울특별시 중랑구 상봉제2동,,,,,name_not_found,0
1126060000,서울특별시 중랑구 중화제1동,,,,,name_not_found,0
1126061000,서울특별시 중랑구 중화제2동,,,,,name_not_found,0
1126061100,서울특별시 중랑구 중화제3동,,,,,name_not_found,0
1126062000,서울특별시 중랑구 묵제1동,,,,,name_not_found,0
1126063000,서울특별시 중랑구 묵제2동,,,,,name_not_found,0
1126064000,서울특별시 중랑구 망우제1동,,,,,name_not_found,0
1126065000,서울특별시 중랑구 망우제2동,,,,,name_not_found,0
1126065500,서울특별시 중랑구 망우본동,1107073,서울특별시 중랑구 망우본동,965338.0,1955917.0,matched,1
1126066000,서울특별시 중랑구 망우제3동,,,,,name_not_found,0
1126067000,서울특별시 중랑구 신내동,,,,,name_not_found,0
1126068000,서울특별시 중랑구 신내1동,1107069,서울특별시 중랑구 신내1동,965060.0,1957546.0,matched,1
1126069000,서울특별시 중랑구 신내2동,1107070,서울특별시 중랑구 신내2동,963944.0,1956921.0,matched,1
1129000000,서울특별시 성북구,,,,,name_not_found,0
1129051000,서울특별시 성북구 성북제1동,,,,,name_not_found,0
1129052000,서울특별시 성북구 성북제2동,,,,,name_not_found,0
1129052500,서울특별시 성북구 성북동,1108081,서울특별시 성북구 성북동,955339.0,1955374.0,matched,1
1129053000,서울특별시 성북구 동소문동,,,,,name_not_found,0
1129054000,서울특별시 성북구 삼선제1동,,,,,name_not_found,0
1129055000,서울특별시 성북구 삼선제2동,,,,,name_not_found,0
1129055500,서울특별시 성북구 삼선동,1108082,서울특별시 성북구 삼선동,956894.0,1954249.0,matched,1
1129056000,서울특별시 성북구 동선제1동,,,,,name_not_found,0
1129057000,서울특별시 성북구 동선제2동,,,,,name_not_found,0
1129057500,서울특별시 성북구 동선동,1108083,서울특별시 성북구 동선동,957484.0,1955039.0,matched,1
1129058000,서울특별시 성북구 돈암제1동,,,,,name_not_found,0
1129059000,서울특별시 성북구 돈암제2동,,,,,name_not_found,0
1129060000,서울특별시 성북구 안암동,1108060,서울특별시 성북구 안암동,958258.0,1954363.0,matched,1
1129061000,서울특별시 성북구 보문동,1108061,서울특별시 성북구 보문동,957543.0,1953825.0,matched,1
1129062000,서울특별시 성북구 정릉제1동,,,,,name_not_found,0
1129063000,서울특별시 성북구 정릉제2동,,,,,name_not_found,0
1129064000,서울특별시 성북구 정릉제3동,,,,,name_not_found,0
1129065000,서울특별시 성북구 정릉제4동,,,,,name_not_found,0
1129066000,서울특별시 성북구 길음제1동,,,,,name_not_found,0
1129067000,서울특별시 성북구 길음제2동,,,,,name_not_found,0
1129068000,서울특별시 성북구 길음제3동,,,,,name_not_found,0
1129068500,서울특별시 성북구 길음제2동,,,,,name_not_found,0
1129069000,서울특별시 성북구 종암제1동,,,,,name_not_found,0
1129070000,서울특별시 성북구 종암제2동,,,,,name_not_found,0
1129070500,서울특별시 성북구 종암동,1108084,서울특별시 성북구 종암동,958859.0,1955435.0,matched,1
1129071000,서울특별시 성북구 하월곡제1동,,,,,name_not_found,0
1129071500,서울특별시 성북구 월곡제1동,,,,,name_not_found,0
1129072000,서울특별시 성북구 하월곡제2동,,,,,name_not_found,0
1129072500,서울특별시 성북구 월곡제2동,,,,,name_not_found,0
1129073000,서울특별시 성북구 하월곡제3동,,,,,name_not_found,0
1129073500,서울특별시 성북구 월곡제3동,,,,,name_not_found,0
1129074000,서울특별시 성북구 하월곡제4동,,,,,name_not_found,0
1129074500,서울특별시 성북구 월곡제4동,,,,,name_not_found,0
1129075000,서울특별시 성북구 상월곡동,,,,,name_not_found,0
1129076000,서울특별시 성북구 장위제1동,,,,,name_not_found,0
1129077000,서울특별시 성북구 장위제2동,,,,,name_not_found,0
1129078000,서울특별시 성북구 장위제3동,,,,,name_not_found,0
1129079000,서울특별시 성북구 석관제1동,,,,,name_not_found,0
1129080000,서울특별시 성북구 석관제2동,,,,,name_not_found,0
1129081000,서울특별시 성북구 석관동,1108085,서울특별시 성북구 석관동,961276.0,1956629.0,matched,1
1130500000,서울특별시 강북구,,,,,name_not_found,0
1130553100,서울특별시 강북구 미아제1동,,,,,name_not_found,0
1130553200,서울특별시 강북구 미아제2동,,,,,name_not_found,0
1130553300,서울특별시 강북구 미아제3동,,,,,name_not_found,0
1130553400,서울특별시 강북구 삼양동,1109069,서울특별시 강북구 삼양동,957202.0,1958384.0,matched,1
1130553500,서울특별시 강북구 미아동,1109070,서울특별시 강북구 미아동,958206.0,1958905.0,matched,1
1130554000,서울특별시 강북구 미아제4동,,,,,name_not_found,0
1130554500,서울특별시 강북구 송중동,1109071,서울특별시 강북구 송중동,958885.0,1957686.0,matched,1
1130555000,서울특별시 강북구 미아제5동,,,,,name_not_found,0
1130555500,서울특별시 강북구 송천동,1109072,서울특별시 강북구 송천동,958085.0,1957732.0,matched,1
1130556000,서울특별시 강북구 미아제6동,,,,,name_not_found,0
1130556500,서울특별시 강북구 미아제6.7동,,,,,name_not_found,0
1130557000,서울특별시 강북구 미아제7동,,,,,name_not_found,0
1130557500,서울특별시 강북구 삼각산동,1109073,서울특별시 강북구 삼각산동,957327.0,1957734.0,matched,1
1130558000,서울특별시 강북구 미아제8동,,,,,name_not_found,0
1130558100,서울특별시 강북구 미아제9동,,,,,name_not_found,0
1130559000,서울특별시 강북구 번제1동,,,,,name_not_found,0
1130559500,서울특별시 강북구 번1동,1109060,서울특별시 강북구 번1동,958536.0,1959995.0,matched,1
1130560000,서울특별시 강북구 번제2동,,,,,name_not_found,0
1130560300,서울특별시 강북구 번2동,1109061,서울특별시 강북구 번2동,958947.0,1959004.0,matched,1
1130560600,서울특별시 강북구 번제3동,,,,,name_not_found,0
1130560800,서울특별시 강북구 번3동,1109062,서울특별시 강북구 번3동,959599.0,1958345.0,matched,1
1130561000,서울특별시 강북구 수유제1동,,,,,name_not_found,0
1130561500,서울특별시 강북구 수유1동,1109063,서울특별시 강북구 수유1동,956748.0,1959039.0,matched,1
1130562000,서울특별시 강북구 수유제2동,,,,,name_not_found,0
1130562500,서울특별시 강북구 수유2동,1109064,서울특별시 강북구 수유2동,957601.0,1960768.0,matched,1
1130563000,서울특별시 강북구 수유제3동,,,,,name_not_found,0
1130563500,서울특별시 강북구 수유3동,1109065,서울특별시 강북구 수유3동,957804.0,1960222.0,matched,1
1130564000,서울특별시 강북구 수유제4동,,,,,name_not_found,0
1130564500,서울특별시 강북구 우이동,1109074,서울특별시 강북구 우이동,955940.0,1962428.0,matched,1
1130565000,서울특별시 강북구 수유제5동,,,,,name_not_found,0
1130565100,서울특별시 강북구 수유제6동,,,,,name_not_found,0
1130566000,서울특별시 강북구 인수동,1109075,서울특별시 강북구 인수동,956203.0,1959897.0,matched,1
1132000000,서울특별시 도봉구,,,,,name_not_found,0
1132051100,서울특별시 도봉구 창제1동,,,,,name_not_found,0
1132051200,서울특별시 도봉구 창제2동,,,,,name_not_found,0
1132051300,서울특별시 도봉구 창제3동,,,,,name_not_found,0
1132051400,서울특별시 도봉구 창제4동,,,,,name_not_found,0
1132051500,서울특별시 도봉구 창제5동,,,,,name_not_found,0
1132052100,서울특별시 도봉구 도봉제1동,,,,,name_not_found,0
1132052200,서울특별시 도봉구 도봉제2동,,,,,name_not_found,0
1132053100,서울특별시 도봉구 미아제1동,,,,,name_not_found,0
1132053200,서울특별시 도봉구 미아제2동,,,,,name_not_found,0
1132053300,서울특별시 도봉구 미아제3동,,,,,name_not_found,0
1132054000,서울특별시 도봉구 미아제4동,,,,,name_not_found,0
1132055000,서울특별시 도봉구 미아제5동,,,,,name_not_found,0
1132056000,서울특별시 도봉구 미아제6동,,,,,name_not_found,0
1132057000,서울특별시 도봉구 미아제7동,,,,,name_not_found,0
1132058000,서울특별시 도봉구 미아제8동,,,,,name_not_found,0
1132058100,서울특별시 도봉구 미아제9동,,,,,name_not_found,0
1132059000,서울특별시 도봉구 번제1동,,,,,name_not_found,0
1132060000,서울특별시 도봉구 번제2동,,,,,name_not_found,0
1132060500,서울특별시 도봉구 번제2동분소,,,,,name_not_found,0
1132060600,서울특별시 도봉구 번제3동,,,,,name_not_found,0
1132061000,서울특별시 도봉구 수유제1동,,,,,name_not_found,0
1132062000,서울특별시 도봉구 수유제2동,,,,,name_not_found,0
1132063000,서울특별시 도봉구 수유제3동,,,,,name_not_found,0
1132064000,서울특별시 도봉구 수유제4동,,,,,name_not_found,0
1132065000,서울특별시 도봉구 수유제5동,,,,,name_not_found,0
1132065100,서울특별시 도봉구 수유제6동,,,,,name_not_found,0
1132066000,서울특별시 도봉구 쌍문제1동,,,,,name_not_found,0
1132067000,서울특별시 도봉구 쌍문제2동,,,,,name_not_found,0
1132068000,서울특별시 도봉구 쌍문제3동,,,,,name_not_found,0
1132068100,서울특별시 도봉구 쌍문제4동,,,,,name_not_found,0
1132069000,서울특별시 도봉구 방학제1동,,,,,name_not_found,0
1132070000,서울특별시 도봉구 방학제2동,,,,,name_not_found,0
1132071000,서울특별시 도봉구 방학제3동,,,,,name_not_found,0
1132072000,서울특별시 도봉구 방학제4동,,,,,name_not_found,0
1135000000,서울특별시 노원구,,,,,name_not_found,0
1135051000,서울특별시 노원구 도봉제1동,,,,,name_not_found,0
1135052000,서울특별시 노원구 도봉제2동,,,,,name_not_found,0
1135053000,서울특별시 노원구 창제1동,,,,,name_not_found,0
1135054000,서울특별시 노원구 창제2동,,,,,name_not_found,0
1135055000,서울특별시 노원구 창제3동,,,,,name_not_found,0
1135056000,서울특별시 노원구 월계1동,1111051,서울특별시 노원구 월계1동,961015.0,1958129.0,matched,1
1135057000,서울특별시 노원구 월계2동,1111052,서울특별시 노원구 월계2동,960410.0,1959489.0,matched,1
1135057500,서울특별시 노원구 월계제2동분소,,,,,name_not_found,0
1135058000,서울특별시 노원구 월계3동,1111053,서울특별시 노원구 월계3동,961643.0,1958516.0,matched,1
1135058100,서울특별시 노원구 월계4동,,,,,name_not_found,0
1135059000,서울특별시 노원구 공릉제1동,,,,,name_not_found,0
1135059100,서울특별시 노원구 공릉제1동분소,,,,,name_not_found,0
1135059500,서울특별시 노원구 공릉1동,1111079,서울특별시 노원구 공릉1동,962380.0,1958385.0,matched,1
1135060000,서울특별시 노원구 공릉2동,1111056,서울특별시 노원구 공릉2동,964209.0,1959202.0,matched,1
1135060100,서울특별시 노원구 공릉제3동,,,,,name_not_found,0
1135060500,서울특별시 노원구 공릉1.3동,,,,,name_not_found,0
1135061000,서울특별시 노원구 하계동,,,,,name_not_found,0
1135061100,서울특별시 노원구 하계1동,1111058,서울특별시 노원구 하계1동,962520.0,1959989.0,matched,1
1135061200,서울특별시 노원구 하계2동,1111059,서울특별시 노원구 하계2동,961619.0,1959690.0,matched,1
1135061900,서울특별시 노원구 중계본동,1111060,서울특별시 노원구 중계본동,963486.0,1961097.0,matched,1
1135062000,서울특별시 노원구 중계동,,,,,name_not_found,0
1135062100,서울특별시 노원구 중계1동,1111061,서울특별시 노원구 중계1동,962378.0,1961287.0,matched,1
1135062200,서울특별시 노원구 중계2동,,,,,name_not_found,0
1135062300,서울특별시 노원구 중계3동,,,,,name_not_found,0
1135062400,서울특별시 노원구 중계4동,1111064,서울특별시 노원구 중계4동,963171.0,1962282.0,matched,1
1135062500,서울특별시 노원구 중계2.3동,,,,,name_not_found,0
1135063000,서울특별시 노원구 상계1동,1111065,서울특별시 노원구 상계1동,961657.0,1964953.0,matched,1
1135063500,서울특별시 노원구 상계제1동분소,,,,,name_not_found,0
1135064000,서울특별시 노원구 상계2동,1111066,서울특별시 노원구 상계2동,961832.0,1962180.0,matched,1
1135065000,서울특별시 노원구 상계제3동,,,,,name_not_found,0
1135066000,서울특별시 노원구 상계제4동,,,,,name_not_found,0
1135066500,서울특별시 노원구 상계3.4동,,,,,name_not_found,0
1135067000,서울특별시 노원구 상계5동,1111069,서울특별시 노원구 상계5동,962080.0,1963009.0,matched,1
1135068000,서울특별시 노원구 상계제6동,,,,,name_not_found,0
1135069000,서울특별시 노원구 상계제7동,,,,,name_not_found,0
1135069500,서울특별시 노원구 상계6.7동,,,,,name_not_found,0
1135070000,서울특별시 노원구 상계8동,1111072,서울특별시 노원구 상계8동,960623.0,1963094.0,matched,1
1135071000,서울특별시 노원구 상계9동,1111073,서울특별시 노원구 상계9동,961341.0,1963321.0,matched,1
1135072000,서울특별시 노원구 상계10동,1111074,서울특별시 노원구 상계10동,960968.0,1962340.0,matched,1
1138000000,서울특별시 은평구,,,,,name_not_found,0
1138051000,서울특별시 은평구 녹번동,1112051,서울특별시 은평구 녹번동,950079.0,1956363.0,matched,1
1138052000,서울특별시 은평구 불광제1동,,,,,name_not_found,0
1138053000,서울특별시 은평구 불광제2동,,,,,name_not_found,0
1138054000,서울특별시 은평구 불광제3동,,,,,name_not_found,0
1138055000,서울특별시 은평구 갈현동,,,,,name_not_found,0
1138055100,서울특별시 은평구 갈현제1동,,,,,name_not_found,0
1138055200,서울특별시 은평구 갈현제2동,,,,,name_not_found,0
1138056000,서울특별시 은평구 구산동,1112057,서울특별시 은평구 구산동,947687.0,1957015.0,matched,1
1138057000,서울특별시 은평구 대조동,1112058,서울특별시 은평구 대조동,949088.0,1957143.0,matched,1
1138058000,서울특별시 은평구 응암제1동,,,,,name_not_found,0
1138059000,서울특별시 은평구 응암제2동,,,,,name_not_found,0
1138060000,서울특별시 은평구 응암제3동,,,,,name_not_found,0
1138061000,서울특별시 은평구 역촌제1동,,,,,name_not_found,0
1138062000,서울특별시 은평구 역촌제2동,,,,,name_not_found,0
1138062500,서울특별시 은평구 역촌동,1112074,서울특별시 은평구 역촌동,948346.0,1956299.0,matched,1
1138063000,서울특별시 은평구 신사동,,,,,name_not_found,0
1138063100,서울특별시 은평구 신사제1동,,,,,name_not_found,0
1138063200,서울특별시 은평구 신사제2동,,,,,name_not_found,0
1138064000,서울특별시 은평구 증산동,1112067,서울특별시 은평구 증산동,947549.0,1954021.0,matched,1
1138065000,서울특별시 은평구 수색동,1112068,서울특별시 은평구 수색동,946545.0,1954196.0,matched,1
1138066000,서울특별시 은평구 진관내동,,,,,name_not_found,0
1138067000,서울특별시 은평구 진관외동,,,,,name_not_found,0
1138068000,서울특별시 은평구 응암제4동,,,,,name_not_found,0
1138069000,서울특별시 은평구 진관동,1112071,서울특별시 은평구 진관동,950412.0,1960171.0,matched,1
1141000000,서울특별시 서대문구,,,,,name_not_found,0
1141051000,서울특별시 서대문구 충정로동,,,,,name_not_found,0
1141052000,서울특별시 서대문구 천연동,1113052,서울특별시 서대문구 천연동,952011.0,1952577.0,matched,1
1141053000,서울특별시 서대문구 현저동,,,,,name_not_found,0
1141054000,서울특별시 서대문구 북아현제1동,,,,,name_not_found,0
1141055000,서울특별시 서대문구 북아현제2동,,,,,name_not_found,0
1141055500,서울특별시 서대문구 북아현동,1113074,서울특별시 서대문구 북아현동,951906.0,1951343.0,matched,1
1141056000,서울특별시 서대문구 북아현제3동,,,,,name_not_found,0
1141056500,서울특별시 서대문구 충현동,1113073,서울특별시 서대문구 충현동,952145.0,1951853.0,matched,1
1141057000,서울특별시 서대문구 대신동,,,,,name_not_found,0
1141058000,서울특별시 서대문구 창천동,,,,,name_not_found,0
1141058500,서울특별시 서대문구 신촌동,1113075,서울특별시 서대문구 신촌동,950686.0,1951772.0,matched,1
1141059000,서울특별시 서대문구 연희제1동,,,,,name_not_found,0
1141060000,서울특별시 서대문구 연희제2동,,,,,name_not_found,0
1141061000,서울특별시 서대문구 연희제3동,,,,,name_not_found,0
1141061500,서울특별시 서대문구 연희동,1113076,서울특별시 서대문구 연희동,949919.0,1952700.0,matched,1
1141062000,서울특별시 서대문구 홍제제1동,,,,,name_not_found,0
1141063000,서울특별시 서대문구 홍제제2동,,,,,name_not_found,0
1141064000,서울특별시 서대문구 홍제제3동,,,,,name_not_found,0
1141065000,서울특별시 서대문구 홍제제4동,,,,,name_not_found,0
1141065500,서울특별시 서대문구 홍제제2동,,,,,name_not_found,0
1141066000,서울특별시 서대문구 홍은제1동,,,,,name_not_found,0
1141067000,서울특별시 서대문구 홍은제2동,,,,,name_not_found,0
1141068000,서울특별시 서대문구 홍은제3동,,,,,name_not_found,0
1141068500,서울특별시 서대문구 홍은제2동,,,,,name_not_found,0
1141069000,서울특별시 서대문구 남가좌제1동,,,,,name_not_found,0
1141070000,서울특별시 서대문구 남가좌제2동,,,,,name_not_found,0
1141071000,서울특별시 서대문구 북가좌제1동,,,,,name_not_found,0
1141072000,서울특별시 서대문구 북가좌제2동,,,,,name_not_found,0
1144000000,서울특별시 마포구,,,,,name_not_found,0
1144051000,서울특별시 마포구 아현제1동,,,,,name_not_found,0
1144052000,서울특별시 마포구 아현제2동,,,,,name_not_found,0
1144053000,서울특별시 마포구 아현제3동,,,,,name_not_found,0
1144054000,서울특별시 마포구 공덕제1동,,,,,name_not_found,0
1144055000,서울특별시 마포구 공덕제2동,,,,,name_not_found,0
1144055500,서울특별시 마포구 아현동,1114078,서울특별시 마포구 아현동,951660.0,1950415.0,matched,1
1144056000,서울특별시 마포구 신공덕동,,,,,name_not_found,0
1144056500,서울특별시 마포구 공덕동,1114077,서울특별시 마포구 공덕동,952125.0,1950165.0,matched,1
1144057000,서울특별시 마포구 도화제1동,,,,,name_not_found,0
1144058000,서울특별시 마포구 도화제2동,,,,,name_not_found,0
1144058500,서울특별시 마포구 도화동,1114075,서울특별시 마포구 도화동,951235.0,1948953.0,matched,1
1144059000,서울특별시 마포구 용강동,1114059,서울특별시 마포구 용강동,950621.0,1949274.0,matched,1
1144060000,서울특별시 마포구 대흥동,1114060,서울특별시 마포구 대흥동,950661.0,1950454.0,matched,1
1144061000,서울특별시 마포구 염리동,1114061,서울특별시 마포구 염리동,951197.0,1950209.0,matched,1
1144062000,서울특별시 마포구 노고산동,,,,,name_not_found,0
1144063000,서울특별시 마포구 신수동,1114063,서울특별시 마포구 신수동,950072.0,1949739.0,matched,1
1144064000,서울특별시 마포구 창전동,,,,,name_not_found,0
1144065000,서울특별시 마포구 상수동,,,,,name_not_found,0
1144065500,서울특별시 마포구 서강동,1114076,서울특별시 마포구 서강동,949206.0,1949864.0,matched,1
1144066000,서울특별시 마포구 서교동,1114066,서울특별시 마포구 서교동,948866.0,1950772.0,matched,1
1144067000,서울특별시 마포구 동교동,,,,,name_not_found,0
1144068000,서울특별시 마포구 합정동,1114068,서울특별시 마포구 합정동,947805.0,1949904.0,matched,1
1144069000,서울특별시 마포구 망원제1동,,,,,name_not_found,0
1144070000,서울특별시 마포구 망원제2동,,,,,name_not_found,0
1144071000,서울특별시 마포구 연남동,1114071,서울특별시 마포구 연남동,948910.0,1951680.0,matched,1
1144072000,서울특별시 마포구 성산제1동,,,,,name_not_found,0
1144073000,서울특별시 마포구 성산제2동,,,,,name_not_found,0
1144074000,서울특별시 마포구 상암동,1114074,서울특별시 마포구 상암동,945241.0,1952555.0,matched,1
1147000000,서울특별시 양천구,,,,,name_not_found,0
1147051000,서울특별시 양천구 목1동,1115051,서울특별시 양천구 목1동,944706.0,1947765.0,matched,1
1147052000,서울특별시 양천구 목2동,1115052,서울특별시 양천구 목2동,944712.0,1949547.0,matched,1
1147053000,서울특별시 양천구 목3동,1115053,서울특별시 양천구 목3동,943953.0,1949733.0,matched,1
1147054000,서울특별시 양천구 목4동,1115054,서울특별시 양천구 목4동,944066.0,1948645.0,matched,1
1147055000,서울특별시 양천구 목5동,1115071,서울특별시 양천구 목5동,945218.0,1948698.0,matched,1
1147055100,서울특별시 양천구 목제6동,,,,,name_not_found,0
1147056000,서울특별시 양천구 신월1동,1115057,서울특별시 양천구 신월1동,941199.0,1948205.0,matched,1
1147057000,서울특별시 양천구 신월2동,1115058,서울특별시 양천구 신월2동,942241.0,1947521.0,matched,1
1147058000,서울특별시 양천구 신월3동,1115059,서울특별시 양천구 신월3동,940481.0,1948633.0,matched,1
1147059000,서울특별시 양천구 신월4동,1115060,서울특별시 양천구 신월4동,941662.0,1947202.0,matched,1
1147059500,서울특별시 양천구 신월제4동분소,,,,,name_not_found,0
1147060000,서울특별시 양천구 신월5동,1115061,서울특별시 양천구 신월5동,940756.0,1949270.0,matched,1
1147061000,서울특별시 양천구 신월6동,1115062,서울특별시 양천구 신월6동,941868.0,1946598.0,matched,1
1147061100,서울특별시 양천구 신월7동,1115063,서울특별시 양천구 신월7동,940894.0,1947009.0,matched,1
1147062000,서울특별시 양천구 신정1동,1115064,서울특별시 양천구 신정1동,943414.0,1946918.0,matched,1
1147063000,서울특별시 양천구 신정2동,1115065,서울특별시 양천구 신정2동,944748.0,1946823.0,matched,1
1147064000,서울특별시 양천구 신정3동,1115066,서울특별시 양천구 신정3동,941747.0,1946039.0,matched,1
1147065000,서울특별시 양천구 신정4동,1115072,서울특별시 양천구 신정4동,943245.0,1947540.0,matched,1
1147066000,서울특별시 양천구 신정제5동,,,,,name_not_found,0
1147067000,서울특별시 양천구 신정6동,1115069,서울특별시 양천구 신정6동,944510.0,1946404.0,matched,1
1147068000,서울특별시 양천구 신정7동,1115070,서울특별시 양천구 신정7동,943911.0,1945791.0,matched,1
1150000000,서울특별시 강서구,,,,,name_not_found,0
1150051000,서울특별시 강서구 염창동,1116051,서울특별시 강서구 염창동,944511.0,1950762.0,matched,1
1150052000,서울특별시 강서구 등촌제1동,,,,,name_not_found,0
1150052100,서울특별시 강서구 등촌1동민원분소,,,,,name_not_found,0
1150053000,서울특별시 강서구 등촌제2동,,,,,name_not_found,0
1150053500,서울특별시 강서구 등촌제3동,,,,,name_not_found,0
1150054000,서울특별시 강서구 화곡제1동,,,,,name_not_found,0
1150055000,서울특별시 강서구 화곡제2동,,,,,name_not_found,0
1150056000,서울특별시 강서구 화곡제3동,,,,,name_not_found,0
1150057000,서울특별시 강서구 화곡제4동,,,,,name_not_found,0
1150058000,서울특별시 강서구 화곡제5동,,,,,name_not_found,0
1150059000,서울특별시 강서구 화곡본동,1116055,서울특별시 강서구 화곡본동,942412.0,1949460.0,matched,1
1150059100,서울특별시 강서구 화곡제6동,,,,,name_not_found,0
1150059200,서울특별시 강서구 화곡제7동,,,,,name_not_found,0
1150059300,서울특별시 강서구 화곡제8동,,,,,name_not_found,0
1150060000,서울특별시 강서구 가양동,,,,,name_not_found,0
1150060100,서울특별시 강서구 가양동제1분소,,,,,name_not_found,0
1150060200,서울특별시 강서구 가양동제2분소,,,,,name_not_found,0
1150060300,서울특별시 강서구 가양제1동,,,,,name_not_found,0
1150060400,서울특별시 강서구 가양제2동,,,,,name_not_found,0
1150060500,서울특별시 강서구 가양제3동,,,,,name_not_found,0
1150061000,서울특별시 강서구 발산동,,,,,name_not_found,0
1150061100,서울특별시 강서구 발산제1동,,,,,name_not_found,0
1150061200,서울특별시 강서구 발산제2동,,,,,name_not_found,0
1150061500,서울특별시 강서구 우장산동,1116074,서울특별시 강서구 우장산동,941803.0,1950345.0,matched,1
1150062000,서울특별시 강서구 공항동,1116069,서울특별시 강서구 공항동,937696.0,1950939.0,matched,1
1150063000,서울특별시 강서구 방화제1동,,,,,name_not_found,0
1150063100,서울특별시 강서구 방화제1동분소,,,,,name_not_found,0
1150064000,서울특별시 강서구 방화제2동,,,,,name_not_found,0
1150064100,서울특별시 강서구 방화제3동,,,,,name_not_found,0
1150065000,서울특별시 강서구 과해동,,,,,name_not_found,0
1153000000,서울특별시 구로구,,,,,name_not_found,0
1153051000,서울특별시 구로구 신도림동,1117051,서울특별시 구로구 신도림동,945389.0,1945813.0,matched,1
1153052000,서울특별시 구로구 구로제1동,,,,,name_not_found,0
1153052500,서울특별시 구로구 구로제1동분소,,,,,name_not_found,0
1153053000,서울특별시 구로구 구로제2동,,,,,name_not_found,0
1153054000,서울특별시 구로구 구로제3동,,,,,name_not_found,0
1153054500,서울특별시 구로구 구로제3동분소,,,,,name_not_found,0
1153055000,서울특별시 구로구 구로제4동,,,,,name_not_found,0
1153056000,서울특별시 구로구 구로제5동,,,,,name_not_found,0
1153056500,서울특별시 구로구 구로본동,,,,,name_not_found,0
1153057000,서울특별시 구로구 구로제6동,,,,,name_not_found,0
1153058000,서울특별시 구로구 가리봉제1동,,,,,name_not_found,0
1153059000,서울특별시 구로구 가리봉제2동,,,,,name_not_found,0
1153059500,서울특별시 구로구 가리봉동,1117070,서울특별시 구로구 가리봉동,945911.0,1942867.0,matched,1
1153060000,서울특별시 구로구 가리봉제3동,,,,,name_not_found,0
1153061000,서울특별시 구로구 독산제1동,,,,,name_not_found,0
1153061500,서울특별시 구로구 독산제1동분소,,,,,name_not_found,0
1153062000,서울특별시 구로구 독산제2동,,,,,name_not_found,0
1153063000,서울특별시 구로구 독산제3동,,,,,name_not_found,0
1153064000,서울특별시 구로구 독산제4동,,,,,name_not_found,0
1153065000,서울특별시 구로구 독산본동,,,,,name_not_found,0
1153066000,서울특별시 구로구 시흥본동,,,,,name_not_found,0
1153067000,서울특별시 구로구 시흥제1동,,,,,name_not_found,0
1153068000,서울특별시 구로구 시흥제2동,,,,,name_not_found,0
1153069000,서울특별시 구로구 시흥제3동,,,,,name_not_found,0
1153070000,서울특별시 구로구 시흥제4동,,,,,name_not_found,0
1153071000,서울특별시 구로구 시흥제5동,,,,,name_not_found,0
1153072000,서울특별시 구로구 고척제1동,,,,,name_not_found,0
1153073000,서울특별시 구로구 고척제2동,,,,,name_not_found,0
1153074000,서울특별시 구로구 개봉제1동,,,,,name_not_found,0
1153075000,서울특별시 구로구 개봉제2동,,,,,name_not_found,0
1153076000,서울특별시 구로구 개봉제3동,,,,,name_not_found,0
1153076500,서울특별시 구로구 개봉본동,,,,,name_not_found,0
1153077000,서울특별시 구로구 오류제1동,,,,,name_not_found,0
1153078000,서울특별시 구로구 오류제2동,,,,,name_not_found,0
1153079000,서울특별시 구로구 수궁동,1117069,서울특별시 구로구 수궁동,940421.0,1944554.0,matched,1
1153080000,서울특별시 구로구 항동,1117074,서울특별시 구로구 항동,940306.0,1942623.0,matched,1
1154500000,서울특별시 금천구,,,,,name_not_found,0
1154551000,서울특별시 금천구 가산동,1118051,서울특별시 금천구 가산동,945525.0,1942115.0,matched,1
1154551500,서울특별시 금천구 가산동민원분소,,,,,name_not_found,0
1154561000,서울특별시 금천구 독산제1동,,,,,name_not_found,0
1154561500,서울특별시 금천구 독산제1동분소,,,,,name_not_found,0
1154562000,서울특별시 금천구 독산제2동,,,,,name_not_found,0
1154563000,서울특별시 금천구 독산제3동,,,,,name_not_found,0
1154564000,서울특별시 금천구 독산제4동,,,,,name_not_found,0
1154565000,서울특별시 금천구 독산본동,,,,,name_not_found,0
1154566000,서울특별시 금천구 시흥본동,,,,,name_not_found,0
1154567000,서울특별시 금천구 시흥제1동,,,,,name_not_found,0
1154568000,서울특별시 금천구 시흥제2동,,,,,name_not_found,0
1154569000,서울특별시 금천구 시흥제3동,,,,,name_not_found,0
1154570000,서울특별시 금천구 시흥제4동,,,,,name_not_found,0
1154571000,서울특별시 금천구 시흥제5동,,,,,name_not_found,0
1156000000,서울특별시 영등포구,,,,,name_not_found,0
1156051000,서울특별시 영등포구 영등포제1동,,,,,name_not_found,0
1156051500,서울특별시 영등포구 영등포본동,1119073,서울특별시 영등포구 영등포본동,947787.0,1946394.0,matched,1
1156052000,서울특별시 영등포구 영등포제2동,,,,,name_not_found,0
1156053000,서울특별시 영등포구 영등포제3동,,,,,name_not_found,0
1156053500,서울특별시 영등포구 영등포동,1119074,서울특별시 영등포구 영등포동,947659.0,1947092.0,matched,1
1156054000,서울특별시 영등포구 여의동,1119054,서울특별시 영등포구 여의동,949502.0,1947840.0,matched,1
1156055000,서울특별시 영등포구 당산제1동,,,,,name_not_found,0
1156056000,서울특별시 영등포구 당산제2동,,,,,name_not_found,0
1156057000,서울특별시 영등포구 도림제1동,,,,,name_not_found,0
1156058000,서울특별시 영등포구 도림제2동,,,,,name_not_found,0
1156058500,서울특별시 영등포구 도림동,1119075,서울특별시 영등포구 도림동,946813.0,1945795.0,matched,1
1156059000,서울특별시 영등포구 문래제1동,,,,,name_not_found,0
1156060000,서울특별시 영등포구 문래제2동,,,,,name_not_found,0
1156060500,서울특별시 영등포구 문래동,1119076,서울특별시 영등포구 문래동,946198.0,1946533.0,matched,1
1156061000,서울특별시 영등포구 양평제1동,,,,,name_not_found,0
1156062000,서울특별시 영등포구 양평제2동,,,,,name_not_found,0
1156063000,서울특별시 영등포구 신길제1동,,,,,name_not_found,0
1156064000,서울특별시 영등포구 신길제2동,,,,,name_not_found,0
1156065000,서울특별시 영등포구 신길제3동,,,,,name_not_found,0
1156066000,서울특별시 영등포구 신길제4동,,,,,name_not_found,0
1156067000,서울특별시 영등포구 신길제5동,,,,,name_not_found,0
1156068000,서울특별시 영등포구 신길제6동,,,,,name_not_found,0
1156069000,서울특별시 영등포구 신길제7동,,,,,name_not_found,0
1156070000,서울특별시 영등포구 대림제1동,,,,,name_not_found,0
1156071000,서울특별시 영등포구 대림제2동,,,,,name_not_found,0
1156072000,서울특별시 영등포구 대림제3동,,,,,name_not_found,0
1159000000,서울특별시 동작구,,,,,name_not_found,0
1159051000,서울특별시 동작구 노량진제1동,,,,,name_not_found,0
1159052000,서울특별시 동작구 노량진제2동,,,,,name_not_found,0
1159053000,서울특별시 동작구 상도제1동,,,,,name_not_found,0
1159054000,서울특별시 동작구 상도제2동,,,,,name_not_found,0
1159055000,서울특별시 동작구 상도제3동,,,,,name_not_found,0
1159056000,서울특별시 동작구 상도제4동,,,,,name_not_found,0
1159056100,서울특별시 동작구 상도제5동,,,,,name_not_found,0
1159057000,서울특별시 동작구 본동,,,,,name_not_found,0
1159058000,서울특별시 동작구 흑석제1동,,,,,name_not_found,0
1159059000,서울특별시 동작구 흑석제2동,,,,,name_not_found,0
1159060000,서울특별시 동작구 흑석제3동,,,,,name_not_found,0
1159060500,서울특별시 동작구 흑석동,1120071,서울특별시 동작구 흑석동,952471.0,1945266.0,matched,1
1159061000,서울특별시 동작구 동작동,,,,,name_not_found,0
1159062000,서울특별시 동작구 사당제1동,,,,,name_not_found,0
1159063000,서울특별시 동작구 사당제2동,,,,,name_not_found,0
1159064000,서울특별시 동작구 사당제3동,,,,,name_not_found,0
1159065000,서울특별시 동작구 사당제4동,,,,,name_not_found,0
1159065100,서울특별시 동작구 사당제5동,,,,,name_not_found,0
1159066000,서울특별시 동작구 대방동,1120068,서울특별시 동작구 대방동,949456.0,1945442.0,matched,1
1159067000,서울특별시 동작구 신대방제1동,,,,,name_not_found,0
1159068000,서울특별시 동작구 신대방제2동,,,,,name_not_found,0
1162000000,서울특별시 관악구,,,,,name_not_found,0
1162051000,서울특별시 관악구 봉천본동,,,,,name_not_found,0
1162052000,서울특별시 관악구 봉천제1동,,,,,name_not_found,0
1162052500,서울특별시 관악구 보라매동,1121052,서울특별시 관악구 보라매동,950059.0,1943616.0,matched,1
1162053000,서울특별시 관악구 봉천제2동,,,,,name_not_found,0
1162054000,서울특별시 관악구 봉천제3동,,,,,name_not_found,0
1162054500,서울특별시 관악구 청림동,1121054,서울특별시 관악구 청림동,952212.0,1943492.0,matched,1
1162055000,서울특별시 관악구 봉천제4동,,,,,name_not_found,0
1162056000,서울특별시 관악구 봉천제5동,,,,,name_not_found,0
1162056500,서울특별시 관악구 성현동,1121079,서울특별시 관악구 성현동,951476.0,1943500.0,matched,1
1162057000,서울특별시 관악구 봉천제6동,,,,,name_not_found,0
1162057500,서울특별시 관악구 행운동,1121057,서울특별시 관악구 행운동,952308.0,1942543.0,matched,1
1162058000,서울특별시 관악구 봉천제7동,,,,,name_not_found,0
1162058500,서울특별시 관악구 낙성대동,1121058,서울특별시 관악구 낙성대동,952230.0,1941081.0,matched,1
1162059000,서울특별시 관악구 봉천제8동,,,,,name_not_found,0
1162059500,서울특별시 관악구 청룡동,1121080,서울특별시 관악구 청룡동,951101.0,1942235.0,matched,1
1162060000,서울특별시 관악구 봉천제9동,,,,,name_not_found,0
1162060500,서울특별시 관악구 은천동,1121078,서울특별시 관악구 은천동,950683.0,1943237.0,matched,1
1162061000,서울특별시 관악구 봉천제10동,,,,,name_not_found,0
1162061500,서울특별시 관악구 중앙동,1121061,서울특별시 관악구 중앙동,951380.0,1943007.0,matched,1
1162062000,서울특별시 관악구 봉천제11동,,,,,name_not_found,0
1162062500,서울특별시 관악구 인헌동,1121062,서울특별시 관악구 인헌동,952920.0,1941288.0,matched,1
1162063000,서울특별시 관악구 남현동,1121063,서울특별시 관악구 남현동,953823.0,1940672.0,matched,1
1162064000,서울특별시 관악구 신림본동,,,,,name_not_found,0
1162064500,서울특별시 관악구 서원동,1121064,서울특별시 관악구 서원동,949915.0,1942727.0,matched,1
1162065000,서울특별시 관악구 신림제1동,,,,,name_not_found,0
1162065500,서울특별시 관악구 신원동,1121065,서울특별시 관악구 신원동,949322.0,1942379.0,matched,1
1162066000,서울특별시 관악구 신림제2동,,,,,name_not_found,0
1162066500,서울특별시 관악구 서림동,1121066,서울특별시 관악구 서림동,950618.0,1941756.0,matched,1
1162067000,서울특별시 관악구 신림제3동,,,,,name_not_found,0
1162068000,서울특별시 관악구 신림제4동,,,,,name_not_found,0
1162068500,서울특별시 관악구 신사동,1121068,서울특별시 관악구 신사동,948605.0,1943109.0,matched,1
1162069000,서울특별시 관악구 신림제5동,,,,,name_not_found,0
1162069500,서울특별시 관악구 신림동,1121069,서울특별시 관악구 신림동,949466.0,1943300.0,matched,1
1162070000,서울특별시 관악구 신림제6동,,,,,name_not_found,0
1162071000,서울특별시 관악구 신림제7동,,,,,name_not_found,0
1162071500,서울특별시 관악구 난향동,1121071,서울특별시 관악구 난향동,948569.0,1940425.0,matched,1
1162072000,서울특별시 관악구 신림제8동,,,,,name_not_found,0
1162072500,서울특별시 관악구 조원동,1121072,서울특별시 관악구 조원동,947604.0,1942882.0,matched,1
1162073000,서울특별시 관악구 신림제9동,,,,,name_not_found,0
1162073500,서울특별시 관악구 대학동,1121073,서울특별시 관악구 대학동,951229.0,1939426.0,matched,1
1162074000,서울특별시 관악구 신림제10동,,,,,name_not_found,0
1162074500,서울특별시 관악구 삼성동,1121082,서울특별시 관악구 삼성동,949603.0,1940309.0,matched,1
1162075000,서울특별시 관악구 신림제11동,,,,,name_not_found,0
1162076000,서울특별시 관악구 신림제12동,,,,,name_not_found,0
1162076500,서울특별시 관악구 미성동,1121083,서울특별시 관악구 미성동,948323.0,1942022.0,matched,1
1162077000,서울특별시 관악구 신림제13동,,,,,name_not_found,0
1162077500,서울특별시 관악구 난곡동,1121081,서울특별시 관악구 난곡동,948817.0,1941422.0,matched,1
1165000000,서울특별시 서초구,,,,,name_not_found,0
1165001100,서울특별시 서초구 도곡동,,,,,name_not_found,0
1165050100,서울특별시 서초구 도곡동,,,,,name_not_found,0
1165051000,서울특별시 서초구 서초1동,1122051,서울특별시 서초구 서초1동,957573.0,1943195.0,matched,1
1165052000,서울특별시 서초구 서초2동,1122052,서울특별시 서초구 서초2동,958267.0,1943389.0,matched,1
1165053000,서울특별시 서초구 서초3동,1122053,서울특별시 서초구 서초3동,956629.0,1943037.0,matched,1
1165053100,서울특별시 서초구 서초4동,1122054,서울특별시 서초구 서초4동,957557.0,1944520.0,matched,1
1165054000,서울특별시 서초구 잠원동,1122055,서울특별시 서초구 잠원동,956944.0,1946539.0,matched,1
1165055000,서울특별시 서초구 반포본동,1122056,서울특별시 서초구 반포본동,954734.0,1945115.0,matched,1
1165056000,서울특별시 서초구 반포1동,1122057,서울특별시 서초구 반포1동,957289.0,1945350.0,matched,1
1165057000,서울특별시 서초구 반포2동,1122058,서울특별시 서초구 반포2동,955458.0,1945459.0,matched,1
1165058000,서울특별시 서초구 반포3동,1122059,서울특별시 서초구 반포3동,956169.0,1946014.0,matched,1
1165058100,서울특별시 서초구 반포4동,1122060,서울특별시 서초구 반포4동,956099.0,1944585.0,matched,1
1165059000,서울특별시 서초구 방배본동,1122061,서울특별시 서초구 방배본동,954719.0,1944204.0,matched,1
1165060000,서울특별시 서초구 방배1동,1122062,서울특별시 서초구 방배1동,955458.0,1942963.0,matched,1
1165061000,서울특별시 서초구 방배2동,1122063,서울특별시 서초구 방배2동,954370.0,1941578.0,matched,1
1165062000,서울특별시 서초구 방배3동,1122064,서울특별시 서초구 방배3동,955601.0,1941799.0,matched,1
1165062100,서울특별시 서초구 방배4동,1122065,서울특별시 서초구 방배4동,955004.0,1943617.0,matched,1
1165063000,서울특별시 서초구 도곡제1동,,,,,name_not_found,0
1165064000,서울특별시 서초구 도곡제2동,,,,,name_not_found,0
1165065000,서울특별시 서초구 양재동,,,,,name_not_found,0
1165065100,서울특별시 서초구 양재1동,1122066,서울특별시 서초구 양재1동,957767.0,1941241.0,matched,1
1165065200,서울특별시 서초구 양재2동,1122067,서울특별시 서초구 양재2동,959841.0,1939182.0,matched,1
1165066000,서울특별시 서초구 내곡동,1122068,서울특별시 서초구 내곡동,962023.0,1939725.0,matched,1
1168000000,서울특별시 강남구,,,,,name_not_found,0
1168001100,서울특별시 강남구 압구정동,1123077,서울특별시 강남구 압구정동,958856.0,1947929.0,matched,1
1168050100,서울특별시 강남구 압구정동,1123077,서울특별시 강남구 압구정동,958856.0,1947929.0,matched,1
1168050200,서울특별시 강남구 청담동,1123078,서울특별시 강남구 청담동,960285.0,1947324.0,matched,1
1168051000,서울특별시 강남구 신사동,1123051,서울특별시 강남구 신사동,957603.0,1947527.0,matched,1
1168052000,서울특별시 강남구 논현동,,,,,name_not_found,0
1168052100,서울특별시 강남구 논현1동,1123052,서울특별시 강남구 논현1동,958154.0,1945949.0,matched,1
1168053000,서울특별시 강남구 학동,,,,,name_not_found,0
1168053100,서울특별시 강남구 논현2동,1123053,서울특별시 강남구 논현2동,959014.0,1946318.0,matched,1
1168054000,서울특별시 강남구 압구정제1동,,,,,name_not_found,0
1168054500,서울특별시 강남구 압구정동,1123077,서울특별시 강남구 압구정동,958856.0,1947929.0,matched,1
1168055000,서울특별시 강남구 압구정제2동,,,,,name_not_found,0
1168056000,서울특별시 강남구 청담제1동,,,,,name_not_found,0
1168056500,서울특별시 강남구 청담동,1123078,서울특별시 강남구 청담동,960285.0,1947324.0,matched,1
1168057000,서울특별시 강남구 청담제2동,,,,,name_not_found,0
1168058000,서울특별시 강남구 삼성1동,1123058,서울특별시 강남구 삼성1동,961186.0,1946309.0,matched,1
1168059000,서울특별시 강남구 삼성2동,1123059,서울특별시 강남구 삼성2동,960123.0,1945937.0,matched,1
1168060000,서울특별시 강남구 대치1동,1123060,서울특별시 강남구 대치1동,961024.0,1943881.0,matched,1
1168061000,서울특별시 강남구 대치2동,1123079,서울특별시 강남구 대치2동,961610.0,1944723.0,matched,1
1168062000,서울특별시 강남구 대치제3동,,,,,name_not_found,0
1168063000,서울특별시 강남구 대치4동,1123063,서울특별시 강남구 대치4동,960646.0,1944793.0,matched,1
1168064000,서울특별시 강남구 역삼1동,1123064,서울특별시 강남구 역삼1동,958643.0,1944720.0,matched,1
1168065000,서울특별시 강남구 역삼2동,1123065,서울특별시 강남구 역삼2동,959772.0,1944455.0,matched,1
1168065500,서울특별시 강남구 도곡1동,1123066,서울특별시 강남구 도곡1동,959423.0,1943392.0,matched,1
1168065600,서울특별시 강남구 도곡2동,1123067,서울특별시 강남구 도곡2동,960388.0,1943537.0,matched,1
1168066000,서울특별시 강남구 개포1동,1123068,서울특별시 강남구 개포1동,961300.0,1942155.0,matched,1
1168067000,서울특별시 강남구 개포2동,1123080,서울특별시 강남구 개포2동,961901.0,1942923.0,matched,1
1168068000,서울특별시 강남구 개포제3동,,,,,name_not_found,0
1168069000,서울특별시 강남구 개포4동,1123071,서울특별시 강남구 개포4동,960508.0,1941890.0,matched,1
1168070000,서울특별시 강남구 세곡동,1123076,서울특별시 강남구 세곡동,965009.0,1941350.0,matched,1
1168071000,서울특별시 강남구 일원동,,,,,name_not_found,0
1168071500,서울특별시 강남구 일원동분소,,,,,name_not_found,0
1168072000,서울특별시 강남구 일원본동,1123072,서울특별시 강남구 일원본동,963266.0,1942649.0,matched,1
1168073000,서울특별시 강남구 일원1동,1123073,서울특별시 강남구 일원1동,963682.0,1944082.0,matched,1
1168074000,서울특별시 강남구 일원2동,1123074,서울특별시 강남구 일원2동,962773.0,1944501.0,matched,1
1168075000,서울특별시 강남구 수서동,1123075,서울특별시 강남구 수서동,964641.0,1943347.0,matched,1
1171000000,서울특별시 송파구,,,,,name_not_found,0
1171050100,서울특별시 송파구 송파동,,,,,name_not_found,0
1171051000,서울특별시 송파구 풍납1동,1124051,서울특별시 송파구 풍납1동,965957.0,1948859.0,matched,1
1171052000,서울특별시 송파구 풍납2동,1124052,서울특별시 송파구 풍납2동,965378.0,1947945.0,matched,1
1171053000,서울특별시 송파구 거여동,,,,,name_not_found,0
1171053100,서울특별시 송파구 거여1동,1124053,서울특별시 송파구 거여1동,968230.0,1943954.0,matched,1
1171053200,서울특별시 송파구 거여2동,1124054,서울특별시 송파구 거여2동,968810.0,1943704.0,matched,1
1171054000,서울특별시 송파구 마천1동,1124055,서울특별시 송파구 마천1동,969606.0,1944071.0,matched,1
1171055000,서울특별시 송파구 마천2동,1124056,서울특별시 송파구 마천2동,969124.0,1944631.0,matched,1
1171056000,서울특별시 송파구 방이동,,,,,name_not_found,0
1171056100,서울특별시 송파구 방이1동,1124057,서울특별시 송파구 방이1동,966632.0,1945685.0,matched,1
1171056200,서울특별시 송파구 방이2동,1124058,서울특별시 송파구 방이2동,965879.0,1946063.0,matched,1
1171056500,서울특별시 송파구 방이동분소,,,,,name_not_found,0
1171056600,서울특별시 송파구 오륜동,1124059,서울특별시 송파구 오륜동,967189.0,1946534.0,matched,1
1171057000,서울특별시 송파구 오금동,1124060,서울특별시 송파구 오금동,967658.0,1945037.0,matched,1
1171058000,서울특별시 송파구 송파1동,1124061,서울특별시 송파구 송파1동,965563.0,1945394.0,matched,1
1171059000,서울특별시 송파구 송파2동,1124062,서울특별시 송파구 송파2동,966149.0,1944915.0,matched,1
1171060000,서울특별시 송파구 석촌동,1124063,서울특별시 송파구 석촌동,964872.0,1944912.0,matched,1
1171061000,서울특별시 송파구 삼전동,1124064,서울특별시 송파구 삼전동,963937.0,1944812.0,matched,1
1171062000,서울특별시 송파구 가락본동,1124065,서울특별시 송파구 가락본동,966400.0,1944363.0,matched,1
1171063000,서울특별시 송파구 가락동,,,,,name_not_found,0
1171063100,서울특별시 송파구 가락1동,1124066,서울특별시 송파구 가락1동,965371.0,1944064.0,matched,1
1171063200,서울특별시 송파구 가락2동,1124067,서울특별시 송파구 가락2동,967354.0,1944232.0,matched,1
1171063500,서울특별시 송파구 가락본동분소,,,,,name_not_found,0
1171064000,서울특별시 송파구 문정동,,,,,name_not_found,0
1171064100,서울특별시 송파구 문정1동,1124068,서울특별시 송파구 문정1동,966920.0,1943390.0,matched,1
1171064200,서울특별시 송파구 문정2동,1124069,서울특별시 송파구 문정2동,966327.0,1942511.0,matched,1
1171064300,서울특별시 송파구 문정제1동분소,,,,,name_not_found,0
1171064600,서울특별시 송파구 장지동,1124081,서울특별시 송파구 장지동,967333.0,1942691.0,matched,1
1171064700,서울특별시 송파구 위례동,1124082,서울특별시 송파구 위례동,968323.0,1942469.0,matched,1
1171065000,서울특별시 송파구 잠실본동,1124071,서울특별시 송파구 잠실본동,963111.0,1945271.0,matched,1
1171065500,서울특별시 송파구 잠실본동분소,,,,,name_not_found,0
1171066000,서울특별시 송파구 잠실제1동,,,,,name_not_found,0
1171067000,서울특별시 송파구 잠실2동,1124079,서울특별시 송파구 잠실2동,962824.0,1946544.0,matched,1
1171068000,서울특별시 송파구 잠실3동,1124080,서울특별시 송파구 잠실3동,964341.0,1946141.0,matched,1
1171069000,서울특별시 송파구 잠실4동,1124075,서울특별시 송파구 잠실4동,965462.0,1946892.0,matched,1
1171070000,서울특별시 송파구 잠실제5동,,,,,name_not_found,0
1171071000,서울특별시 송파구 잠실6동,1124077,서울특별시 송파구 잠실6동,964602.0,1946796.0,matched,1
1171072000,서울특별시 송파구 잠실7동,1124078,서울특별시 송파구 잠실7동,962340.0,1945423.0,matched,1
1174000000,서울특별시 강동구,,,,,name_not_found,0
1174050100,서울특별시 강동구 명일동,,,,,name_not_found,0
1174050200,서울특별시 강동구 고덕동,,,,,name_not_found,0
1174051000,서울특별시 강동구 하일동,,,,,name_not_found,0
1174051500,서울특별시 강동구 강일동,1125075,서울특별시 강동구 강일동,971157.0,1952230.0,matched,1
1174052000,서울특별시 강동구 상일동,,,,,name_not_found,0
1174052500,서울특별시 강동구 상일제1동,,,,,name_not_found,0
1174052600,서울특별시 강동구 상일제2동,,,,,name_not_found,0
1174053000,서울특별시 강동구 명일제1동,,,,,name_not_found,0
1174054000,서울특별시 강동구 명일제2동,,,,,name_not_found,0
1174055000,서울특별시 강동구 고덕제1동,,,,,name_not_found,0
1174056000,서울특별시 강동구 고덕제2동,,,,,name_not_found,0
1174057000,서울특별시 강동구 암사제1동,,,,,name_not_found,0
1174058000,서울특별시 강동구 암사제2동,,,,,name_not_found,0
1174059000,서울특별시 강동구 암사제3동,,,,,name_not_found,0
1174059100,서울특별시 강동구 암사제4동,,,,,name_not_found,0
1174060000,서울특별시 강동구 천호제1동,,,,,name_not_found,0
1174061000,서울특별시 강동구 천호제2동,,,,,name_not_found,0
1174062000,서울특별시 강동구 천호제3동,,,,,name_not_found,0
1174063000,서울특별시 강동구 천호제4동,,,,,name_not_found,0
1174064000,서울특별시 강동구 성내제1동,,,,,name_not_found,0
1174065000,서울특별시 강동구 성내제2동,,,,,name_not_found,0
1174066000,서울특별시 강동구 성내제3동,,,,,name_not_found,0
1174067000,서울특별시 강동구 길제1동,,,,,name_not_found,0
1174068000,서울특별시 강동구 길제2동,,,,,name_not_found,0
1174068500,서울특별시 강동구 길동,1125074,서울특별시 강동구 길동,968742.0,1949001.0,matched,1
1174069000,서울특별시 강동구 둔촌제1동,,,,,name_not_found,0
1174070000,서울특별시 강동구 둔촌제2동,,,,,name_not_found,0
2100000000,부산직할시,,,,,name_not_found,0
2111000000,부산직할시 중구,,,,,name_not_found,0
2111051000,부산직할시 중구 중앙동,,,,,name_not_found,0
2111052000,부산직할시 중구 동광동,,,,,name_not_found,0
2111053000,부산직할시 중구 대청동,,,,,name_not_found,0
2111054000,부산직할시 중구 보수제1동,,,,,name_not_found,0
2111055000,부산직할시 중구 보수제2동,,,,,name_not_found,0
2111056000,부산직할시 중구 부평동,,,,,name_not_found,0
2111057000,부산직할시 중구 광복동,,,,,name_not_found,0
2111058000,부산직할시 중구 남포동,,,,,name_not_found,0
2111059000,부산직할시 중구 영주제1동,,,,,name_not_found,0
2111060000,부산직할시 중구 영주제2동,,,,,name_not_found,0
2114000000,부산직할시 서구,,,,,name_not_found,0
2114051000,부산직할시 서구 동대신제1동,,,,,name_not_found,0
2114052000,부산직할시 서구 동대신제2동,,,,,name_not_found,0
2114053000,부산직할시 서구 동대신제3동,,,,,name_not_found,0
2114054000,부산직할시 서구 서대신제1동,,,,,name_not_found,0
2114055000,부산직할시 서구 서대신제2동,,,,,name_not_found,0
2114056000,부산직할시 서구 서대신제3동,,,,,name_not_found,0
2114057000,부산직할시 서구 서대신제4동,,,,,name_not_found,0
2114058000,부산직할시 서구 부용동,,,,,name_not_found,0
2114059000,부산직할시 서구 부민동,,,,,name_not_found,0
2114060000,부산직할시 서구 토성동,,,,,name_not_found,0
2114061000,부산직할시 서구 아미제1동,,,,,name_not_found,0
2114062000,부산직할시 서구 아미제2동,,,,,name_not_found,0
2114063000,부산직할시 서구 초장동,,,,,name_not_found,0
2114064000,부산직할시 서구 충무동,,,,,name_not_found,0
2114065000,부산직할시 서구 남부민제1동,,,,,name_not_found,0
2114066000,부산직할시 서구 남부민제2동,,,,,name_not_found,0
2114067000,부산직할시 서구 남부민제3동,,,,,name_not_found,0
2114068000,부산직할시 서구 암남동,,,,,name_not_found,0
2117000000,부산직할시 동구,,,,,name_not_found,0
2117051000,부산직할시 동구 초량제1동,,,,,name_not_found,0
2117052000,부산직할시 동구 초량제2동,,,,,name_not_found,0
2117053000,부산직할시 동구 초량제3동,,,,,name_not_found,0
2117054000,부산직할시 동구 초량제4동,,,,,name_not_found,0
2117055000,부산직할시 동구 초량제6동,,,,,name_not_found,0
2117056000,부산직할시 동구 수정제1동,,,,,name_not_found,0
2117057000,부산직할시 동구 수정제2동,,,,,name_not_found,0
2117058000,부산직할시 동구 수정제3동,,,,,name_not_found,0
2117059000,부산직할시 동구 수정제4동,,,,,name_not_found,0
2117060000,부산직할시 동구 수정제5동,,,,,name_not_found,0
2117061000,부산직할시 동구 좌천제1동,,,,,name_not_found,0
2117062000,부산직할시 동구 좌천제2동,,,,,name_not_found,0
2117063000,부산직할시 동구 좌천제3동,,,,,name_not_found,0
2117064000,부산직할시 동구 좌천제4동,,,,,name_not_found,0
2117065000,부산직할시 동구 범일제1동,,,,,name_not_found,0
2117066000,부산직할시 동구 범일제2동,,,,,name_not_found,0
2117067000,부산직할시 동구 범일제4동,,,,,name_not_found,0
2117068000,부산직할시 동구 범일제5동,,,,,name_not_found,0
2117069000,부산직할시 동구 범일제6동,,,,,name_not_found,0
2120000000,부산직할시 영도구,,,,,name_not_found,0
2120051000,부산직할시 영도구 대교동,,,,,name_not_found,0
2120052000,부산직할시 영도구 대평동,,,,,name_not_found,0
2120053000,부산직할시 영도구 남항동,,,,,name_not_found,0
2120054000,부산직할시 영도구 영선제1동,,,,,name_not_found,0
2120055000,부산직할시 영도구 영선제2동,,,,,name_not_found,0
2120056000,부산직할시 영도구 신선제1동,,,,,name_not_found,0
2120057000,부산직할시 영도구 신선제2동,,,,,name_not_found,0
2120058000,부산직할시 영도구 신선제3동,,,,,name_not_found,0
2120059000,부산직할시 영도구 봉래제1동,,,,,name_not_found,0
2120060000,부산직할시 영도구 봉래제2동,,,,,name_not_found,0
2120061000,부산직할시 영도구 봉래제3동,,,,,name_not_found,0
2120062000,부산직할시 영도구 봉래제4동,,,,,name_not_found,0
2120063000,부산직할시 영도구 청학제1동,,,,,name_not_found,0
2120064000,부산직할시 영도구 청학제2동,,,,,name_not_found,0
2120065000,부산직할시 영도구 동삼제1동,,,,,name_not_found,0
2120066000,부산직할시 영도구 동삼제2동,,,,,name_not_found,0
2120067000,부산직할시 영도구 동삼제3동,,,,,name_not_found,0
2123000000,부산직할시 부산진구,,,,,name_not_found,0
2123051000,부산직할시 부산진구 부전제1동,,,,,name_not_found,0
2123052000,부산직할시 부산진구 부전제2동,,,,,name_not_found,0
2123053000,부산직할시 부산진구 범전동,,,,,name_not_found,0
2123054000,부산직할시 부산진구 연지동,,,,,name_not_found,0
2123055000,부산직할시 부산진구 초읍동,,,,,name_not_found,0
2123056000,부산직할시 부산진구 양정제1동,,,,,name_not_found,0
2123057000,부산직할시 부산진구 양정제2동,,,,,name_not_found,0
2123058000,부산직할시 부산진구 양정제3동,,,,,name_not_found,0
2123059000,부산직할시 부산진구 양정제4동,,,,,name_not_found,0
2123060000,부산직할시 부산진구 전포제1동,,,,,name_not_found,0
2123061000,부산직할시 부산진구 전포제2동,,,,,name_not_found,0
2123062000,부산직할시 부산진구 전포제3동,,,,,name_not_found,0
2123063000,부산직할시 부산진구 전포제4동,,,,,name_not_found,0
2123064000,부산직할시 부산진구 부암제1동,,,,,name_not_found,0
2123065000,부산직할시 부산진구 부암제2동,,,,,name_not_found,0
2123066000,부산직할시 부산진구 부암제3동,,,,,name_not_found,0
2123067000,부산직할시 부산진구 당감제1동,,,,,name_not_found,0
2123068000,부산직할시 부산진구 당감제2동,,,,,name_not_found,0
2123069000,부산직할시 부산진구 당감제3동,,,,,name_not_found,0
2123070000,부산직할시 부산진구 당감제4동,,,,,name_not_found,0
2123071000,부산직할시 부산진구 가야제1동,,,,,name_not_found,0
2123072000,부산직할시 부산진구 가야제2동,,,,,name_not_found,0
2123073000,부산직할시 부산진구 가야제3동,,,,,name_not_found,0
2123074000,부산직할시 부산진구 개금제1동,,,,,name_not_found,0
2123075000,부산직할시 부산진구 개금제2동,,,,,name_not_found,0
2123076000,부산직할시 부산진구 개금제3동,,,,,name_not_found,0
2123077000,부산직할시 부산진구 범천제1동,,,,,name_not_found,0
2123078000,부산직할시 부산진구 범천제2동,,,,,name_not_found,0
2123079000,부산직할시 부산진구 범천제4동,,,,,name_not_found,0
2126000000,부산직할시 동래구,,,,,name_not_found,0
2126051000,부산직할시 동래구 수민동,,,,,name_not_found,0
2126052000,부산직할시 동래구 복산동,,,,,name_not_found,0
2126053000,부산직할시 동래구 명륜제1동,,,,,name_not_found,0
2126054000,부산직할시 동래구 명륜제2동,,,,,name_not_found,0
2126055000,부산직할시 동래구 온천제1동,,,,,name_not_found,0
2126056000,부산직할시 동래구 온천제2동,,,,,name_not_found,0
2126057000,부산직할시 동래구 온천제3동,,,,,name_not_found,0
2126058000,부산직할시 동래구 사직제1동,,,,,name_not_found,0
2126059000,부산직할시 동래구 사직제2동,,,,,name_not_found,0
2126060000,부산직할시 동래구 사직제3동,,,,,name_not_found,0
2126061000,부산직할시 동래구 거제제1동,,,,,name_not_found,0
2126062000,부산직할시 동래구 거제제2동,,,,,name_not_found,0
2126063000,부산직할시 동래구 거제제3동,,,,,name_not_found,0
2126064000,부산직할시 동래구 거제제4동,,,,,name_not_found,0
2126065000,부산직할시 동래구 연산제1동,,,,,name_not_found,0
2126066000,부산직할시 동래구 연산제2동,,,,,name_not_found,0
2126067000,부산직할시 동래구 연산제3동,,,,,name_not_found,0
2126068000,부산직할시 동래구 연산제4동,,,,,name_not_found,0
2126069000,부산직할시 동래구 연산제5동,,,,,name_not_found,0
2126070000,부산직할시 동래구 연산제6동,,,,,name_not_found,0
2126071000,부산직할시 동래구 연산제7동,,,,,name_not_found,0
2126072000,부산직할시 동래구 연산제8동,,,,,name_not_found,0
2126073000,부산직할시 동래구 연산제9동,,,,,name_not_found,0
2126074000,부산직할시 동래구 안락제1동,,,,,name_not_found,0
2126075000,부산직할시 동래구 안락제2동,,,,,name_not_found,0
2126076000,부산직할시 동래구 명장동,,,,,name_not_found,0
2126076100,부산직할시 동래구 명장1동,,,,,name_not_found,0
2126076200,부산직할시 동래구 명장2동,,,,,name_not_found,0
2129000000,부산직할시 남구,,,,,name_not_found,0
2129051000,부산직할시 남구 대연제1동,,,,,name_not_found,0
2129052000,부산직할시 남구 대연제2동,,,,,name_not_found,0
2129053000,부산직할시 남구 대연제3동,,,,,name_not_found,0
2129054000,부산직할시 남구 대연제4동,,,,,name_not_found,0
2129055000,부산직할시 남구 대연제5동,,,,,name_not_found,0
2129056000,부산직할시 남구 대연제6동,,,,,name_not_found,0
2129057000,부산직할시 남구 용호제1동,,,,,name_not_found,0
2129058000,부산직할시 남구 용호제2동,,,,,name_not_found,0
2129059000,부산직할시 남구 용호제3동,,,,,name_not_found,0
2129060000,부산직할시 남구 용호제4동,,,,,name_not_found,0
2129061000,부산직할시 남구 용당동,,,,,name_not_found,0
2129062000,부산직할시 남구 감만제1동,,,,,name_not_found,0
2129063000,부산직할시 남구 감만제2동,,,,,name_not_found,0
2129064000,부산직할시 남구 우암제1동,,,,,name_not_found,0
2129065000,부산직할시 남구 우암제2동,,,,,name_not_found,0
2129066000,부산직할시 남구 남천제1동,,,,,name_not_found,0
2129067000,부산직할시 남구 남천제2동,,,,,name_not_found,0
2129068000,부산직할시 남구 문현제1동,,,,,name_not_found,0
2129069000,부산직할시 남구 문현제2동,,,,,name_not_found,0
2129070000,부산직할시 남구 문현제3동,,,,,name_not_found,0
2129071000,부산직할시 남구 문현제4동,,,,,name_not_found,0
2129072000,부산직할시 남구 문현제5동,,,,,name_not_found,0
2129073000,부산직할시 남구 수영동,,,,,name_not_found,0
2129074000,부산직할시 남구 망미제1동,,,,,name_not_found,0
2129075000,부산직할시 남구 망미제2동,,,,,name_not_found,0
2129076000,부산직할시 남구 광안제1동,,,,,name_not_found,0
2129077000,부산직할시 남구 광안제2동,,,,,name_not_found,0
2129078000,부산직할시 남구 광안제3동,,,,,name_not_found,0
2129079000,부산직할시 남구 광안제4동,,,,,name_not_found,0
2129080000,부산직할시 남구 민락동,,,,,name_not_found,0
2132000000,부산직할시 북구,,,,,name_not_found,0
2132051000,부산직할시 북구 구포제1동,,,,,name_not_found,0
2132052000,부산직할시 북구 구포제2동,,,,,name_not_found,0
2132052100,부산직할시 북구 구포제3동,,,,,name_not_found,0
2132053000,부산직할시 북구 금곡동,,,,,name_not_found,0
2132054000,부산직할시 북구 화명동,,,,,name_not_found,0
2132055000,부산직할시 북구 덕천제1동,,,,,name_not_found,0
2132056000,부산직할시 북구 덕천제2동,,,,,name_not_found,0
2132056100,부산직할시 북구 덕천제3동,,,,,name_not_found,0
2132057000,부산직할시 북구 만덕동,,,,,name_not_found,0
2132057100,부산직할시 북구 만덕제1동,,,,,name_not_found,0
2132057200,부산직할시 북구 만덕제2동,,,,,name_not_found,0
2132057300,부산직할시 북구 만덕제3동,,,,,name_not_found,0
2132058000,부산직할시 북구 삼락동,,,,,name_not_found,0
2132059000,부산직할시 북구 모라동,,,,,name_not_found,0
2132059100,부산직할시 북구 모라제1동,,,,,name_not_found,0
2132059200,부산직할시 북구 모라제2동,,,,,name_not_found,0
2132059300,부산직할시 북구 모라제3동,,,,,name_not_found,0
2132060000,부산직할시 북구 덕포제1동,,,,,name_not_found,0
2132061000,부산직할시 북구 덕포제2동,,,,,name_not_found,0
2132062000,부산직할시 북구 괘법동,,,,,name_not_found,0
2132063000,부산직할시 북구 감전제1동,,,,,name_not_found,0
2132064000,부산직할시 북구 감전제2동,,,,,name_not_found,0
2132065000,부산직할시 북구 주례제1동,,,,,name_not_found,0
2132066000,부산직할시 북구 주례제2동,,,,,name_not_found,0
2132066100,부산직할시 북구 주례제3동,,,,,name_not_found,0
2132067000,부산직할시 북구 학장동,,,,,name_not_found,0
2132068000,부산직할시 북구 엄궁동,,,,,name_not_found,0
2132069000,부산직할시 북구 대저1동,,,,,name_not_found,0
2132070000,부산직할시 북구 대저2동,,,,,name_not_found,0
2132071000,부산직할시 북구 강동동,,,,,name_not_found,0
2132072000,부산직할시 북구 명지동,,,,,name_not_found,0
2135000000,부산직할시 해운대구,,,,,name_not_found,0
2135051000,부산직할시 해운대구 우제1동,,,,,name_not_found,0
2135052000,부산직할시 해운대구 우제2동,,,,,name_not_found,0
2135053000,부산직할시 해운대구 중제1동,,,,,name_not_found,0
2135054000,부산직할시 해운대구 중제2동,,,,,name_not_found,0
2135055000,부산직할시 해운대구 좌동,,,,,name_not_found,0
2135056000,부산직할시 해운대구 송정동,,,,,name_not_found,0
2135057000,부산직할시 해운대구 반여제1동,,,,,name_not_found,0
2135058000,부산직할시 해운대구 반여제2동,,,,,name_not_found,0
2135059000,부산직할시 해운대구 반여제3동,,,,,name_not_found,0
2135060000,부산직할시 해운대구 석대동,,,,,name_not_found,0
2135061000,부산직할시 해운대구 반송제1동,,,,,name_not_found,0
2135062000,부산직할시 해운대구 반송제2동,,,,,name_not_found,0
2135063000,부산직할시 해운대구 반송제3동,,,,,name_not_found,0
2135064000,부산직할시 해운대구 재송동,,,,,name_not_found,0
2135065000,부산직할시 해운대구 재송제1동,,,,,name_not_found,0
2135066000,부산직할시 해운대구 재송제2동,,,,,name_not_found,0
2138000000,부산직할시 사하구,,,,,name_not_found,0
2138051000,부산직할시 사하구 괴정제1동,,,,,name_not_found,0
2138052000,부산직할시 사하구 괴정제2동,,,,,name_not_found,0
2138053000,부산직할시 사하구 괴정제3동,,,,,name_not_found,0
2138054000,부산직할시 사하구 괴정제4동,,,,,name_not_found,0
2138055000,부산직할시 사하구 당리동,,,,,name_not_found,0
2138056000,부산직할시 사하구 하단동,,,,,name_not_found,0
2138056100,부산직할시 사하구 하단제1동,,,,,name_not_found,0
2138056200,부산직할시 사하구 하단제2동,,,,,name_not_found,0
2138057000,부산직할시 사하구 신평동,,,,,name_not_found,0
2138057100,부산직할시 사하구 신평제1동,,,,,name_not_found,0
2138057200,부산직할시 사하구 신평제2동,,,,,name_not_found,0
2138058000,부산직할시 사하구 장림제1동,,,,,name_not_found,0
2138059000,부산직할시 사하구 장림제2동,,,,,name_not_found,0
2138060000,부산직할시 사하구 다대동,,,,,name_not_found,0
2138060100,부산직할시 사하구 다대제1동,,,,,name_not_found,0
2138060200,부산직할시 사하구 다대제2동,,,,,name_not_found,0
2138061000,부산직할시 사하구 구평동,,,,,name_not_found,0
2138062000,부산직할시 사하구 감천제1동,,,,,name_not_found,0
2138063000,부산직할시 사하구 감천제2동,,,,,name_not_found,0
2141000000,부산직할시 금정구,,,,,name_not_found,0
2141051000,부산직할시 금정구 서제1동,,,,,name_not_found,0
2141052000,부산직할시 금정구 서제2동,,,,,name_not_found,0
2141053000,부산직할시 금정구 서제3동,,,,,name_not_found,0
2141054000,부산직할시 금정구 서제4동,,,,,name_not_found,0
2141055000,부산직할시 금정구 금사동,,,,,name_not_found,0
2141056000,부산직할시 금정구 오륜동,,,,,name_not_found,0
2141057000,부산직할시 금정구 부곡제1동,,,,,name_not_found,0
2141058000,부산직할시 금정구 부곡제2동,,,,,name_not_found,0
2141059000,부산직할시 금정구 부곡제3동,,,,,name_not_found,0
2141059100,부산직할시 금정구 부곡제4동,,,,,name_not_found,0
2141060000,부산직할시 금정구 장전제1동,,,,,name_not_found,0
2141061000,부산직할시 금정구 장전제2동,,,,,name_not_found,0
2141062000,부산직할시 금정구 장전제3동,,,,,name_not_found,0
2141063000,부산직할시 금정구 선동,,,,,name_not_found,0
2141064000,부산직할시 금정구 두구동,,,,,name_not_found,0
2141065000,부산직할시 금정구 노포동,,,,,name_not_found,0
2141066000,부산직할시 금정구 청용동,,,,,name_not_found,0
2141067000,부산직할시 금정구 남산동,,,,,name_not_found,0
2141068000,부산직할시 금정구 구서제1동,,,,,name_not_found,0
2141069000,부산직할시 금정구 구서제2동,,,,,name_not_found,0
2141070000,부산직할시 금정구 금성동,,,,,name_not_found,0
2144000000,부산직할시 강서구,,,,,name_not_found,0
2144051000,부산직할시 강서구 대저일동,,,,,name_not_found,0
2144052000,부산직할시 강서구 대저이동,,,,,name_not_found,0
2144053000,부산직할시 강서구 강동동,,,,,name_not_found,0
2144054000,부산직할시 강서구 명지동,,,,,name_not_found,0
2144055000,부산직할시 강서구 가락동,,,,,name_not_found,0
2144056000,부산직할시 강서구 녹산동,,,,,name_not_found,0
2144057000,부산직할시 강서구 천가동,,,,,name_not_found,0
2200000000,대구직할시,,,,,name_not_found,0
2211000000,대구직할시 중구,,,,,name_not_found,0
2211051000,대구직할시 중구 동인1.2가동,,,,,name_not_found,0
2211052000,대구직할시 중구 동인3가동,,,,,name_not_found,0
2211053000,대구직할시 중구 동인4가동,,,,,name_not_found,0
2211054000,대구직할시 중구 삼덕1.2가동,,,,,name_not_found,0
2211055000,대구직할시 중구 삼덕3가동,,,,,name_not_found,0
2211056000,대구직할시 중구 봉산동,,,,,name_not_found,0
2211057000,대구직할시 중구 동성동,,,,,name_not_found,0
2211058000,대구직할시 중구 서성동,,,,,name_not_found,0
2211059000,대구직할시 중구 남성동,,,,,name_not_found,0
2211060000,대구직할시 중구 북성동,,,,,name_not_found,0
2211061000,대구직할시 중구 달성동,,,,,name_not_found,0
2211062000,대구직할시 중구 대신1동,,,,,name_not_found,0
2211063000,대구직할시 중구 대신2동,,,,,name_not_found,0
2211064000,대구직할시 중구 남산1동,,,,,name_not_found,0
2211065000,대구직할시 중구 남산2동,,,,,name_not_found,0
2211066000,대구직할시 중구 남산3동,,,,,name_not_found,0
2211067000,대구직할시 중구 남산4동,,,,,name_not_found,0
2211068000,대구직할시 중구 대봉1동,,,,,name_not_found,0
2211069000,대구직할시 중구 대봉2동,,,,,name_not_found,0
2214000000,대구직할시 동구,,,,,name_not_found,0
2214051000,대구직할시 동구 신암1동,,,,,name_not_found,0
2214052000,대구직할시 동구 신암2동,,,,,name_not_found,0
2214053000,대구직할시 동구 신암3동,,,,,name_not_found,0
2214054000,대구직할시 동구 신암4동,,,,,name_not_found,0
2214054100,대구직할시 동구 신암5동,,,,,name_not_found,0
2214055000,대구직할시 동구 신천1동,,,,,name_not_found,0
2214056000,대구직할시 동구 신천2동,,,,,name_not_found,0
2214057000,대구직할시 동구 신천3동,,,,,name_not_found,0
2214058000,대구직할시 동구 신천4동,,,,,name_not_found,0
2214059000,대구직할시 동구 효목1동,,,,,name_not_found,0
2214060000,대구직할시 동구 효목2동,,,,,name_not_found,0
2214061000,대구직할시 동구 평광동,,,,,name_not_found,0
2214062000,대구직할시 동구 불로.봉무동,,,,,name_not_found,0
2214063000,대구직할시 동구 도동,,,,,name_not_found,0
2214064000,대구직할시 동구 지저동,,,,,name_not_found,0
2214065000,대구직할시 동구 입석동,,,,,name_not_found,0
2214066000,대구직할시 동구 검사동,,,,,name_not_found,0
2214067000,대구직할시 동구 방촌동,,,,,name_not_found,0
2214068000,대구직할시 동구 둔산.부동,,,,,name_not_found,0
2214069000,대구직할시 동구 신평동,,,,,name_not_found,0
2214070000,대구직할시 동구 공산1동,,,,,name_not_found,0
2214071000,대구직할시 동구 공산2동,,,,,name_not_found,0
2214072000,대구직할시 동구 안심1동,,,,,name_not_found,0
2214073000,대구직할시 동구 안심2동,,,,,name_not_found,0
2214074000,대구직할시 동구 안심3동,,,,,name_not_found,0
2214075000,대구직할시 동구 안심4동,,,,,name_not_found,0
2214500000,대구직할시 동구안심출장소,,,,,name_not_found,0
2217000000,대구직할시 서구,,,,,name_not_found,0
2217051000,대구직할시 서구 내당1동,,,,,name_not_found,0
2217052000,대구직할시 서구 내당2동,,,,,name_not_found,0
2217053000,대구직할시 서구 내당3동,,,,,name_not_found,0
2217054000,대구직할시 서구 내당4동,,,,,name_not_found,0
2217055000,대구직할시 서구 비산1동,,,,,name_not_found,0
2217056000,대구직할시 서구 비산2동,,,,,name_not_found,0
2217057000,대구직할시 서구 비산3동,,,,,name_not_found,0
2217058000,대구직할시 서구 비산4동,,,,,name_not_found,0
2217059000,대구직할시 서구 비산5동,,,,,name_not_found,0
2217060000,대구직할시 서구 비산6동,,,,,name_not_found,0
2217061000,대구직할시 서구 비산7동,,,,,name_not_found,0
2217062000,대구직할시 서구 평리1동,,,,,name_not_found,0
2217063000,대구직할시 서구 평리2동,,,,,name_not_found,0
2217064000,대구직할시 서구 평리3동,,,,,name_not_found,0
2217065000,대구직할시 서구 평리4동,,,,,name_not_found,0
2217066000,대구직할시 서구 평리5동,,,,,name_not_found,0
2217066100,대구직할시 서구 평리6동,,,,,name_not_found,0
2217067000,대구직할시 서구 상이동,,,,,name_not_found,0
2217068000,대구직할시 서구 중리동,,,,,name_not_found,0
2217069000,대구직할시 서구 원대1.2가동,,,,,name_not_found,0
2217070000,대구직할시 서구 원대3가동,,,,,name_not_found,0
2220000000,대구직할시 남구,,,,,name_not_found,0
2220051000,대구직할시 남구 이천1동,,,,,name_not_found,0
2220052000,대구직할시 남구 이천2동,,,,,name_not_found,0
2220053000,대구직할시 남구 봉덕1동,,,,,name_not_found,0
2220054000,대구직할시 남구 봉덕2동,,,,,name_not_found,0
2220055000,대구직할시 남구 봉덕3동,,,,,name_not_found,0
2220056000,대구직할시 남구 대명1동,,,,,name_not_found,0
2220057000,대구직할시 남구 대명2동,,,,,name_not_found,0
2220058000,대구직할시 남구 대명3동,,,,,name_not_found,0
2220059000,대구직할시 남구 대명4동,,,,,name_not_found,0
2220060000,대구직할시 남구 대명5동,,,,,name_not_found,0
2220061000,대구직할시 남구 대명6동,,,,,name_not_found,0
2220062000,대구직할시 남구 대명7동,,,,,name_not_found,0
2220063000,대구직할시 남구 대명8동,,,,,name_not_found,0
2220064000,대구직할시 남구 대명9동,,,,,name_not_found,0
2220065000,대구직할시 남구 대명10동,,,,,name_not_found,0
2220066000,대구직할시 남구 대명11동,,,,,name_not_found,0
2223000000,대구직할시 북구,,,,,name_not_found,0
2223051000,대구직할시 북구 고성동,,,,,name_not_found,0
2223052000,대구직할시 북구 칠성1가동,,,,,name_not_found,0
2223053000,대구직할시 북구 칠성2가1동,,,,,name_not_found,0
2223054000,대구직할시 북구 칠성2가2동,,,,,name_not_found,0
2223055000,대구직할시 북구 침산1동,,,,,name_not_found,0
2223056000,대구직할시 북구 침산2동,,,,,name_not_found,0
2223057000,대구직할시 북구 침산3동,,,,,name_not_found,0
2223058000,대구직할시 북구 노원1.2가동,,,,,name_not_found,0
2223059000,대구직할시 북구 노원3가1동,,,,,name_not_found,0
2223060000,대구직할시 북구 노원3가2동,,,,,name_not_found,0
2223061000,대구직할시 북구 산격1동,,,,,name_not_found,0
2223062000,대구직할시 북구 산격2동,,,,,name_not_found,0
2223063000,대구직할시 북구 산격3동,,,,,name_not_found,0
2223063100,대구직할시 북구 산격4동,,,,,name_not_found,0
2223064000,대구직할시 북구 대현1동,,,,,name_not_found,0
2223065000,대구직할시 북구 대현2동,,,,,name_not_found,0
2223066000,대구직할시 북구 대현3동,,,,,name_not_found,0
2223067000,대구직할시 북구 복현동,,,,,name_not_found,0
2223067100,대구직할시 북구 복현1동,,,,,name_not_found,0
2223067200,대구직할시 북구 복현2동,,,,,name_not_found,0
2223068000,대구직할시 북구 검단동,,,,,name_not_found,0
2223069000,대구직할시 북구 무태동,,,,,name_not_found,0
2223070000,대구직할시 북구 조야동,,,,,name_not_found,0
2223071000,대구직할시 북구 노곡동,,,,,name_not_found,0
2223072000,대구직할시 북구 칠곡1동,,,,,name_not_found,0
2223073000,대구직할시 북구 칠곡2동,,,,,name_not_found,0
2223074000,대구직할시 북구 칠곡3동,,,,,name_not_found,0
2223075000,대구직할시 북구 관음동,,,,,name_not_found,0
2223500000,대구직할시 북구칠곡출장소,,,,,name_not_found,0
2226000000,대구직할시 수성구,,,,,name_not_found,0
2226051000,대구직할시 수성구 범어1동,,,,,name_not_found,0
2226052000,대구직할시 수성구 범어2동,,,,,name_not_found,0
2226053000,대구직할시 수성구 범어3동,,,,,name_not_found,0
2226054000,대구직할시 수성구 범어4동,,,,,name_not_found,0
2226055000,대구직할시 수성구 만촌1동,,,,,name_not_found,0
2226056000,대구직할시 수성구 만촌2동,,,,,name_not_found,0
2226056100,대구직할시 수성구 만촌3동,,,,,name_not_found,0
2226057000,대구직할시 수성구 수성1가동,,,,,name_not_found,0
2226058000,대구직할시 수성구 수성2.3가동,,,,,name_not_found,0
2226059000,대구직할시 수성구 수성4가동,,,,,name_not_found,0
2226060000,대구직할시 수성구 황금동,,,,,name_not_found,0
2226060100,대구직할시 수성구 황금1동,,,,,name_not_found,0
2226060200,대구직할시 수성구 황금2동,,,,,name_not_found,0
2226061000,대구직할시 수성구 중동,,,,,name_not_found,0
2226062000,대구직할시 수성구 상동,,,,,name_not_found,0
2226063000,대구직할시 수성구 파동,,,,,name_not_found,0
2226064000,대구직할시 수성구 두산동,,,,,name_not_found,0
2226065000,대구직할시 수성구 지산동,,,,,name_not_found,0
2226065100,대구직할시 수성구 지산1동,,,,,name_not_found,0
2226065200,대구직할시 수성구 지산2동,,,,,name_not_found,0
2226066000,대구직할시 수성구 범물동,,,,,name_not_found,0
2226067000,대구직할시 수성구 고산1동,,,,,name_not_found,0
2226068000,대구직할시 수성구 고산2동,,,,,name_not_found,0
2229000000,대구직할시 달서구,,,,,name_not_found,0
2229051000,대구직할시 달서구 성당1동,,,,,name_not_found,0
2229052000,대구직할시 달서구 성당2동,,,,,name_not_found,0
2229053000,대구직할시 달서구 두류1동,,,,,name_not_found,0
2229054000,대구직할시 달서구 두류2동,,,,,name_not_found,0
2229055000,대구직할시 달서구 두류3동,,,,,name_not_found,0
2229056000,대구직할시 달서구 성서1동,,,,,name_not_found,0
2229057000,대구직할시 달서구 성서2동,,,,,name_not_found,0
2229058000,대구직할시 달서구 성서3동,,,,,name_not_found,0
2229058100,대구직할시 달서구 성서4동,,,,,name_not_found,0
2229059000,대구직할시 달서구 본리동,,,,,name_not_found,0
2229060000,대구직할시 달서구 월배1동,,,,,name_not_found,0
2229061000,대구직할시 달서구 월배2동,,,,,name_not_found,0
2229062000,대구직할시 달서구 월배3동,,,,,name_not_found,0
2229062100,대구직할시 달서구 월배4동,,,,,name_not_found,0
2229062200,대구직할시 달서구 월배5동,,,,,name_not_found,0
2229062300,대구직할시 달서구 월배6동,,,,,name_not_found,0
2229063000,대구직할시 달서구 송현1동,,,,,name_not_found,0
2229064000,대구직할시 달서구 송현2동,,,,,name_not_found,0
2229065000,대구직할시 달서구 본동,,,,,name_not_found,0
2300000000,인천직할시,,,,,name_not_found,0
2311000000,인천직할시 중구,,,,,name_not_found,0
2311051000,인천직할시 중구 중앙동,,,,,name_not_found,0
2311052000,인천직할시 중구 연안동,,,,,name_not_found,0
2311053000,인천직할시 중구 신포동,,,,,name_not_found,0
2311054000,인천직할시 중구 신흥동,,,,,name_not_found,0
2311055000,인천직할시 중구 신선동,,,,,name_not_found,0
2311056000,인천직할시 중구 도원동,,,,,name_not_found,0
2311057000,인천직할시 중구 율목동,,,,,name_not_found,0
2311058000,인천직할시 중구 내경동,,,,,name_not_found,0
2311059000,인천직할시 중구 인현동,,,,,name_not_found,0
2311060000,인천직할시 중구 북성동,,,,,name_not_found,0
2311061000,인천직할시 중구 송월동,,,,,name_not_found,0
2311062000,인천직할시 중구 영종동,,,,,name_not_found,0
2311063000,인천직할시 중구 용유동,,,,,name_not_found,0
2311063500,인천직할시 중구 용유동무의지소,,,,,name_not_found,0
2311500000,인천직할시 중구영종출장소,,,,,name_not_found,0
2311600000,인천직할시 중구용유출장소,,,,,name_not_found,0
2314000000,인천직할시 동구,,,,,name_not_found,0
2314050100,인천직할시 동구 금곡동,,,,,name_not_found,0
2314050200,인천직할시 동구 창영동,,,,,name_not_found,0
2314051000,인천직할시 동구 만석동,,,,,name_not_found,0
2314052000,인천직할시 동구 화수1동,,,,,name_not_found,0
2314053000,인천직할시 동구 화수2동,,,,,name_not_found,0
2314054000,인천직할시 동구 화평동,,,,,name_not_found,0
2314055000,인천직할시 동구 송현1동,,,,,name_not_found,0
2314056000,인천직할시 동구 송현2동,,,,,name_not_found,0
2314057000,인천직할시 동구 송현3동,,,,,name_not_found,0
2314058000,인천직할시 동구 송림1동,,,,,name_not_found,0
2314059000,인천직할시 동구 송림2동,,,,,name_not_found,0
2314060000,인천직할시 동구 송림3동,,,,,name_not_found,0
2314061000,인천직할시 동구 송림4동,,,,,name_not_found,0
2314062000,인천직할시 동구 송림5동,,,,,name_not_found,0
2314063000,인천직할시 동구 송림6동,,,,,name_not_found,0
2314064000,인천직할시 동구 금창동,,,,,name_not_found,0
2317000000,인천직할시 남구,,,,,name_not_found,0
2317050100,인천직할시 남구 간석동,,,,,name_not_found,0
2317051000,인천직할시 남구 숭의1동,,,,,name_not_found,0
2317052000,인천직할시 남구 숭의2동,,,,,name_not_found,0
2317053000,인천직할시 남구 숭의3동,,,,,name_not_found,0
2317054000,인천직할시 남구 숭의4동,,,,,name_not_found,0
2317055000,인천직할시 남구 용현1동,,,,,name_not_found,0
2317056000,인천직할시 남구 용현2동,,,,,name_not_found,0
2317057000,인천직할시 남구 용현3동,,,,,name_not_found,0
2317058000,인천직할시 남구 용현4동,,,,,name_not_found,0
2317059000,인천직할시 남구 용현5동,,,,,name_not_found,0
2317060000,인천직할시 남구 학익1동,,,,,name_not_found,0
2317061000,인천직할시 남구 학익2동,,,,,name_not_found,0
2317062000,인천직할시 남구 옥련동,,,,,name_not_found,0
2317063000,인천직할시 남구 도화1동,,,,,name_not_found,0
2317064000,인천직할시 남구 도화2동,,,,,name_not_found,0
2317065000,인천직할시 남구 도화3동,,,,,name_not_found,0
2317066000,인천직할시 남구 주안1동,,,,,name_not_found,0
2317067000,인천직할시 남구 주안2동,,,,,name_not_found,0
2317068000,인천직할시 남구 주안3동,,,,,name_not_found,0
2317069000,인천직할시 남구 주안4동,,,,,name_not_found,0
2317070000,인천직할시 남구 주안5동,,,,,name_not_found,0
2317071000,인천직할시 남구 주안6동,,,,,name_not_found,0
2317072000,인천직할시 남구 주안7동,,,,,name_not_found,0
2317073000,인천직할시 남구 주안8동,,,,,name_not_found,0
2317074000,인천직할시 남구 문학동,,,,,name_not_found,0
2317075000,인천직할시 남구 선학동,,,,,name_not_found,0
2317076000,인천직할시 남구 연수동,,,,,name_not_found,0
2317076100,인천직할시 남구 연수1동,,,,,name_not_found,0
2317076200,인천직할시 남구 연수2동,,,,,name_not_found,0
2317076600,인천직할시 남구 청학동,,,,,name_not_found,0
2317077000,인천직할시 남구 동춘동,,,,,name_not_found,0
2320000000,인천직할시 남동구,,,,,name_not_found,0
2320051000,인천직할시 남동구 구월1동,,,,,name_not_found,0
2320052000,인천직할시 남동구 구월2동,,,,,name_not_found,0
2320052100,인천직할시 남동구 구월3동,,,,,name_not_found,0
2320052200,인천직할시 남동구 구월4동,,,,,name_not_found,0
2320053000,인천직할시 남동구 간석1동,,,,,name_not_found,0
2320054000,인천직할시 남동구 간석2동,,,,,name_not_found,0
2320055000,인천직할시 남동구 간석3동,,,,,name_not_found,0
2320055100,인천직할시 남동구 간석4동,,,,,name_not_found,0
2320056000,인천직할시 남동구 만수1동,,,,,name_not_found,0
2320057000,인천직할시 남동구 만수2동,,,,,name_not_found,0
2320058000,인천직할시 남동구 만수3동,,,,,name_not_found,0
2320058100,인천직할시 남동구 만수4동,,,,,name_not_found,0
2320058200,인천직할시 남동구 만수5동,,,,,name_not_found,0
2320058300,인천직할시 남동구 만수6동,,,,,name_not_found,0
2320059000,인천직할시 남동구 장수동,,,,,name_not_found,0
2320060000,인천직할시 남동구 서창동,,,,,name_not_found,0
2320061000,인천직할시 남동구 도림동,,,,,name_not_found,0
2320062000,인천직할시 남동구 논현동,,,,,name_not_found,0
2320063000,인천직할시 남동구 고잔동,,,,,name_not_found,0
2320064000,인천직할시 남동구 남촌동,,,,,name_not_found,0
2323000000,인천직할시 북구,,,,,name_not_found,0
2323051000,인천직할시 북구 부평1동,,,,,name_not_found,0
2323052000,인천직할시 북구 부평2동,,,,,name_not_found,0
2323053000,인천직할시 북구 부평3동,,,,,name_not_found,0
2323054000,인천직할시 북구 부평4동,,,,,name_not_found,0
2323055000,인천직할시 북구 부평5동,,,,,name_not_found,0
2323056000,인천직할시 북구 부평6동,,,,,name_not_found,0
2323057000,인천직할시 북구 산곡1동,,,,,name_not_found,0
2323058000,인천직할시 북구 산곡2동,,,,,name_not_found,0
2323058100,인천직할시 북구 산곡3동,,,,,name_not_found,0
2323058200,인천직할시 북구 산곡4동,,,,,name_not_found,0
2323059000,인천직할시 북구 청천동,,,,,name_not_found,0
2323059100,인천직할시 북구 청천1동,,,,,name_not_found,0
2323059200,인천직할시 북구 청천2동,,,,,name_not_found,0
2323060000,인천직할시 북구 효성동,,,,,name_not_found,0
2323060100,인천직할시 북구 효성1동,,,,,name_not_found,0
2323060200,인천직할시 북구 효성2동,,,,,name_not_found,0
2323061000,인천직할시 북구 계산동,,,,,name_not_found,0
2323061100,인천직할시 북구 계산1동,,,,,name_not_found,0
2323061200,인천직할시 북구 계산2동,,,,,name_not_found,0
2323061300,인천직할시 북구 계산3동,,,,,name_not_found,0
2323062000,인천직할시 북구 작전동,,,,,name_not_found,0
2323062100,인천직할시 북구 작전1동,,,,,name_not_found,0
2323062200,인천직할시 북구 작전2동,,,,,name_not_found,0
2323062300,인천직할시 북구 작전3동,,,,,name_not_found,0
2323063000,인천직할시 북구 서운동,,,,,name_not_found,0
2323064000,인천직할시 북구 갈산동,,,,,name_not_found,0
2323064100,인천직할시 북구 갈산1동,,,,,name_not_found,0
2323064200,인천직할시 북구 갈산2동,,,,,name_not_found,0
2323064500,인천직할시 북구 삼산동,,,,,name_not_found,0
2323065000,인천직할시 북구 부개1동,,,,,name_not_found,0
2323066000,인천직할시 북구 부개2동,,,,,name_not_found,0
2323066100,인천직할시 북구 부개3동,,,,,name_not_found,0
2323067000,인천직할시 북구 일신동,,,,,name_not_found,0
2323068000,인천직할시 북구 십정1동,,,,,name_not_found,0
2323069000,인천직할시 북구 십정2동,,,,,name_not_found,0
2323070000,인천직할시 북구 계양동,,,,,name_not_found,0
2323071000,인천직할시 북구 계양1동,,,,,name_not_found,0
2323072000,인천직할시 북구 계양2동,,,,,name_not_found,0
2323500000,인천직할시 북구계양출장소,,,,,name_not_found,0
2326000000,인천직할시 서구,,,,,name_not_found,0
2326051000,인천직할시 서구 검암동,,,,,name_not_found,0
2326052000,인천직할시 서구 경서동,,,,,name_not_found,0
2326053000,인천직할시 서구 연희동,,,,,name_not_found,0
2326054000,인천직할시 서구 가신동,,,,,name_not_found,0
2326054100,인천직할시 서구 가정동,,,,,name_not_found,0
2326054200,인천직할시 서구 가정1동,,,,,name_not_found,0
2326054300,인천직할시 서구 가정2동,,,,,name_not_found,0
2326054400,인천직할시 서구 가정3동,,,,,name_not_found,0
2326054600,인천직할시 서구 신현동,,,,,name_not_found,0
2326055000,인천직할시 서구 석남1동,,,,,name_not_found,0
2326056000,인천직할시 서구 석남2동,,,,,name_not_found,0
2326056100,인천직할시 서구 석남3동,,,,,name_not_found,0
2326057000,인천직할시 서구 원창동,,,,,name_not_found,0
2326058000,인천직할시 서구 가좌1동,,,,,name_not_found,0
2326059000,인천직할시 서구 가좌2동,,,,,name_not_found,0
2326060000,인천직할시 서구 가좌3동,,,,,name_not_found,0
2326061000,인천직할시 서구 가좌4동,,,,,name_not_found,0
2400000000,광주직할시,,,,,name_not_found,0
2411000000,광주직할시 동구,,,,,name_not_found,0
2411051000,광주직할시 동구 대금동,,,,,name_not_found,0
2411052000,광주직할시 동구 충수동,,,,,name_not_found,0
2411053000,광주직할시 동구 대의동,,,,,name_not_found,0
2411054000,광주직할시 동구 동명제1동,,,,,name_not_found,0
2411055000,광주직할시 동구 동명제2동,,,,,name_not_found,0
2411056000,광주직할시 동구 계림제1동,,,,,name_not_found,0
2411057000,광주직할시 동구 계림제2동,,,,,name_not_found,0
2411058000,광주직할시 동구 계림제3동,,,,,name_not_found,0
2411059000,광주직할시 동구 산수제1동,,,,,name_not_found,0
2411060000,광주직할시 동구 산수제2동,,,,,name_not_found,0
2411061000,광주직할시 동구 산수제3동,,,,,name_not_found,0
2411062000,광주직할시 동구 지산제1동,,,,,name_not_found,0
2411063000,광주직할시 동구 지산제2동,,,,,name_not_found,0
2411064000,광주직할시 동구 남금동,,,,,name_not_found,0
2411065000,광주직할시 동구 충금동,,,,,name_not_found,0
2411066000,광주직할시 동구 삼성동,,,,,name_not_found,0
2411067000,광주직할시 동구 서석동,,,,,name_not_found,0
2411068000,광주직할시 동구 학제1동,,,,,name_not_found,0
2411069000,광주직할시 동구 학제2동,,,,,name_not_found,0
2411070000,광주직할시 동구 학제3동,,,,,name_not_found,0
2411071000,광주직할시 동구 학운동,,,,,name_not_found,0
2411072000,광주직할시 동구 지원동,,,,,name_not_found,0
2414000000,광주직할시 서구,,,,,name_not_found,0
2414051000,광주직할시 서구 양림동,,,,,name_not_found,0
2414052000,광주직할시 서구 방림제1동,,,,,name_not_found,0
2414053000,광주직할시 서구 방림2동,,,,,name_not_found,0
2414053600,광주직할시 서구 봉선동,,,,,name_not_found,0
2414054000,광주직할시 서구 사구동,,,,,name_not_found,0
2414055000,광주직할시 서구 서제1동,,,,,name_not_found,0
2414056000,광주직할시 서구 서제2동,,,,,name_not_found,0
2414057000,광주직할시 서구 양제1동,,,,,name_not_found,0
2414058000,광주직할시 서구 양제2동,,,,,name_not_found,0
2414059000,광주직할시 서구 양제3동,,,,,name_not_found,0
2414060000,광주직할시 서구 월산제1동,,,,,name_not_found,0
2414061000,광주직할시 서구 월산제2동,,,,,name_not_found,0
2414062000,광주직할시 서구 월산제3동,,,,,name_not_found,0
2414063000,광주직할시 서구 월산제4동,,,,,name_not_found,0
2414064000,광주직할시 서구 월산제5동,,,,,name_not_found,0
2414065000,광주직할시 서구 농성1동,,,,,name_not_found,0
2414066000,광주직할시 서구 농성2동,,,,,name_not_found,0
2414067000,광주직할시 서구 백운제1동,,,,,name_not_found,0
2414068000,광주직할시 서구 백운제2동,,,,,name_not_found,0
2414069000,광주직할시 서구 주월제1동,,,,,name_not_found,0
2414070000,광주직할시 서구 주월제2동,,,,,name_not_found,0
2414071000,광주직할시 서구 효덕동,,,,,name_not_found,0
2414072000,광주직할시 서구 송암동,,,,,name_not_found,0
2414073000,광주직할시 서구 광천동,,,,,name_not_found,0
2414074000,광주직할시 서구 유덕동,,,,,name_not_found,0
2414075000,광주직할시 서구 쌍촌동,,,,,name_not_found,0
2414075100,광주직할시 서구 상무제1동,,,,,name_not_found,0
2414075200,광주직할시 서구 상무제2동,,,,,name_not_found,0
2414076000,광주직할시 서구 화정제1동,,,,,name_not_found,0
2414077000,광주직할시 서구 화정제2동,,,,,name_not_found,0
2414078000,광주직할시 서구 화정제3동,,,,,name_not_found,0
2414079000,광주직할시 서구 화정제4동,,,,,name_not_found,0
2417000000,광주직할시 북구,,,,,name_not_found,0
2417051000,광주직할시 북구 중흥제1동,,,,,name_not_found,0
2417052000,광주직할시 북구 중흥제2동,,,,,name_not_found,0
2417053000,광주직할시 북구 중흥제3동,,,,,name_not_found,0
2417054000,광주직할시 북구 유동,,,,,name_not_found,0
2417055000,광주직할시 북구 누문동,,,,,name_not_found,0
2417056000,광주직할시 북구 북동,,,,,name_not_found,0
2417057000,광주직할시 북구 임동,,,,,name_not_found,0
2417058000,광주직할시 북구 신안동,,,,,name_not_found,0
2417059000,광주직할시 북구 용봉동,,,,,name_not_found,0
2417060000,광주직할시 북구 동운제1동,,,,,name_not_found,0
2417061000,광주직할시 북구 동운제2동,,,,,name_not_found,0
2417061100,광주직할시 북구 동운제3동,,,,,name_not_found,0
2417062000,광주직할시 북구 우산동,,,,,name_not_found,0
2417063000,광주직할시 북구 풍향제1동,,,,,name_not_found,0
2417064000,광주직할시 북구 풍향제2동,,,,,name_not_found,0
2417065000,광주직할시 북구 문화동,,,,,name_not_found,0
2417066000,광주직할시 북구 두암동,,,,,name_not_found,0
2417066100,광주직할시 북구 두암1동,,,,,name_not_found,0
2417066200,광주직할시 북구 두암2동,,,,,name_not_found,0
2417067000,광주직할시 북구 서산동,,,,,name_not_found,0
2417067500,광주직할시 북구 오치동,,,,,name_not_found,0
2417068000,광주직할시 북구 충효동,,,,,name_not_found,0
2417069000,광주직할시 북구 청옥동,,,,,name_not_found,0
2417070000,광주직할시 북구 장운동,,,,,name_not_found,0
2417071000,광주직할시 북구 본촌동,,,,,name_not_found,0
2417072000,광주직할시 북구 우치동,,,,,name_not_found,0
2417073000,광주직할시 북구 삼소동,,,,,name_not_found,0
2420000000,광주직할시 광산구,,,,,name_not_found,0
2420051000,광주직할시 광산구 호남동,,,,,name_not_found,0
2420051500,광주직할시 광산구 송정1동,,,,,name_not_found,0
2420052000,광주직할시 광산구 중앙동,,,,,name_not_found,0
2420052500,광주직할시 광산구 송정2동,,,,,name_not_found,0
2420053000,광주직할시 광산구 원동,,,,,name_not_found,0
2420053500,광주직할시 광산구 송정3동,,,,,name_not_found,0
2420054000,광주직할시 광산구 도산동,,,,,name_not_found,0
2420055000,광주직할시 광산구 신흥동,,,,,name_not_found,0
2420056000,광주직할시 광산구 용운동,,,,,name_not_found,0
2420057000,광주직할시 광산구 소촌동,,,,,name_not_found,0
2420058000,광주직할시 광산구 우산동,,,,,name_not_found,0
2420059000,광주직할시 광산구 월곡동,,,,,name_not_found,0
2420081000,광주직할시 광산구 비아출장소,,,,,name_not_found,0
2420081500,광주직할시 광산구 비아.신가지소,,,,,name_not_found,0
2420082000,광주직할시 광산구 하남출장소,,,,,name_not_found,0
2420083000,광주직할시 광산구 임곡출장소,,,,,name_not_found,0
2420084000,광주직할시 광산구 동곡출장소,,,,,name_not_found,0
2420085000,광주직할시 광산구 평동출장소,,,,,name_not_found,0
2420086000,광주직할시 광산구 삼도출장소,,,,,name_not_found,0
2420087000,광주직할시 광산구 본량출장소,,,,,name_not_found,0
2420088000,광주직할시 광산구 대촌출장소,,,,,name_not_found,0
2420089000,광주직할시 광산구 서창출장소,,,,,name_not_found,0
2500000000,대전직할시,,,,,name_not_found,0
2511000000,대전직할시 동구,,,,,name_not_found,0
2511051000,대전직할시 동구 원동,,,,,name_not_found,0
2511052000,대전직할시 동구 인동,,,,,name_not_found,0
2511053000,대전직할시 동구 효동,,,,,name_not_found,0
2511054000,대전직할시 동구 신흥동,,,,,name_not_found,0
2511055000,대전직할시 동구 판암동,,,,,name_not_found,0
2511055100,대전직할시 동구 판암1동,,,,,name_not_found,0
2511055200,대전직할시 동구 판암2동,,,,,name_not_found,0
2511056000,대전직할시 동구 용운동,,,,,name_not_found,0
2511057000,대전직할시 동구 대동1동,,,,,name_not_found,0
2511058000,대전직할시 동구 대동2동,,,,,name_not_found,0
2511059000,대전직할시 동구 자양동,,,,,name_not_found,0
2511060000,대전직할시 동구 신안동,,,,,name_not_found,0
2511061000,대전직할시 동구 소제동,,,,,name_not_found,0
2511062000,대전직할시 동구 가양1동,,,,,name_not_found,0
2511063000,대전직할시 동구 가양2동,,,,,name_not_found,0
2511064000,대전직할시 동구 용전동,,,,,name_not_found,0
2511065000,대전직할시 동구 성남1동,,,,,name_not_found,0
2511066000,대전직할시 동구 성남2동,,,,,name_not_found,0
2511067000,대전직할시 동구 홍도동,,,,,name_not_found,0
2511068000,대전직할시 동구 삼성1동,,,,,name_not_found,0
2511069000,대전직할시 동구 삼성2동,,,,,name_not_found,0
2511070000,대전직할시 동구 정동,,,,,name_not_found,0
2511071000,대전직할시 동구 중동,,,,,name_not_found,0
2511072000,대전직할시 동구 추동,,,,,name_not_found,0
2511073000,대전직할시 동구 세천동,,,,,name_not_found,0
2511074000,대전직할시 동구 산내동,,,,,name_not_found,0
2514000000,대전직할시 중구,,,,,name_not_found,0
2514051000,대전직할시 중구 은행동,,,,,name_not_found,0
2514052000,대전직할시 중구 선화1동,,,,,name_not_found,0
2514053000,대전직할시 중구 선화2동,,,,,name_not_found,0
2514054000,대전직할시 중구 선화3동,,,,,name_not_found,0
2514055000,대전직할시 중구 목동,,,,,name_not_found,0
2514056000,대전직할시 중구 중촌동,,,,,name_not_found,0
2514057000,대전직할시 중구 대흥1동,,,,,name_not_found,0
2514058000,대전직할시 중구 대흥2동,,,,,name_not_found,0
2514059000,대전직할시 중구 대흥3동,,,,,name_not_found,0
2514060000,대전직할시 중구 문창1동,,,,,name_not_found,0
2514061000,대전직할시 중구 문창2동,,,,,name_not_found,0
2514062000,대전직할시 중구 석교동,,,,,name_not_found,0
2514063000,대전직할시 중구 대사동,,,,,name_not_found,0
2514064000,대전직할시 중구 부사동,,,,,name_not_found,0
2514065000,대전직할시 중구 용두1동,,,,,name_not_found,0
2514066000,대전직할시 중구 용두2동,,,,,name_not_found,0
2514067000,대전직할시 중구 오류동,,,,,name_not_found,0
2514068000,대전직할시 중구 태평1동,,,,,name_not_found,0
2514069000,대전직할시 중구 태평2동,,,,,name_not_found,0
2514070000,대전직할시 중구 유천1동,,,,,name_not_found,0
2514071000,대전직할시 중구 유천2동,,,,,name_not_found,0
2514072000,대전직할시 중구 문화1동,,,,,name_not_found,0
2514073000,대전직할시 중구 문화2동,,,,,name_not_found,0
2514074000,대전직할시 중구 산성동,,,,,name_not_found,0
2514075000,대전직할시 중구 산서동,,,,,name_not_found,0
2517000000,대전직할시 서구,,,,,name_not_found,0
2517051000,대전직할시 서구 복수동,,,,,name_not_found,0
2517052000,대전직할시 서구 도마1동,,,,,name_not_found,0
2517053000,대전직할시 서구 도마2동,,,,,name_not_found,0
2517053500,대전직할시 서구 정림동,,,,,name_not_found,0
2517054000,대전직할시 서구 변동,,,,,name_not_found,0
2517055000,대전직할시 서구 용문동,,,,,name_not_found,0
2517055500,대전직할시 서구 탄방동,,,,,name_not_found,0
2517056000,대전직할시 서구 괴정동,,,,,name_not_found,0
2517057000,대전직할시 서구 가장동,,,,,name_not_found,0
2517058000,대전직할시 서구 갈마동,,,,,name_not_found,0
2517058500,대전직할시 서구 월평동,,,,,name_not_found,0
2517058600,대전직할시 서구 월평1동,,,,,name_not_found,0
2517058700,대전직할시 서구 월평2동,,,,,name_not_found,0
2517059000,대전직할시 서구 가수원동,,,,,name_not_found,0
2517060000,대전직할시 서구 기성동,,,,,name_not_found,0
2517061000,대전직할시 서구 삼천동,,,,,name_not_found,0
2517062000,대전직할시 서구 둔산동,,,,,name_not_found,0
2520000000,대전직할시 유성구,,,,,name_not_found,0
2520051000,대전직할시 유성구 원내동,,,,,name_not_found,0
2520052000,대전직할시 유성구 진잠동,,,,,name_not_found,0
2520053000,대전직할시 유성구 온천1동,,,,,name_not_found,0
2520054000,대전직할시 유성구 온천2동,,,,,name_not_found,0
2520055000,대전직할시 유성구 신성동,,,,,name_not_found,0
2520056000,대전직할시 유성구 탄동,,,,,name_not_found,0
2520057000,대전직할시 유성구 전민동,,,,,name_not_found,0
2520058000,대전직할시 유성구 구즉동,,,,,name_not_found,0
2523000000,대전직할시 대덕구,,,,,name_not_found,0
2523051000,대전직할시 대덕구 오정동,,,,,name_not_found,0
2523052000,대전직할시 대덕구 대화동,,,,,name_not_found,0
2523053000,대전직할시 대덕구 회덕1동,,,,,name_not_found,0
2523054000,대전직할시 대덕구 회덕2동,,,,,name_not_found,0
2523054600,대전직할시 대덕구 중리동,,,,,name_not_found,0
2523055000,대전직할시 대덕구 신탄진동,,,,,name_not_found,0
2523056000,대전직할시 대덕구 석봉동,,,,,name_not_found,0
2523057000,대전직할시 대덕구 덕암동,,,,,name_not_found,0
2523058000,대전직할시 대덕구 목상동,,,,,name_not_found,0
2523059000,대전직할시 대덕구 법동,,,,,name_not_found,0
2600000000,부산광역시,,,,,name_not_found,0
2611000000,부산광역시 중구,,,,,name_not_found,0
2611051000,부산광역시 중구 중앙동,2101051,부산광역시 중구 중앙동,1140235.0,1680135.0,matched,1
2611052000,부산광역시 중구 동광동,2101052,부산광역시 중구 동광동,1139836.0,1679841.0,matched,1
2611053000,부산광역시 중구 대청동,2101053,부산광역시 중구 대청동,1139531.0,1680073.0,matched,1
2611054000,부산광역시 중구 보수제1동,,,,,name_not_found,0
2611054500,부산광역시 중구 보수동,2101054,부산광역시 중구 보수동,1139007.0,1680271.0,matched,1
2611055000,부산광역시 중구 보수제2동,,,,,name_not_found,0
2611056000,부산광역시 중구 부평동,2101056,부산광역시 중구 부평동,1139004.0,1679608.0,matched,1
2611057000,부산광역시 중구 광복동,2101057,부산광역시 중구 광복동,1139534.0,1679582.0,matched,1
2611058000,부산광역시 중구 남포동,2101058,부산광역시 중구 남포동,1139479.0,1679267.0,matched,1
2611059000,부산광역시 중구 영주제1동,,,,,name_not_found,0
2611060000,부산광역시 중구 영주제2동,,,,,name_not_found,0
2614000000,부산광역시 서구,,,,,name_not_found,0
2614051000,부산광역시 서구 동대신제1동,,,,,name_not_found,0
2614052000,부산광역시 서구 동대신제2동,,,,,name_not_found,0
2614053000,부산광역시 서구 동대신제3동,,,,,name_not_found,0
2614054000,부산광역시 서구 서대신제1동,,,,,name_not_found,0
2614055000,부산광역시 서구 서대신제2동,,,,,name_not_found,0
2614056000,부산광역시 서구 서대신제3동,,,,,name_not_found,0
2614057000,부산광역시 서구 서대신제4동,,,,,name_not_found,0
2614058000,부산광역시 서구 부용동,,,,,name_not_found,0
2614059000,부산광역시 서구 부민동,2102059,부산광역시 서구 부민동,1138343.0,1679979.0,matched,1
2614060000,부산광역시 서구 토성동,,,,,name_not_found,0
2614061000,부산광역시 서구 아미제1동,,,,,name_not_found,0
2614061500,부산광역시 서구 아미동,2102061,부산광역시 서구 아미동,1137922.0,1679394.0,matched,1
2614062000,부산광역시 서구 아미제2동,,,,,name_not_found,0
2614063000,부산광역시 서구 초장동,2102063,부산광역시 서구 초장동,1138320.0,1678828.0,matched,1
2614064000,부산광역시 서구 충무동,2102064,부산광역시 서구 충무동,1138803.0,1679085.0,matched,1
2614065000,부산광역시 서구 남부민제1동,,,,,name_not_found,0
2614066000,부산광역시 서구 남부민제2동,,,,,name_not_found,0
2614067000,부산광역시 서구 남부민제3동,,,,,name_not_found,0
2614068000,부산광역시 서구 암남동,2102068,부산광역시 서구 암남동,1138130.0,1675392.0,matched,1
2617000000,부산광역시 동구,,,,,name_not_found,0
2617051000,부산광역시 동구 초량제1동,,,,,name_not_found,0
2617052000,부산광역시 동구 초량제2동,,,,,name_not_found,0
2617053000,부산광역시 동구 초량제3동,,,,,name_not_found,0
2617054000,부산광역시 동구 초량제4동,,,,,name_not_found,0
2617055000,부산광역시 동구 초량제6동,,,,,name_not_found,0
2617056000,부산광역시 동구 수정제1동,,,,,name_not_found,0
2617057000,부산광역시 동구 수정제2동,,,,,name_not_found,0
2617058000,부산광역시 동구 수정제3동,,,,,name_not_found,0
2617059000,부산광역시 동구 수정제4동,,,,,name_not_found,0
2617060000,부산광역시 동구 수정제5동,,,,,name_not_found,0
2617061000,부산광역시 동구 좌천제1동,,,,,name_not_found,0
2617062000,부산광역시 동구 좌천제2동,,,,,name_not_found,0
2617063000,부산광역시 동구 좌천제3동,,,,,name_not_found,0
2617064000,부산광역시 동구 좌천제4동,,,,,name_not_found,0
2617064500,부산광역시 동구 좌천동,2103070,부산광역시 동구 좌천동,1141289.0,1683236.0,matched,1
2617065000,부산광역시 동구 범일제1동,,,,,name_not_found,0
2617066000,부산광역시 동구 범일제2동,,,,,name_not_found,0
2617067000,부산광역시 동구 범일제4동,,,,,name_not_found,0
2617068000,부산광역시 동구 범일제5동,,,,,name_not_found,0
2617069000,부산광역시 동구 범일제6동,,,,,name_not_found,0
2620000000,부산광역시 영도구,,,,,name_not_found,0
2620051000,부산광역시 영도구 대교동,,,,,name_not_found,0
2620052000,부산광역시 영도구 대평동,,,,,name_not_found,0
2620053000,부산광역시 영도구 남항동,2104053,부산광역시 영도구 남항동,1140091.0,1678211.0,matched,1
2620054000,부산광역시 영도구 영선제1동,,,,,name_not_found,0
2620055000,부산광역시 영도구 영선제2동,,,,,name_not_found,0
2620056000,부산광역시 영도구 신선제1동,,,,,name_not_found,0
2620057000,부산광역시 영도구 신선제2동,,,,,name_not_found,0
2620058000,부산광역시 영도구 신선제3동,,,,,name_not_found,0
2620058500,부산광역시 영도구 신선동,2104068,부산광역시 영도구 신선동,1141204.0,1677686.0,matched,1
2620059000,부산광역시 영도구 봉래제1동,,,,,name_not_found,0
2620060000,부산광역시 영도구 봉래제2동,,,,,name_not_found,0
2620060500,부산광역시 영도구 봉래제2동,,,,,name_not_found,0
2620061000,부산광역시 영도구 봉래제3동,,,,,name_not_found,0
2620062000,부산광역시 영도구 봉래제4동,,,,,name_not_found,0
2620063000,부산광역시 영도구 청학제1동,,,,,name_not_found,0
2620064000,부산광역시 영도구 청학제2동,,,,,name_not_found,0
2620065000,부산광역시 영도구 동삼제1동,,,,,name_not_found,0
2620066000,부산광역시 영도구 동삼제2동,,,,,name_not_found,0
2620067000,부산광역시 영도구 동삼제3동,,,,,name_not_found,0
2623000000,부산광역시 부산진구,,,,,name_not_found,0
2623051000,부산광역시 부산진구 부전제1동,,,,,name_not_found,0
2623052000,부산광역시 부산진구 부전제2동,,,,,name_not_found,0
2623053000,부산광역시 부산진구 범전동,,,,,name_not_found,0
2623054000,부산광역시 부산진구 연지동,2105054,부산광역시 부산진구 연지동,1141453.0,1687385.0,matched,1
2623055000,부산광역시 부산진구 초읍동,2105055,부산광역시 부산진구 초읍동,1140273.0,1688932.0,matched,1
2623056000,부산광역시 부산진구 양정제1동,,,,,name_not_found,0
2623057000,부산광역시 부산진구 양정제2동,,,,,name_not_found,0
2623058000,부산광역시 부산진구 양정제3동,,,,,name_not_found,0
2623059000,부산광역시 부산진구 양정제4동,,,,,name_not_found,0
2623060000,부산광역시 부산진구 전포제1동,,,,,name_not_found,0
2623061000,부산광역시 부산진구 전포제2동,,,,,name_not_found,0
2623062000,부산광역시 부산진구 전포3동,,,,,name_not_found,0
2623063000,부산광역시 부산진구 전포제4동,,,,,name_not_found,0
2623064000,부산광역시 부산진구 부암제1동,,,,,name_not_found,0
2623065000,부산광역시 부산진구 부암제2동,,,,,name_not_found,0
2623066000,부산광역시 부산진구 부암제3동,,,,,name_not_found,0
2623067000,부산광역시 부산진구 당감제1동,,,,,name_not_found,0
2623068000,부산광역시 부산진구 당감제2동,,,,,name_not_found,0
2623069000,부산광역시 부산진구 당감제3동,,,,,name_not_found,0
2623070000,부산광역시 부산진구 당감제4동,,,,,name_not_found,0
2623071000,부산광역시 부산진구 가야제1동,,,,,name_not_found,0
2623072000,부산광역시 부산진구 가야제2동,,,,,name_not_found,0
2623073000,부산광역시 부산진구 가야제3동,,,,,name_not_found,0
2623074000,부산광역시 부산진구 개금제1동,,,,,name_not_found,0
2623075000,부산광역시 부산진구 개금제2동,,,,,name_not_found,0
2623076000,부산광역시 부산진구 개금제3동,,,,,name_not_found,0
2623077000,부산광역시 부산진구 범천제1동,,,,,name_not_found,0
2623078000,부산광역시 부산진구 범천제2동,,,,,name_not_found,0
2623079000,부산광역시 부산진구 범천제4동,,,,,name_not_found,0
2626000000,부산광역시 동래구,,,,,name_not_found,0
2626051000,부산광역시 동래구 수민동,2106051,부산광역시 동래구 수민동,1144652.0,1690302.0,matched,1
2626052000,부산광역시 동래구 복산동,2106052,부산광역시 동래구 복산동,1144756.0,1691190.0,matched,1
2626053000,부산광역시 동래구 명륜제1동,,,,,name_not_found,0
2626054000,부산광역시 동래구 명륜제2동,,,,,name_not_found,0
2626054500,부산광역시 동래구 명륜동,2106065,부산광역시 동래구 명륜동,1144014.0,1691773.0,matched,1
2626055000,부산광역시 동래구 온천제1동,,,,,name_not_found,0
2626056000,부산광역시 동래구 온천제2동,,,,,name_not_found,0
2626057000,부산광역시 동래구 온천제3동,,,,,name_not_found,0
2626058000,부산광역시 동래구 사직제1동,,,,,name_not_found,0
2626059000,부산광역시 동래구 사직제2동,,,,,name_not_found,0
2626060000,부산광역시 동래구 사직제3동,,,,,name_not_found,0
2626061000,부산광역시 동래구 거제제1동,,,,,name_not_found,0
2626062000,부산광역시 동래구 거제제2동,,,,,name_not_found,0
2626063000,부산광역시 동래구 거제제3동,,,,,name_not_found,0
2626064000,부산광역시 동래구 거제제4동,,,,,name_not_found,0
2626065000,부산광역시 동래구 연산제1동,,,,,name_not_found,0
2626066000,부산광역시 동래구 연산제2동,,,,,name_not_found,0
2626067000,부산광역시 동래구 연산제3동,,,,,name_not_found,0
2626068000,부산광역시 동래구 연산제4동,,,,,name_not_found,0
2626069000,부산광역시 동래구 연산제5동,,,,,name_not_found,0
2626070000,부산광역시 동래구 연산제6동,,,,,name_not_found,0
2626071000,부산광역시 동래구 연산제7동,,,,,name_not_found,0
2626072000,부산광역시 동래구 연산제8동,,,,,name_not_found,0
2626073000,부산광역시 동래구 연산제9동,,,,,name_not_found,0
2626074000,부산광역시 동래구 안락제1동,,,,,name_not_found,0
2626075000,부산광역시 동래구 안락제2동,,,,,name_not_found,0
2626076100,부산광역시 동래구 명장제1동,,,,,name_not_found,0
2626076200,부산광역시 동래구 명장제2동,,,,,name_not_found,0
2629000000,부산광역시 남구,,,,,name_not_found,0
2629051000,부산광역시 남구 대연제1동,,,,,name_not_found,0
2629052000,부산광역시 남구 대연제2동,,,,,name_not_found,0
2629053000,부산광역시 남구 대연제3동,,,,,name_not_found,0
2629054000,부산광역시 남구 대연제4동,,,,,name_not_found,0
2629055000,부산광역시 남구 대연제5동,,,,,name_not_found,0
2629056000,부산광역시 남구 대연제6동,,,,,name_not_found,0
2629057000,부산광역시 남구 용호제1동,,,,,name_not_found,0
2629058000,부산광역시 남구 용호제2동,,,,,name_not_found,0
2629059000,부산광역시 남구 용호제3동,,,,,name_not_found,0
2629060000,부산광역시 남구 용호제4동,,,,,name_not_found,0
2629061000,부산광역시 남구 용당동,2107061,부산광역시 남구 용당동,1145604.0,1680853.0,matched,1
2629062000,부산광역시 남구 감만제1동,,,,,name_not_found,0
2629063000,부산광역시 남구 감만제2동,,,,,name_not_found,0
2629064000,부산광역시 남구 우암제1동,,,,,name_not_found,0
2629064500,부산광역시 남구 우암동,2107071,부산광역시 남구 우암동,1143530.0,1682354.0,matched,1
2629065000,부산광역시 남구 우암제2동,,,,,name_not_found,0
2629066000,부산광역시 남구 남천제1동,,,,,name_not_found,0
2629067000,부산광역시 남구 남천제2동,,,,,name_not_found,0
2629068000,부산광역시 남구 문현제1동,,,,,name_not_found,0
2629069000,부산광역시 남구 문현제2동,,,,,name_not_found,0
2629070000,부산광역시 남구 문현제3동,,,,,name_not_found,0
2629071000,부산광역시 남구 문현제4동,,,,,name_not_found,0
2629072000,부산광역시 남구 문현5동,,,,,name_not_found,0
2629073000,부산광역시 남구 수영동,,,,,name_not_found,0
2629074000,부산광역시 남구 망미제1동,,,,,name_not_found,0
2629075000,부산광역시 남구 망미제2동,,,,,name_not_found,0
2629076000,부산광역시 남구 광안제1동,,,,,name_not_found,0
2629077000,부산광역시 남구 광안제2동,,,,,name_not_found,0
2629078000,부산광역시 남구 광안제3동,,,,,name_not_found,0
2629079000,부산광역시 남구 광안제4동,,,,,name_not_found,0
2629080000,부산광역시 남구 민락동,,,,,name_not_found,0
2632000000,부산광역시 북구,,,,,name_not_found,0
2632051000,부산광역시 북구 구포제1동,,,,,name_not_found,0
2632052000,부산광역시 북구 구포제2동,,,,,name_not_found,0
2632052100,부산광역시 북구 구포제3동,,,,,name_not_found,0
2632053000,부산광역시 북구 금곡동,2108054,부산광역시 북구 금곡동,1138553.0,1697322.0,matched,1
2632054000,부산광역시 북구 화명동,,,,,name_not_found,0
2632054100,부산광역시 북구 화명제1동,,,,,name_not_found,0
2632054200,부산광역시 북구 화명제2동,,,,,name_not_found,0
2632054300,부산광역시 북구 화명제3동,,,,,name_not_found,0
2632055000,부산광역시 북구 덕천제1동,,,,,name_not_found,0
2632056000,부산광역시 북구 덕천제2동,,,,,name_not_found,0
2632056100,부산광역시 북구 덕천제3동,,,,,name_not_found,0
2632057100,부산광역시 북구 만덕제1동,,,,,name_not_found,0
2632057200,부산광역시 북구 만덕제2동,,,,,name_not_found,0
2632057300,부산광역시 북구 만덕제3동,,,,,name_not_found,0
2632058000,부산광역시 북구 삼락동,,,,,name_not_found,0
2632059100,부산광역시 북구 모라제1동,,,,,name_not_found,0
2632059200,부산광역시 북구 모라제2동,,,,,name_not_found,0
2632059300,부산광역시 북구 모라제3동,,,,,name_not_found,0
2632060000,부산광역시 북구 덕포제1동,,,,,name_not_found,0
2632061000,부산광역시 북구 덕포제2동,,,,,name_not_found,0
2632062000,부산광역시 북구 괘법동,,,,,name_not_found,0
2632063000,부산광역시 북구 감전제1동,,,,,name_not_found,0
2632064000,부산광역시 북구 감전제2동,,,,,name_not_found,0
2632065000,부산광역시 북구 주례제1동,,,,,name_not_found,0
2632066000,부산광역시 북구 주례제2동,,,,,name_not_found,0
2632066100,부산광역시 북구 주례제3동,,,,,name_not_found,0
2632067000,부산광역시 북구 학장동,,,,,name_not_found,0
2632068000,부산광역시 북구 엄궁동,,,,,name_not_found,0
2635000000,부산광역시 해운대구,,,,,name_not_found,0
2635051000,부산광역시 해운대구 우제1동,,,,,name_not_found,0
2635052000,부산광역시 해운대구 우제2동,,,,,name_not_found,0
2635052500,부산광역시 해운대구 우제3동,,,,,name_not_found,0
2635053000,부산광역시 해운대구 중제1동,,,,,name_not_found,0
2635054000,부산광역시 해운대구 중제2동,,,,,name_not_found,0
2635055000,부산광역시 해운대구 좌동,,,,,name_not_found,0
2635055100,부산광역시 해운대구 좌제1동,,,,,name_not_found,0
2635055200,부산광역시 해운대구 좌제2동,,,,,name_not_found,0
2635055300,부산광역시 해운대구 좌제3동,,,,,name_not_found,0
2635055400,부산광역시 해운대구 좌제4동,,,,,name_not_found,0
2635056000,부산광역시 해운대구 송정동,2109056,부산광역시 해운대구 송정동,1154547.0,1689017.0,matched,1
2635057000,부산광역시 해운대구 반여제1동,,,,,name_not_found,0
2635058000,부산광역시 해운대구 반여제2동,,,,,name_not_found,0
2635059000,부산광역시 해운대구 반여제3동,,,,,name_not_found,0
2635059500,부산광역시 해운대구 반여제4동,,,,,name_not_found,0
2635060000,부산광역시 해운대구 석대동,,,,,name_not_found,0
2635061000,부산광역시 해운대구 반송제1동,,,,,name_not_found,0
2635062000,부산광역시 해운대구 반송제2동,,,,,name_not_found,0
2635063000,부산광역시 해운대구 반송제3동,,,,,name_not_found,0
2635065000,부산광역시 해운대구 재송제1동,,,,,name_not_found,0
2635066000,부산광역시 해운대구 재송제2동,,,,,name_not_found,0
2638000000,부산광역시 사하구,,,,,name_not_found,0
2638051000,부산광역시 사하구 괴정제1동,,,,,name_not_found,0
2638052000,부산광역시 사하구 괴정제2동,,,,,name_not_found,0
2638053000,부산광역시 사하구 괴정제3동,,,,,name_not_found,0
2638054000,부산광역시 사하구 괴정제4동,,,,,name_not_found,0
2638055000,부산광역시 사하구 당리동,2110055,부산광역시 사하구 당리동,1134954.0,1680682.0,matched,1
2638056100,부산광역시 사하구 하단제1동,,,,,name_not_found,0
2638056200,부산광역시 사하구 하단제2동,,,,,name_not_found,0
2638057100,부산광역시 사하구 신평제1동,,,,,name_not_found,0
2638057200,부산광역시 사하구 신평제2동,,,,,name_not_found,0
2638058000,부산광역시 사하구 장림제1동,,,,,name_not_found,0
2638059000,부산광역시 사하구 장림제2동,,,,,name_not_found,0
2638060100,부산광역시 사하구 다대제1동,,,,,name_not_found,0
2638060200,부산광역시 사하구 다대제2동,,,,,name_not_found,0
2638061000,부산광역시 사하구 구평동,2110064,부산광역시 사하구 구평동,1135765.0,1676403.0,matched,1
2638062000,부산광역시 사하구 감천제1동,,,,,name_not_found,0
2638063000,부산광역시 사하구 감천제2동,,,,,name_not_found,0
2641000000,부산광역시 금정구,,,,,name_not_found,0
2641051000,부산광역시 금정구 서제1동,,,,,name_not_found,0
2641052000,부산광역시 금정구 서제2동,,,,,name_not_found,0
2641053000,부산광역시 금정구 서제3동,,,,,name_not_found,0
2641054000,부산광역시 금정구 서제4동,,,,,name_not_found,0
2641055000,부산광역시 금정구 금사동,,,,,name_not_found,0
2641055500,부산광역시 금정구 금사회동동,2111073,부산광역시 금정구 금사회동동,1147686.0,1694289.0,matched,1
2641056000,부산광역시 금정구 오륜동,,,,,name_not_found,0
2641057000,부산광역시 금정구 부곡제1동,,,,,name_not_found,0
2641058000,부산광역시 금정구 부곡제2동,,,,,name_not_found,0
2641059000,부산광역시 금정구 부곡제3동,,,,,name_not_found,0
2641059100,부산광역시 금정구 부곡제4동,,,,,name_not_found,0
2641060000,부산광역시 금정구 장전제1동,,,,,name_not_found,0
2641061000,부산광역시 금정구 장전제2동,,,,,name_not_found,0
2641062000,부산광역시 금정구 장전제3동,,,,,name_not_found,0
2641063000,부산광역시 금정구 선동,,,,,name_not_found,0
2641063500,부산광역시 금정구 선두구동,2111064,부산광역시 금정구 선두구동,1146583.0,1699646.0,matched,1
2641064000,부산광역시 금정구 두구동,,,,,name_not_found,0
2641065000,부산광역시 금정구 노포동,,,,,name_not_found,0
2641066000,부산광역시 금정구 청룡동,,,,,name_not_found,0
2641066500,부산광역시 금정구 청룡노포동,2111067,부산광역시 금정구 청룡노포동,1143591.0,1700055.0,matched,1
2641067000,부산광역시 금정구 남산동,2111068,부산광역시 금정구 남산동,1143764.0,1698297.0,matched,1
2641068000,부산광역시 금정구 구서제1동,,,,,name_not_found,0
2641069000,부산광역시 금정구 구서제2동,,,,,name_not_found,0
2641070000,부산광역시 금정구 금성동,2111071,부산광역시 금정구 금성동,1141356.0,1696508.0,matched,1
2644000000,부산광역시 강서구,,,,,name_not_found,0
2644051000,부산광역시 강서구 대저1동,2112051,부산광역시 강서구 대저1동,1133438.0,1691613.0,matched,1
2644052000,부산광역시 강서구 대저2동,2112052,부산광역시 강서구 대저2동,1131385.0,1685968.0,matched,1
2644053000,부산광역시 강서구 강동동,2112053,부산광역시 강서구 강동동,1128672.0,1688166.0,matched,1
2644053500,부산광역시 강서구 명지1동,2112059,부산광역시 강서구 명지1동,1128991.0,1680359.0,matched,1
2644054000,부산광역시 강서구 명지동,,,,,name_not_found,0
2644054500,부산광역시 강서구 명지2동,2112060,부산광역시 강서구 명지2동,1127989.0,1677505.0,matched,1
2644055000,부산광역시 강서구 가락동,2112055,부산광역시 강서구 가락동,1126960.0,1688685.0,matched,1
2644056000,부산광역시 강서구 녹산동,2112056,부산광역시 강서구 녹산동,1124392.0,1681889.0,matched,1
2644057000,부산광역시 강서구 천가동,,,,,name_not_found,0
2644058000,부산광역시 강서구 가덕도동,2112058,부산광역시 강서구 가덕도동,1120997.0,1672610.0,matched,1
2647000000,부산광역시 연제구,,,,,name_not_found,0
2647061000,부산광역시 연제구 거제제1동,,,,,name_not_found,0
2647062000,부산광역시 연제구 거제제2동,,,,,name_not_found,0
2647063000,부산광역시 연제구 거제제3동,,,,,name_not_found,0
2647064000,부산광역시 연제구 거제제4동,,,,,name_not_found,0
2647065000,부산광역시 연제구 연산제1동,,,,,name_not_found,0
2647066000,부산광역시 연제구 연산제2동,,,,,name_not_found,0
2647067000,부산광역시 연제구 연산제3동,,,,,name_not_found,0
2647068000,부산광역시 연제구 연산제4동,,,,,name_not_found,0
2647069000,부산광역시 연제구 연산제5동,,,,,name_not_found,0
2647070000,부산광역시 연제구 연산제6동,,,,,name_not_found,0
2647071000,부산광역시 연제구 연산제7동,,,,,name_not_found,0
2647072000,부산광역시 연제구 연산제8동,,,,,name_not_found,0
2647073000,부산광역시 연제구 연산제9동,,,,,name_not_found,0
2650000000,부산광역시 수영구,,,,,name_not_found,0
2650066000,부산광역시 수영구 남천제1동,,,,,name_not_found,0
2650067000,부산광역시 수영구 남천제2동,,,,,name_not_found,0
2650073000,부산광역시 수영구 수영동,2114053,부산광역시 수영구 수영동,1147320.0,1687429.0,matched,1
2650074000,부산광역시 수영구 망미제1동,,,,,name_not_found,0
2650075000,부산광역시 수영구 망미제2동,,,,,name_not_found,0
2650076000,부산광역시 수영구 광안제1동,,,,,name_not_found,0
2650077000,부산광역시 수영구 광안제2동,,,,,name_not_found,0
2650078000,부산광역시 수영구 광안제3동,,,,,name_not_found,0
2650079000,부산광역시 수영구 광안제4동,,,,,name_not_found,0
2650080000,부산광역시 수영구 민락동,2114060,부산광역시 수영구 민락동,1148062.0,1686134.0,matched,1
2653000000,부산광역시 사상구,,,,,name_not_found,0
2653058000,부산광역시 사상구 삼락동,2115051,부산광역시 사상구 삼락동,1134066.0,1687638.0,matched,1
2653059100,부산광역시 사상구 모라제1동,,,,,name_not_found,0
2653059200,부산광역시 사상구 모라제2동,,,,,name_not_found,0
2653059300,부산광역시 사상구 모라제3동,,,,,name_not_found,0
2653060000,부산광역시 사상구 덕포제1동,,,,,name_not_found,0
2653061000,부산광역시 사상구 덕포제2동,,,,,name_not_found,0
2653062000,부산광역시 사상구 괘법동,2115057,부산광역시 사상구 괘법동,1135985.0,1686673.0,matched,1
2653063000,부산광역시 사상구 감전제1동,,,,,name_not_found,0
2653064000,부산광역시 사상구 감전제2동,,,,,name_not_found,0
2653064500,부산광역시 사상구 감전동,2115065,부산광역시 사상구 감전동,1135232.0,1685556.0,matched,1
2653065000,부산광역시 사상구 주례제1동,,,,,name_not_found,0
2653066000,부산광역시 사상구 주례제2동,,,,,name_not_found,0
2653066100,부산광역시 사상구 주례제3동,,,,,name_not_found,0
2653067000,부산광역시 사상구 학장동,2115063,부산광역시 사상구 학장동,1135642.0,1683517.0,matched,1
2653068000,부산광역시 사상구 엄궁동,2115064,부산광역시 사상구 엄궁동,1133993.0,1682635.0,matched,1
2671000000,부산광역시 기장군,,,,,name_not_found,0
2671025000,부산광역시 기장군 기장읍,2131011,부산광역시 기장군 기장읍,1155369.0,1693609.0,matched,1
2671025300,부산광역시 기장군 장안읍,2131012,부산광역시 기장군 장안읍,1158767.0,1707380.0,matched,1
2671025600,부산광역시 기장군 정관읍,2131013,부산광역시 기장군 정관읍,1152502.0,1705787.0,matched,1
2671031000,부산광역시 기장군 일광면,2131031,부산광역시 기장군 일광면,1156699.0,1700431.0,matched,1
2671032000,부산광역시 기장군 정관면,,,,,name_not_found,0
2671033000,부산광역시 기장군 철마면,2131033,부산광역시 기장군 철마면,1150465.0,1699742.0,matched,1
2700000000,대구광역시,,,,,name_not_found,0
2711000000,대구광역시 중구,,,,,name_not_found,0
2711051000,대구광역시 중구 동인1.2가동,,,,,name_not_found,0
2711051500,대구광역시 중구 동인1.2.4가동,,,,,name_not_found,0
2711051700,대구광역시 중구 동인동,2201070,대구광역시 중구 동인동,1099992.0,1764311.0,matched,1
2711052000,대구광역시 중구 동인3가동,,,,,name_not_found,0
2711053000,대구광역시 중구 동인4가동,,,,,name_not_found,0
2711054000,대구광역시 중구 삼덕1.2가동,,,,,name_not_found,0
2711054500,대구광역시 중구 삼덕동,2201054,대구광역시 중구 삼덕동,1099695.0,1763846.0,matched,1
2711055000,대구광역시 중구 삼덕3가동,,,,,name_not_found,0
2711056000,대구광역시 중구 봉산동,,,,,name_not_found,0
2711056500,대구광역시 중구 성내1동,2201056,대구광역시 중구 성내1동,1099041.0,1764403.0,matched,1
2711057000,대구광역시 중구 동성동,,,,,name_not_found,0
2711057500,대구광역시 중구 성내2동,2201059,대구광역시 중구 성내2동,1098326.0,1764323.0,matched,1
2711058000,대구광역시 중구 서성동,,,,,name_not_found,0
2711058500,대구광역시 중구 성내3동,2201061,대구광역시 중구 성내3동,1097712.0,1764999.0,matched,1
2711059000,대구광역시 중구 남성동,,,,,name_not_found,0
2711059500,대구광역시 중구 대신동,2201062,대구광역시 중구 대신동,1097407.0,1763941.0,matched,1
2711060000,대구광역시 중구 북성동,,,,,name_not_found,0
2711061000,대구광역시 중구 달성동,,,,,name_not_found,0
2711062000,대구광역시 중구 대신1동,,,,,name_not_found,0
2711063000,대구광역시 중구 대신2동,,,,,name_not_found,0
2711064000,대구광역시 중구 남산1동,2201064,대구광역시 중구 남산1동,1098644.0,1763219.0,matched,1
2711065000,대구광역시 중구 남산2동,2201065,대구광역시 중구 남산2동,1098261.0,1763811.0,matched,1
2711066000,대구광역시 중구 남산3동,2201066,대구광역시 중구 남산3동,1098049.0,1763141.0,matched,1
2711067000,대구광역시 중구 남산4동,2201067,대구광역시 중구 남산4동,1097339.0,1763345.0,matched,1
2711068000,대구광역시 중구 대봉1동,2201068,대구광역시 중구 대봉1동,1099729.0,1763102.0,matched,1
2711069000,대구광역시 중구 대봉2동,2201069,대구광역시 중구 대봉2동,1099201.0,1763007.0,matched,1
2714000000,대구광역시 동구,,,,,name_not_found,0
2714051000,대구광역시 동구 신암1동,2202051,대구광역시 동구 신암1동,1100948.0,1766103.0,matched,1
2714052000,대구광역시 동구 신암2동,2202052,대구광역시 동구 신암2동,1100371.0,1765262.0,matched,1
2714053000,대구광역시 동구 신암3동,2202053,대구광역시 동구 신암3동,1101180.0,1765466.0,matched,1
2714054000,대구광역시 동구 신암4동,2202054,대구광역시 동구 신암4동,1101842.0,1765927.0,matched,1
2714054100,대구광역시 동구 신암5동,2202055,대구광역시 동구 신암5동,1102369.0,1766403.0,matched,1
2714055000,대구광역시 동구 신천1동,,,,,name_not_found,0
2714055500,대구광역시 동구 신천1.2동,,,,,name_not_found,0
2714056000,대구광역시 동구 신천2동,,,,,name_not_found,0
2714057000,대구광역시 동구 신천3동,2202058,대구광역시 동구 신천3동,1101274.0,1764772.0,matched,1
2714058000,대구광역시 동구 신천4동,2202059,대구광역시 동구 신천4동,1101989.0,1764621.0,matched,1
2714059000,대구광역시 동구 효목1동,2202060,대구광역시 동구 효목1동,1103506.0,1765644.0,matched,1
2714060000,대구광역시 동구 효목2동,2202061,대구광역시 동구 효목2동,1102740.0,1765108.0,matched,1
2714061000,대구광역시 동구 평광동,,,,,name_not_found,0
2714061500,대구광역시 동구 도평동,2202062,대구광역시 동구 도평동,1107082.0,1770633.0,matched,1
2714062000,대구광역시 동구 불로.봉무동,,,,,name_not_found,0
2714063000,대구광역시 동구 도동,,,,,name_not_found,0
2714064000,대구광역시 동구 지저동,2202065,대구광역시 동구 지저동,1103057.0,1767609.0,matched,1
2714065000,대구광역시 동구 입석동,,,,,name_not_found,0
2714065500,대구광역시 동구 동촌동,2202066,대구광역시 동구 동촌동,1104015.0,1766978.0,matched,1
2714066000,대구광역시 동구 검사동,,,,,name_not_found,0
2714067000,대구광역시 동구 방촌동,2202068,대구광역시 동구 방촌동,1105131.0,1765215.0,matched,1
2714068000,대구광역시 동구 둔산.부동,,,,,name_not_found,0
2714068500,대구광역시 동구 해안동,2202069,대구광역시 동구 해안동,1106949.0,1767521.0,matched,1
2714069000,대구광역시 동구 신평동,,,,,name_not_found,0
2714070000,대구광역시 동구 공산1동,,,,,name_not_found,0
2714071000,대구광역시 동구 공산2동,,,,,name_not_found,0
2714072000,대구광역시 동구 안심1동,2202073,대구광역시 동구 안심1동,1107953.0,1763881.0,matched,1
2714073000,대구광역시 동구 안심2동,2202074,대구광역시 동구 안심2동,1109507.0,1767968.0,matched,1
2714074000,대구광역시 동구 안심3동,2202076,대구광역시 동구 안심3동,1111814.0,1763716.0,matched,1
2714074200,대구광역시 동구 안심3동,2202076,대구광역시 동구 안심3동,1111814.0,1763716.0,matched,1
2714074500,대구광역시 동구 안심3.4동,,,,,name_not_found,0
2714074700,대구광역시 동구 안심4동,2202077,대구광역시 동구 안심4동,1109891.0,1764391.0,matched,1
2714075000,대구광역시 동구 안심4동,2202077,대구광역시 동구 안심4동,1109891.0,1764391.0,matched,1
2714075500,대구광역시 동구 혁신동,2202078,대구광역시 동구 혁신동,1111728.0,1766794.0,matched,1
2714076000,대구광역시 동구 공산동,2202071,대구광역시 동구 공산동,1106136.0,1776023.0,matched,1
2714500000,대구광역시 동구안심출장소,,,,,name_not_found,0
2717000000,대구광역시 서구,,,,,name_not_found,0
2717051000,대구광역시 서구 내당1동,2203051,대구광역시 서구 내당1동,1095858.0,1763457.0,matched,1
2717052000,대구광역시 서구 내당2동,,,,,name_not_found,0
2717052500,대구광역시 서구 내당2.3동,,,,,name_not_found,0
2717053000,대구광역시 서구 내당3동,,,,,name_not_found,0
2717054000,대구광역시 서구 내당4동,2203053,대구광역시 서구 내당4동,1094870.0,1763113.0,matched,1
2717055000,대구광역시 서구 비산1동,2203054,대구광역시 서구 비산1동,1096293.0,1765720.0,matched,1
2717056000,대구광역시 서구 비산2동,,,,,name_not_found,0
2717056500,대구광역시 서구 비산2.3동,,,,,name_not_found,0
2717057000,대구광역시 서구 비산3동,,,,,name_not_found,0
2717058000,대구광역시 서구 비산4동,2203056,대구광역시 서구 비산4동,1096770.0,1764387.0,matched,1
2717059000,대구광역시 서구 비산5동,2203057,대구광역시 서구 비산5동,1096421.0,1766155.0,matched,1
2717060000,대구광역시 서구 비산6동,2203058,대구광역시 서구 비산6동,1096524.0,1764875.0,matched,1
2717061000,대구광역시 서구 비산7동,2203059,대구광역시 서구 비산7동,1094749.0,1766195.0,matched,1
2717062000,대구광역시 서구 평리1동,2203060,대구광역시 서구 평리1동,1096159.0,1765152.0,matched,1
2717063000,대구광역시 서구 평리2동,2203061,대구광역시 서구 평리2동,1096214.0,1764149.0,matched,1
2717064000,대구광역시 서구 평리3동,2203062,대구광역시 서구 평리3동,1095585.0,1764905.0,matched,1
2717065000,대구광역시 서구 평리4동,2203063,대구광역시 서구 평리4동,1095463.0,1764063.0,matched,1
2717066000,대구광역시 서구 평리5동,2203064,대구광역시 서구 평리5동,1094863.0,1764570.0,matched,1
2717066100,대구광역시 서구 평리6동,2203065,대구광역시 서구 평리6동,1094890.0,1765326.0,matched,1
2717067000,대구광역시 서구 상이동,,,,,name_not_found,0
2717067500,대구광역시 서구 상중이동,2203066,대구광역시 서구 상중이동,1093398.0,1764490.0,matched,1
2717068000,대구광역시 서구 중리동,,,,,name_not_found,0
2717069000,대구광역시 서구 원대1.2가동,,,,,name_not_found,0
2717069500,대구광역시 서구 원대동,2203068,대구광역시 서구 원대동,1097169.0,1765804.0,matched,1
2717070000,대구광역시 서구 원대3가동,,,,,name_not_found,0
2720000000,대구광역시 남구,,,,,name_not_found,0
2720051000,대구광역시 남구 이천1동,,,,,name_not_found,0
2720051500,대구광역시 남구 이천동,2204051,대구광역시 남구 이천동,1099522.0,1762214.0,matched,1
2720052000,대구광역시 남구 이천2동,,,,,name_not_found,0
2720053000,대구광역시 남구 봉덕1동,2204053,대구광역시 남구 봉덕1동,1099179.0,1761762.0,matched,1
2720054000,대구광역시 남구 봉덕2동,2204054,대구광역시 남구 봉덕2동,1099265.0,1759205.0,matched,1
2720055000,대구광역시 남구 봉덕3동,2204055,대구광역시 남구 봉덕3동,1098701.0,1760016.0,matched,1
2720056000,대구광역시 남구 대명1동,2204056,대구광역시 남구 대명1동,1097183.0,1761254.0,matched,1
2720057000,대구광역시 남구 대명2동,2204057,대구광역시 남구 대명2동,1098400.0,1762323.0,matched,1
2720057100,대구광역시 남구 대명2동,2204057,대구광역시 남구 대명2동,1098400.0,1762323.0,matched,1
2720057500,대구광역시 남구 대명2.8동,,,,,name_not_found,0
2720058000,대구광역시 남구 대명3동,2204058,대구광역시 남구 대명3동,1097448.0,1762380.0,matched,1
2720058500,대구광역시 남구 대명3.7동,,,,,name_not_found,0
2720058600,대구광역시 남구 대명3동,2204058,대구광역시 남구 대명3동,1097448.0,1762380.0,matched,1
2720059000,대구광역시 남구 대명4동,2204059,대구광역시 남구 대명4동,1096709.0,1761838.0,matched,1
2720060000,대구광역시 남구 대명5동,2204060,대구광역시 남구 대명5동,1098085.0,1761392.0,matched,1
2720061000,대구광역시 남구 대명6동,2204061,대구광역시 남구 대명6동,1096877.0,1759623.0,matched,1
2720062000,대구광역시 남구 대명7동,,,,,name_not_found,0
2720063000,대구광역시 남구 대명8동,,,,,name_not_found,0
2720064000,대구광역시 남구 대명9동,2204064,대구광역시 남구 대명9동,1097848.0,1759682.0,matched,1
2720065000,대구광역시 남구 대명10동,2204065,대구광역시 남구 대명10동,1096337.0,1761189.0,matched,1
2720066000,대구광역시 남구 대명11동,2204066,대구광역시 남구 대명11동,1095972.0,1759911.0,matched,1
2723000000,대구광역시 북구,,,,,name_not_found,0
2723051000,대구광역시 북구 고성동,2205051,대구광역시 북구 고성동,1097938.0,1765505.0,matched,1
2723052000,대구광역시 북구 칠성1가동,,,,,name_not_found,0
2723052500,대구광역시 북구 칠성1동,,,,,name_not_found,0
2723052600,대구광역시 북구 칠성동,2205052,대구광역시 북구 칠성동,1099018.0,1765300.0,matched,1
2723053000,대구광역시 북구 칠성2가1동,,,,,name_not_found,0
2723053500,대구광역시 북구 칠성2동,,,,,name_not_found,0
2723054000,대구광역시 북구 칠성2가2동,,,,,name_not_found,0
2723055000,대구광역시 북구 침산1동,2205055,대구광역시 북구 침산1동,1097767.0,1767551.0,matched,1
2723056000,대구광역시 북구 침산2동,2205056,대구광역시 북구 침산2동,1098877.0,1766142.0,matched,1
2723057000,대구광역시 북구 침산3동,2205057,대구광역시 북구 침산3동,1098204.0,1766733.0,matched,1
2723058000,대구광역시 북구 노원1.2가동,,,,,name_not_found,0
2723058500,대구광역시 북구 노원1.2동,,,,,name_not_found,0
2723059000,대구광역시 북구 노원3가1동,,,,,name_not_found,0
2723059500,대구광역시 북구 노원3동,,,,,name_not_found,0
2723060000,대구광역시 북구 노원3가2동,,,,,name_not_found,0
2723061000,대구광역시 북구 산격1동,2205061,대구광역시 북구 산격1동,1098942.0,1767288.0,matched,1
2723062000,대구광역시 북구 산격2동,2205062,대구광역시 북구 산격2동,1099973.0,1768329.0,matched,1
2723063000,대구광역시 북구 산격3동,2205063,대구광역시 북구 산격3동,1100163.0,1766738.0,matched,1
2723063100,대구광역시 북구 산격4동,2205064,대구광역시 북구 산격4동,1099538.0,1766955.0,matched,1
2723064000,대구광역시 북구 대현1동,,,,,name_not_found,0
2723064500,대구광역시 북구 대현동,2205084,대구광역시 북구 대현동,1099928.0,1765703.0,matched,1
2723065000,대구광역시 북구 대현2동,,,,,name_not_found,0
2723066000,대구광역시 북구 대현3동,,,,,name_not_found,0
2723067100,대구광역시 북구 복현1동,2205065,대구광역시 북구 복현1동,1100754.0,1766945.0,matched,1
2723067200,대구광역시 북구 복현2동,2205066,대구광역시 북구 복현2동,1101361.0,1767486.0,matched,1
2723068000,대구광역시 북구 검단동,2205070,대구광역시 북구 검단동,1101280.0,1769533.0,matched,1
2723069000,대구광역시 북구 무태동,,,,,name_not_found,0
2723069500,대구광역시 북구 무태조야동,2205071,대구광역시 북구 무태조야동,1099376.0,1771779.0,matched,1
2723070000,대구광역시 북구 조야동,,,,,name_not_found,0
2723071000,대구광역시 북구 노곡동,,,,,name_not_found,0
2723071500,대구광역시 북구 관문동,2205075,대구광역시 북구 관문동,1093584.0,1768090.0,matched,1
2723072000,대구광역시 북구 칠곡1동,,,,,name_not_found,0
2723072500,대구광역시 북구 태전1동,2205078,대구광역시 북구 태전1동,1093821.0,1770404.0,matched,1
2723073000,대구광역시 북구 칠곡2동,,,,,name_not_found,0
2723073500,대구광역시 북구 태전2동,2205074,대구광역시 북구 태전2동,1094881.0,1769623.0,matched,1
2723074000,대구광역시 북구 칠곡3동,,,,,name_not_found,0
2723074500,대구광역시 북구 구암동,2205079,대구광역시 북구 구암동,1096288.0,1771173.0,matched,1
2723075000,대구광역시 북구 관음동,2205077,대구광역시 북구 관음동,1093822.0,1772518.0,matched,1
2723076000,대구광역시 북구 태전동,,,,,name_not_found,0
2723077000,대구광역시 북구 읍내동,2205076,대구광역시 북구 읍내동,1094280.0,1774136.0,matched,1
2723078000,대구광역시 북구 동천동,2205082,대구광역시 북구 동천동,1095531.0,1771918.0,matched,1
2723079000,대구광역시 북구 노원동,2205081,대구광역시 북구 노원동,1096510.0,1766978.0,matched,1
2723080000,대구광역시 북구 국우동,2205083,대구광역시 북구 국우동,1097497.0,1774258.0,matched,1
2723500000,대구광역시 북구칠곡출장소,,,,,name_not_found,0
2726000000,대구광역시 수성구,,,,,name_not_found,0
2726051000,대구광역시 수성구 범어1동,2206051,대구광역시 수성구 범어1동,1101763.0,1762512.0,matched,1
2726052000,대구광역시 수성구 범어2동,2206052,대구광역시 수성구 범어2동,1102323.0,1763509.0,matched,1
2726053000,대구광역시 수성구 범어3동,2206053,대구광역시 수성구 범어3동,1101390.0,1763640.0,matched,1
2726054000,대구광역시 수성구 범어4동,2206054,대구광역시 수성구 범어4동,1102777.0,1762529.0,matched,1
2726055000,대구광역시 수성구 만촌1동,2206055,대구광역시 수성구 만촌1동,1103778.0,1764606.0,matched,1
2726056000,대구광역시 수성구 만촌2동,2206056,대구광역시 수성구 만촌2동,1103828.0,1763376.0,matched,1
2726056100,대구광역시 수성구 만촌3동,2206057,대구광역시 수성구 만촌3동,1103871.0,1762167.0,matched,1
2726057000,대구광역시 수성구 수성1가동,2206058,대구광역시 수성구 수성1가동,1100306.0,1762647.0,matched,1
2726058000,대구광역시 수성구 수성2.3가동,,,,,name_not_found,0
2726059000,대구광역시 수성구 수성4가동,2206060,대구광역시 수성구 수성4가동,1100779.0,1763475.0,matched,1
2726060100,대구광역시 수성구 황금1동,2206061,대구광역시 수성구 황금1동,1102753.0,1761088.0,matched,1
2726060200,대구광역시 수성구 황금2동,2206062,대구광역시 수성구 황금2동,1101372.0,1761550.0,matched,1
2726061000,대구광역시 수성구 중동,2206063,대구광역시 수성구 중동,1100447.0,1761491.0,matched,1
2726062000,대구광역시 수성구 상동,2206064,대구광역시 수성구 상동,1100391.0,1760220.0,matched,1
2726063000,대구광역시 수성구 파동,2206065,대구광역시 수성구 파동,1100656.0,1757906.0,matched,1
2726064000,대구광역시 수성구 두산동,2206066,대구광역시 수성구 두산동,1101217.0,1759693.0,matched,1
2726065100,대구광역시 수성구 지산1동,2206067,대구광역시 수성구 지산1동,1102769.0,1759891.0,matched,1
2726065200,대구광역시 수성구 지산2동,2206068,대구광역시 수성구 지산2동,1102226.0,1758570.0,matched,1
2726066000,대구광역시 수성구 범물동,,,,,name_not_found,0
2726066100,대구광역시 수성구 범물1동,2206069,대구광역시 수성구 범물1동,1104837.0,1757685.0,matched,1
2726066200,대구광역시 수성구 범물2동,2206070,대구광역시 수성구 범물2동,1103379.0,1757704.0,matched,1
2726067000,대구광역시 수성구 고산1동,2206071,대구광역시 수성구 고산1동,1108354.0,1757898.0,matched,1
2726068000,대구광역시 수성구 고산2동,2206072,대구광역시 수성구 고산2동,1106312.0,1760842.0,matched,1
2726069000,대구광역시 수성구 고산3동,2206073,대구광역시 수성구 고산3동,1109636.0,1762040.0,matched,1
2729000000,대구광역시 달서구,,,,,name_not_found,0
2729051000,대구광역시 달서구 성당1동,,,,,name_not_found,0
2729051500,대구광역시 달서구 성당동,2207075,대구광역시 달서구 성당동,1095414.0,1761422.0,matched,1
2729052000,대구광역시 달서구 성당2동,,,,,name_not_found,0
2729053000,대구광역시 달서구 두류1동,,,,,name_not_found,0
2729053500,대구광역시 달서구 두류1.2동,,,,,name_not_found,0
2729054000,대구광역시 달서구 두류2동,,,,,name_not_found,0
2729055000,대구광역시 달서구 두류3동,2207055,대구광역시 달서구 두류3동,1095265.0,1762184.0,matched,1
2729055500,대구광역시 달서구 감삼동,2207057,대구광역시 달서구 감삼동,1093890.0,1761765.0,matched,1
2729056000,대구광역시 달서구 성서1동,,,,,name_not_found,0
2729056300,대구광역시 달서구 죽전동,2207058,대구광역시 달서구 죽전동,1093791.0,1762489.0,matched,1
2729056800,대구광역시 달서구 장기동,2207059,대구광역시 달서구 장기동,1092071.0,1761171.0,matched,1
2729057000,대구광역시 달서구 성서2동,,,,,name_not_found,0
2729057100,대구광역시 달서구 용산1동,2207072,대구광역시 달서구 용산1동,1092853.0,1762539.0,matched,1
2729057200,대구광역시 달서구 용산2동,2207073,대구광역시 달서구 용산2동,1092101.0,1763078.0,matched,1
2729057500,대구광역시 달서구 이곡동,,,,,name_not_found,0
2729057600,대구광역시 달서구 이곡1동,2207060,대구광역시 달서구 이곡1동,1091320.0,1762753.0,matched,1
2729057700,대구광역시 달서구 이곡2동,2207074,대구광역시 달서구 이곡2동,1090637.0,1762007.0,matched,1
2729058000,대구광역시 달서구 성서3동,,,,,name_not_found,0
2729058100,대구광역시 달서구 성서4동,,,,,name_not_found,0
2729058500,대구광역시 달서구 신당동,2207061,대구광역시 달서구 신당동,1088991.0,1761835.0,matched,1
2729059000,대구광역시 달서구 본리동,2207056,대구광역시 달서구 본리동,1093765.0,1760986.0,matched,1
2729060000,대구광역시 달서구 월배1동,,,,,name_not_found,0
2729060100,대구광역시 달서구 월성1동,2207077,대구광역시 달서구 월성1동,1092781.0,1759190.0,matched,1
2729060200,대구광역시 달서구 월성2동,2207063,대구광역시 달서구 월성2동,1090708.0,1759506.0,matched,1
2729061000,대구광역시 달서구 월배2동,,,,,name_not_found,0
2729061500,대구광역시 달서구 진천동,2207078,대구광역시 달서구 진천동,1092791.0,1756675.0,matched,1
2729062000,대구광역시 달서구 월배3동,,,,,name_not_found,0
2729062100,대구광역시 달서구 월배4동,,,,,name_not_found,0
2729062200,대구광역시 달서구 월배5동,,,,,name_not_found,0
2729062300,대구광역시 달서구 월배6동,,,,,name_not_found,0
2729062400,대구광역시 달서구 상인1동,2207065,대구광역시 달서구 상인1동,1094041.0,1758815.0,matched,1
2729062500,대구광역시 달서구 상인2동,2207066,대구광역시 달서구 상인2동,1093798.0,1757903.0,matched,1
2729062600,대구광역시 달서구 상인3동,2207067,대구광역시 달서구 상인3동,1096202.0,1757775.0,matched,1
2729062800,대구광역시 달서구 도원동,2207068,대구광역시 달서구 도원동,1095503.0,1755906.0,matched,1
2729063000,대구광역시 달서구 송현1동,2207069,대구광역시 달서구 송현1동,1095580.0,1759110.0,matched,1
2729064000,대구광역시 달서구 송현2동,2207070,대구광역시 달서구 송현2동,1094578.0,1759889.0,matched,1
2729065000,대구광역시 달서구 본동,2207071,대구광역시 달서구 본동,1093868.0,1760199.0,matched,1
2771000000,대구광역시 달성군,,,,,name_not_found,0
2771025000,대구광역시 달성군 화원읍,2231011,대구광역시 달성군 화원읍,1091457.0,1754948.0,matched,1
2771025300,대구광역시 달성군 논공읍,2231012,대구광역시 달성군 논공읍,1084481.0,1751011.0,matched,1
2771025400,대구광역시 달성군 논공읍공단출장소,,,,,name_not_found,0
2771025600,대구광역시 달성군 다사읍,2231013,대구광역시 달성군 다사읍,1087199.0,1764418.0,matched,1
2771025700,대구광역시 달성군 다사읍서재출장소,,,,,name_not_found,0
2771025900,대구광역시 달성군 유가읍,2231014,대구광역시 달성군 유가읍,1089391.0,1743476.0,matched,1
2771026200,대구광역시 달성군 옥포읍,2231015,대구광역시 달성군 옥포읍,1088465.0,1752874.0,matched,1
2771026500,대구광역시 달성군 현풍읍,2231016,대구광역시 달성군 현풍읍,1083755.0,1743965.0,matched,1
2771029000,대구광역시 달성군 논공읍공단출장소,,,,,name_not_found,0
2771031000,대구광역시 달성군 가창면,2231031,대구광역시 달성군 가창면,1101223.0,1751860.0,matched,1
2771032000,대구광역시 달성군 다사면,,,,,name_not_found,0
2771033000,대구광역시 달성군 하빈면,2231032,대구광역시 달성군 하빈면,1083869.0,1767230.0,matched,1
2771034000,대구광역시 달성군 옥포면,,,,,name_not_found,0
2771035000,대구광역시 달성군 논공면,,,,,name_not_found,0
2771035500,대구광역시 달성군 논공면공단출장소,,,,,name_not_found,0
2771036000,대구광역시 달성군 현풍면,,,,,name_not_found,0
2771037000,대구광역시 달성군 유가면,,,,,name_not_found,0
2771038000,대구광역시 달성군 구지면,2231036,대구광역시 달성군 구지면,1081747.0,1740449.0,matched,1
2800000000,인천광역시,,,,,name_not_found,0
2811000000,인천광역시 중구,,,,,name_not_found,0
2811051000,인천광역시 중구 중앙동,,,,,name_not_found,0
2811052000,인천광역시 중구 연안동,2301052,인천광역시 중구 연안동,921446.0,1940281.0,matched,1
2811053000,인천광역시 중구 신포동,2301053,인천광역시 중구 신포동,922758.0,1941294.0,matched,1
2811054000,인천광역시 중구 신흥동,2301054,인천광역시 중구 신흥동,922614.0,1938794.0,matched,1
2811055000,인천광역시 중구 신선동,,,,,name_not_found,0
2811056000,인천광역시 중구 도원동,2301056,인천광역시 중구 도원동,923951.0,1941331.0,matched,1
2811057000,인천광역시 중구 율목동,2301057,인천광역시 중구 율목동,923505.0,1941658.0,matched,1
2811058000,인천광역시 중구 내경동,,,,,name_not_found,0
2811058500,인천광역시 중구 동인천동,2301058,인천광역시 중구 동인천동,923070.0,1942136.0,matched,1
2811059000,인천광역시 중구 인현동,,,,,name_not_found,0
2811060000,인천광역시 중구 북성동,,,,,name_not_found,0
2811061000,인천광역시 중구 송월동,,,,,name_not_found,0
2811061500,인천광역시 중구 개항동,2301067,인천광역시 중구 개항동,921133.0,1942245.0,matched,1
2811062000,인천광역시 중구 영종동,2301065,인천광역시 중구 영종동,914494.0,1944616.0,matched,1
2811062200,인천광역시 중구 영종1동,2301066,인천광역시 중구 영종1동,917415.0,1944374.0,matched,1
2811062400,인천광역시 중구 영종출장중산지소,,,,,name_not_found,0
2811062500,인천광역시 중구 영종출장운서지소,,,,,name_not_found,0
2811062600,인천광역시 중구 영종용유운서지소,,,,,name_not_found,0
2811062700,인천광역시 중구 영종출장운서지소,,,,,name_not_found,0
2811062800,인천광역시 중구 운서동,2301064,인천광역시 중구 운서동,908063.0,1942009.0,matched,1
2811063000,인천광역시 중구 용유동,2301063,인천광역시 중구 용유동,902504.0,1940292.0,matched,1
2811063500,인천광역시 중구 용유동무의지소,,,,,name_not_found,0
2811063600,인천광역시 중구 영종용유무의지소,,,,,name_not_found,0
2811063700,인천광역시 중구 용유출장무의지소,,,,,name_not_found,0
2811400000,인천광역시 중구영종출장소,,,,,name_not_found,0
2811500000,인천광역시 중구영종출장소,,,,,name_not_found,0
2811600000,인천광역시 중구용유출장소,,,,,name_not_found,0
2811700000,인천광역시 중구영종용유출장소,,,,,name_not_found,0
2811800000,인천광역시 중구용유출장소,,,,,name_not_found,0
2814000000,인천광역시 동구,,,,,name_not_found,0
2814051000,인천광역시 동구 만석동,2302051,인천광역시 동구 만석동,922493.0,1943372.0,matched,1
2814052000,인천광역시 동구 화수1동,,,,,name_not_found,0
2814052500,인천광역시 동구 화수1.화평동,,,,,name_not_found,0
2814053000,인천광역시 동구 화수2동,2302053,인천광역시 동구 화수2동,923417.0,1943221.0,matched,1
2814054000,인천광역시 동구 화평동,,,,,name_not_found,0
2814055000,인천광역시 동구 송현1동,,,,,name_not_found,0
2814055500,인천광역시 동구 송현1.2동,,,,,name_not_found,0
2814056000,인천광역시 동구 송현2동,,,,,name_not_found,0
2814057000,인천광역시 동구 송현3동,2302057,인천광역시 동구 송현3동,924045.0,1943602.0,matched,1
2814058000,인천광역시 동구 송림1동,2302058,인천광역시 동구 송림1동,923839.0,1942110.0,matched,1
2814059000,인천광역시 동구 송림2동,2302059,인천광역시 동구 송림2동,924216.0,1942370.0,matched,1
2814060000,인천광역시 동구 송림3동,,,,,name_not_found,0
2814060500,인천광역시 동구 송림3.5동,,,,,name_not_found,0
2814061000,인천광역시 동구 송림4동,2302061,인천광역시 동구 송림4동,924972.0,1942586.0,matched,1
2814062000,인천광역시 동구 송림5동,,,,,name_not_found,0
2814063000,인천광역시 동구 송림6동,2302063,인천광역시 동구 송림6동,924686.0,1942838.0,matched,1
2814064000,인천광역시 동구 금창동,2302064,인천광역시 동구 금창동,924032.0,1941812.0,matched,1
2817000000,인천광역시 남구,,,,,name_not_found,0
2817051000,인천광역시 남구 숭의1동,,,,,name_not_found,0
2817052000,인천광역시 남구 숭의2동,,,,,name_not_found,0
2817053000,인천광역시 남구 숭의3동,,,,,name_not_found,0
2817053500,"인천광역시 남구 숭의1,3동",,,,,name_not_found,0
2817054000,인천광역시 남구 숭의4동,,,,,name_not_found,0
2817055000,인천광역시 남구 용현1동,,,,,name_not_found,0
2817055500,"인천광역시 남구 용현1,4동",,,,,name_not_found,0
2817056000,인천광역시 남구 용현2동,,,,,name_not_found,0
2817057000,인천광역시 남구 용현3동,,,,,name_not_found,0
2817058000,인천광역시 남구 용현4동,,,,,name_not_found,0
2817059000,인천광역시 남구 용현5동,,,,,name_not_found,0
2817060000,인천광역시 남구 학익1동,,,,,name_not_found,0
2817061000,인천광역시 남구 학익2동,,,,,name_not_found,0
2817062000,인천광역시 남구 옥련동,,,,,name_not_found,0
2817063000,인천광역시 남구 도화1동,,,,,name_not_found,0
2817064000,인천광역시 남구 도화2동,,,,,name_not_found,0
2817064500,"인천광역시 남구 도화2,3동",,,,,name_not_found,0
2817065000,인천광역시 남구 도화3동,,,,,name_not_found,0
2817066000,인천광역시 남구 주안1동,,,,,name_not_found,0
2817067000,인천광역시 남구 주안2동,,,,,name_not_found,0
2817068000,인천광역시 남구 주안3동,,,,,name_not_found,0
2817069000,인천광역시 남구 주안4동,,,,,name_not_found,0
2817070000,인천광역시 남구 주안5동,,,,,name_not_found,0
2817071000,인천광역시 남구 주안6동,,,,,name_not_found,0
2817072000,인천광역시 남구 주안7동,,,,,name_not_found,0
2817073000,인천광역시 남구 주안8동,,,,,name_not_found,0
2817073500,인천광역시 남구 관교동,,,,,name_not_found,0
2817074000,인천광역시 남구 문학동,,,,,name_not_found,0
2817075000,인천광역시 남구 선학동,,,,,name_not_found,0
2817076100,인천광역시 남구 연수1동,,,,,name_not_found,0
2817076200,인천광역시 남구 연수2동,,,,,name_not_found,0
2817076600,인천광역시 남구 청학동,,,,,name_not_found,0
2817077000,인천광역시 남구 동춘동,,,,,name_not_found,0
2817700000,인천광역시 미추홀구,,,,,name_not_found,0
2817751000,인천광역시 미추홀구 숭의2동,2309052,인천광역시 미추홀구 숭의2동,924612.0,1940623.0,matched,1
2817752000,인천광역시 미추홀구 숭의1.3동,,,,,name_not_found,0
2817753000,인천광역시 미추홀구 숭의4동,2309054,인천광역시 미추홀구 숭의4동,925459.0,1940674.0,matched,1
2817754000,인천광역시 미추홀구 용현1.4동,,,,,name_not_found,0
2817755000,인천광역시 미추홀구 용현2동,2309056,인천광역시 미추홀구 용현2동,924232.0,1940098.0,matched,1
2817756000,인천광역시 미추홀구 용현3동,2309057,인천광역시 미추홀구 용현3동,925066.0,1939902.0,matched,1
2817757000,인천광역시 미추홀구 용현5동,2309059,인천광역시 미추홀구 용현5동,923882.0,1939208.0,matched,1
2817758000,인천광역시 미추홀구 학익1동,2309060,인천광역시 미추홀구 학익1동,924981.0,1938087.0,matched,1
2817759000,인천광역시 미추홀구 학익2동,2309061,인천광역시 미추홀구 학익2동,926611.0,1938559.0,matched,1
2817760000,인천광역시 미추홀구 도화1동,2309062,인천광역시 미추홀구 도화1동,926620.0,1940655.0,matched,1
2817761000,인천광역시 미추홀구 도화2.3동,,,,,name_not_found,0
2817762000,인천광역시 미추홀구 주안1동,2309065,인천광역시 미추홀구 주안1동,927545.0,1940627.0,matched,1
2817763000,인천광역시 미추홀구 주안2동,2309066,인천광역시 미추홀구 주안2동,926760.0,1939891.0,matched,1
2817764000,인천광역시 미추홀구 주안3동,2309067,인천광역시 미추홀구 주안3동,928100.0,1939135.0,matched,1
2817765000,인천광역시 미추홀구 주안4동,2309068,인천광역시 미추홀구 주안4동,928100.0,1939783.0,matched,1
2817766000,인천광역시 미추홀구 주안5동,2309069,인천광역시 미추홀구 주안5동,927539.0,1941424.0,matched,1
2817767000,인천광역시 미추홀구 주안6동,2309070,인천광역시 미추홀구 주안6동,928438.0,1940507.0,matched,1
2817768000,인천광역시 미추홀구 주안7동,2309071,인천광역시 미추홀구 주안7동,927278.0,1938970.0,matched,1
2817769000,인천광역시 미추홀구 주안8동,2309072,인천광역시 미추홀구 주안8동,927924.0,1939136.0,matched,1
2817770000,인천광역시 미추홀구 관교동,2309073,인천광역시 미추홀구 관교동,928875.0,1938485.0,matched,1
2817771000,인천광역시 미추홀구 문학동,2309074,인천광역시 미추홀구 문학동,927949.0,1937801.0,matched,1
2818500000,인천광역시 연수구,,,,,name_not_found,0
2818562000,인천광역시 연수구 옥련동,,,,,name_not_found,0
2818563000,인천광역시 연수구 옥련1동,2304051,인천광역시 연수구 옥련1동,924760.0,1936005.0,matched,1
2818564000,인천광역시 연수구 옥련2동,2304060,인천광역시 연수구 옥련2동,924492.0,1936958.0,matched,1
2818575000,인천광역시 연수구 선학동,2304052,인천광역시 연수구 선학동,929014.0,1937008.0,matched,1
2818576100,인천광역시 연수구 연수1동,2304053,인천광역시 연수구 연수1동,927441.0,1936533.0,matched,1
2818576200,인천광역시 연수구 연수2동,2304054,인천광역시 연수구 연수2동,927779.0,1935218.0,matched,1
2818576300,인천광역시 연수구 연수3동,2304055,인천광역시 연수구 연수3동,928177.0,1935911.0,matched,1
2818576600,인천광역시 연수구 청학동,2304056,인천광역시 연수구 청학동,926093.0,1936510.0,matched,1
2818577000,인천광역시 연수구 동춘동,,,,,name_not_found,0
2818578000,인천광역시 연수구 동춘1동,2304057,인천광역시 연수구 동춘1동,925629.0,1934729.0,matched,1
2818579000,인천광역시 연수구 동춘2동,2304058,인천광역시 연수구 동춘2동,926624.0,1933861.0,matched,1
2818579500,인천광역시 연수구 동춘3동,2304059,인천광역시 연수구 동춘3동,927267.0,1934623.0,matched,1
2818580000,인천광역시 연수구 청량동,,,,,name_not_found,0
2818581000,인천광역시 연수구 송도동,,,,,name_not_found,0
2818582000,인천광역시 연수구 송도1동,2304064,인천광역시 연수구 송도1동,924462.0,1931820.0,matched,1
2818583000,인천광역시 연수구 송도2동,2304066,인천광역시 연수구 송도2동,923874.0,1933843.0,matched,1
2818584000,인천광역시 연수구 송도3동,2304065,인천광역시 연수구 송도3동,926035.0,1930701.0,matched,1
2818585000,인천광역시 연수구 송도4동,2304068,인천광역시 연수구 송도4동,922351.0,1932864.0,matched,1
2818586000,인천광역시 연수구 송도5동,2304069,인천광역시 연수구 송도5동,922092.0,1935728.0,matched,1
2820000000,인천광역시 남동구,,,,,name_not_found,0
2820051000,인천광역시 남동구 구월1동,2305051,인천광역시 남동구 구월1동,930328.0,1938700.0,matched,1
2820052000,인천광역시 남동구 구월2동,2305052,인천광역시 남동구 구월2동,930464.0,1939985.0,matched,1
2820052100,인천광역시 남동구 구월3동,2305053,인천광역시 남동구 구월3동,929383.0,1939120.0,matched,1
2820052200,인천광역시 남동구 구월4동,2305054,인천광역시 남동구 구월4동,931234.0,1939089.0,matched,1
2820053000,인천광역시 남동구 간석1동,2305055,인천광역시 남동구 간석1동,929268.0,1940343.0,matched,1
2820054000,인천광역시 남동구 간석2동,2305056,인천광역시 남동구 간석2동,930249.0,1940525.0,matched,1
2820055000,인천광역시 남동구 간석3동,2305057,인천광역시 남동구 간석3동,930628.0,1941418.0,matched,1
2820055100,인천광역시 남동구 간석4동,2305058,인천광역시 남동구 간석4동,929089.0,1941131.0,matched,1
2820056000,인천광역시 남동구 만수1동,2305059,인천광역시 남동구 만수1동,932360.0,1939321.0,matched,1
2820057000,인천광역시 남동구 만수2동,2305060,인천광역시 남동구 만수2동,932428.0,1940950.0,matched,1
2820058000,인천광역시 남동구 만수3동,2305061,인천광역시 남동구 만수3동,931706.0,1941259.0,matched,1
2820058100,인천광역시 남동구 만수4동,2305062,인천광역시 남동구 만수4동,932586.0,1940074.0,matched,1
2820058200,인천광역시 남동구 만수5동,2305063,인천광역시 남동구 만수5동,931578.0,1940084.0,matched,1
2820058300,인천광역시 남동구 만수6동,2305064,인천광역시 남동구 만수6동,932775.0,1938354.0,matched,1
2820059000,인천광역시 남동구 장수동,,,,,name_not_found,0
2820060000,인천광역시 남동구 서창동,,,,,name_not_found,0
2820061000,인천광역시 남동구 도림동,,,,,name_not_found,0
2820062000,인천광역시 남동구 논현동,,,,,name_not_found,0
2820063000,인천광역시 남동구 고잔동,,,,,name_not_found,0
2820064000,인천광역시 남동구 남촌동,,,,,name_not_found,0
2820065000,인천광역시 남동구 장수서창동,2305075,인천광역시 남동구 장수서창동,934613.0,1939366.0,matched,1
2820065500,인천광역시 남동구 서창2동,2305076,인천광역시 남동구 서창2동,933491.0,1936691.0,matched,1
2820066000,인천광역시 남동구 남촌도림동,2305067,인천광역시 남동구 남촌도림동,931064.0,1936560.0,matched,1
2820067000,인천광역시 남동구 논현고잔동,2305074,인천광역시 남동구 논현고잔동,929381.0,1933101.0,matched,1
2820068000,인천광역시 남동구 논현동,,,,,name_not_found,0
2820069000,인천광역시 남동구 논현1동,2305072,인천광역시 남동구 논현1동,932633.0,1934790.0,matched,1
2820070000,인천광역시 남동구 논현2동,2305073,인천광역시 남동구 논현2동,929918.0,1934569.0,matched,1
2820071000,인천광역시 남동구 논현고잔동,2305074,인천광역시 남동구 논현고잔동,929381.0,1933101.0,matched,1
2823000000,인천광역시 북구,,,,,name_not_found,0
2823051000,인천광역시 북구 부평1동,,,,,name_not_found,0
2823052000,인천광역시 북구 부평2동,,,,,name_not_found,0
2823053000,인천광역시 북구 부평3동,,,,,name_not_found,0
2823054000,인천광역시 북구 부평4동,,,,,name_not_found,0
2823055000,인천광역시 북구 부평5동,,,,,name_not_found,0
2823056000,인천광역시 북구 부평6동,,,,,name_not_found,0
2823057000,인천광역시 북구 산곡1동,,,,,name_not_found,0
2823058000,인천광역시 북구 산곡2동,,,,,name_not_found,0
2823058100,인천광역시 북구 산곡3동,,,,,name_not_found,0
2823058200,인천광역시 북구 산곡4동,,,,,name_not_found,0
2823059100,인천광역시 북구 청천1동,,,,,name_not_found,0
2823059200,인천광역시 북구 청천2동,,,,,name_not_found,0
2823060100,인천광역시 북구 효성1동,,,,,name_not_found,0
2823060200,인천광역시 북구 효성2동,,,,,name_not_found,0
2823061100,인천광역시 북구 계산1동,,,,,name_not_found,0
2823061200,인천광역시 북구 계산2동,,,,,name_not_found,0
2823061300,인천광역시 북구 계산3동,,,,,name_not_found,0
2823062100,인천광역시 북구 작전1동,,,,,name_not_found,0
2823062200,인천광역시 북구 작전2동,,,,,name_not_found,0
2823062300,인천광역시 북구 작전3동,,,,,name_not_found,0
2823063000,인천광역시 북구 서운동,,,,,name_not_found,0
2823064100,인천광역시 북구 갈산1동,,,,,name_not_found,0
2823064200,인천광역시 북구 갈산2동,,,,,name_not_found,0
2823064500,인천광역시 북구 삼산동,,,,,name_not_found,0
2823065000,인천광역시 북구 부개1동,,,,,name_not_found,0
2823066000,인천광역시 북구 부개2동,,,,,name_not_found,0
2823066100,인천광역시 북구 부개3동,,,,,name_not_found,0
2823067000,인천광역시 북구 일신동,,,,,name_not_found,0
2823068000,인천광역시 북구 십정1동,,,,,name_not_found,0
2823069000,인천광역시 북구 십정2동,,,,,name_not_found,0
2823071000,인천광역시 북구 계양1동,,,,,name_not_found,0
2823072000,인천광역시 북구 계양2동,,,,,name_not_found,0
2823500000,인천광역시 북구계양출장소,,,,,name_not_found,0
2823700000,인천광역시 부평구,,,,,name_not_found,0
2823751000,인천광역시 부평구 부평1동,2306051,인천광역시 부평구 부평1동,931078.0,1944381.0,matched,1
2823752000,인천광역시 부평구 부평2동,2306052,인천광역시 부평구 부평2동,931151.0,1942491.0,matched,1
2823753000,인천광역시 부평구 부평3동,2306053,인천광역시 부평구 부평3동,929909.0,1943080.0,matched,1
2823754000,인천광역시 부평구 부평4동,2306054,인천광역시 부평구 부평4동,931589.0,1944972.0,matched,1
2823755000,인천광역시 부평구 부평5동,2306055,인천광역시 부평구 부평5동,931976.0,1944310.0,matched,1
2823756000,인천광역시 부평구 부평6동,2306056,인천광역시 부평구 부평6동,931670.0,1943290.0,matched,1
2823757000,인천광역시 부평구 산곡1동,2306057,인천광역시 부평구 산곡1동,928863.0,1945351.0,matched,1
2823758000,인천광역시 부평구 산곡2동,2306058,인천광역시 부평구 산곡2동,929770.0,1945228.0,matched,1
2823758100,인천광역시 부평구 산곡3동,2306059,인천광역시 부평구 산곡3동,929756.0,1943956.0,matched,1
2823758200,인천광역시 부평구 산곡4동,2306060,인천광역시 부평구 산곡4동,930350.0,1944913.0,matched,1
2823759100,인천광역시 부평구 청천1동,2306061,인천광역시 부평구 청천1동,928781.0,1946820.0,matched,1
2823759200,인천광역시 부평구 청천2동,2306062,인천광역시 부평구 청천2동,930479.0,1946501.0,matched,1
2823764100,인천광역시 부평구 갈산1동,2306063,인천광역시 부평구 갈산1동,931670.0,1946882.0,matched,1
2823764200,인천광역시 부평구 갈산2동,2306064,인천광역시 부평구 갈산2동,931671.0,1946070.0,matched,1
2823764500,인천광역시 부평구 삼산동,,,,,name_not_found,0
2823764600,인천광역시 부평구 삼산1동,2306065,인천광역시 부평구 삼산1동,933451.0,1947055.0,matched,1
2823764800,인천광역시 부평구 삼산2동,2306072,인천광역시 부평구 삼산2동,932617.0,1946186.0,matched,1
2823765000,인천광역시 부평구 부개1동,2306066,인천광역시 부평구 부개1동,932446.0,1943012.0,matched,1
2823766000,인천광역시 부평구 부개2동,2306067,인천광역시 부평구 부개2동,932628.0,1944034.0,matched,1
2823766100,인천광역시 부평구 부개3동,2306068,인천광역시 부평구 부개3동,932663.0,1945049.0,matched,1
2823767000,인천광역시 부평구 일신동,2306069,인천광역시 부평구 일신동,933571.0,1942027.0,matched,1
2823768000,인천광역시 부평구 십정1동,2306070,인천광역시 부평구 십정1동,928800.0,1942401.0,matched,1
2823769000,인천광역시 부평구 십정2동,2306071,인천광역시 부평구 십정2동,929492.0,1941837.0,matched,1
2824500000,인천광역시 계양구,,,,,name_not_found,0
2824560100,인천광역시 계양구 효성1동,2307051,인천광역시 계양구 효성1동,930051.0,1948614.0,matched,1
2824560200,인천광역시 계양구 효성2동,2307052,인천광역시 계양구 효성2동,929026.0,1948179.0,matched,1
2824561100,인천광역시 계양구 계산1동,2307053,인천광역시 계양구 계산1동,930940.0,1949331.0,matched,1
2824561200,인천광역시 계양구 계산2동,2307054,인천광역시 계양구 계산2동,931117.0,1950198.0,matched,1
2824561300,인천광역시 계양구 계산3동,2307055,인천광역시 계양구 계산3동,932124.0,1949189.0,matched,1
2824561400,인천광역시 계양구 계산4동,2307062,인천광역시 계양구 계산4동,932853.0,1949067.0,matched,1
2824562100,인천광역시 계양구 작전1동,2307056,인천광역시 계양구 작전1동,931950.0,1948068.0,matched,1
2824562200,인천광역시 계양구 작전2동,2307057,인천광역시 계양구 작전2동,931204.0,1948317.0,matched,1
2824562300,인천광역시 계양구 작전3동,,,,,name_not_found,0
2824563000,인천광역시 계양구 서운동,,,,,name_not_found,0
2824564000,인천광역시 계양구 작전서운동,2307058,인천광역시 계양구 작전서운동,933548.0,1948159.0,matched,1
2824571000,인천광역시 계양구 계양1동,2307063,인천광역시 계양구 계양1동,931653.0,1952765.0,matched,1
2824572000,인천광역시 계양구 계양2동,2307061,인천광역시 계양구 계양2동,932950.0,1950205.0,matched,1
2824573000,인천광역시 계양구 계양3동,2307064,인천광역시 계양구 계양3동,935100.0,1952471.0,matched,1
2826000000,인천광역시 서구,,,,,name_not_found,0
2826051000,인천광역시 서구 검암동,,,,,name_not_found,0
2826051500,인천광역시 서구 검암경서동,2308051,인천광역시 서구 검암경서동,925409.0,1951848.0,matched,1
2826052000,인천광역시 서구 경서동,,,,,name_not_found,0
2826053000,인천광역시 서구 연희동,2308053,인천광역시 서구 연희동,927827.0,1950153.0,matched,1
2826053500,인천광역시 서구 청라동,,,,,name_not_found,0
2826053600,인천광역시 서구 청라1동,2308074,인천광역시 서구 청라1동,925373.0,1948299.0,matched,1
2826053700,인천광역시 서구 청라2동,2308078,인천광역시 서구 청라2동,924091.0,1948605.0,matched,1
2826053900,인천광역시 서구 청라3동,2308079,인천광역시 서구 청라3동,922265.0,1948648.0,matched,1
2826054200,인천광역시 서구 가정1동,2308054,인천광역시 서구 가정1동,926758.0,1948054.0,matched,1
2826054300,인천광역시 서구 가정2동,2308055,인천광역시 서구 가정2동,927664.0,1948012.0,matched,1
2826054400,인천광역시 서구 가정3동,2308056,인천광역시 서구 가정3동,927569.0,1946863.0,matched,1
2826054600,인천광역시 서구 신현동,,,,,name_not_found,0
2826055000,인천광역시 서구 석남1동,2308058,인천광역시 서구 석남1동,926492.0,1946111.0,matched,1
2826056000,인천광역시 서구 석남2동,2308059,인천광역시 서구 석남2동,925560.0,1945339.0,matched,1
2826056100,인천광역시 서구 석남3동,2308060,인천광역시 서구 석남3동,927644.0,1945566.0,matched,1
2826057000,인천광역시 서구 원창동,,,,,name_not_found,0
2826057500,인천광역시 서구 신현원창동,2308073,인천광역시 서구 신현원창동,923825.0,1946404.0,matched,1
2826058000,인천광역시 서구 가좌1동,2308062,인천광역시 서구 가좌1동,925937.0,1943926.0,matched,1
2826059000,인천광역시 서구 가좌2동,2308063,인천광역시 서구 가좌2동,928032.0,1944266.0,matched,1
2826060000,인천광역시 서구 가좌3동,2308064,인천광역시 서구 가좌3동,927398.0,1944512.0,matched,1
2826061000,인천광역시 서구 가좌4동,2308065,인천광역시 서구 가좌4동,928036.0,1943292.0,matched,1
2826062000,인천광역시 서구 검단동,2308080,인천광역시 서구 검단동,925201.0,1957329.0,matched,1
2826063000,인천광역시 서구 검단1동,,,,,name_not_found,0
2826064000,인천광역시 서구 검단2동,,,,,name_not_found,0
2826065000,인천광역시 서구 검단3동,,,,,name_not_found,0
2826066000,인천광역시 서구 검단4동,,,,,name_not_found,0
2826067000,인천광역시 서구 검단5동,,,,,name_not_found,0
2826068000,인천광역시 서구 검단동,2308080,인천광역시 서구 검단동,925201.0,1957329.0,matched,1
2826069000,인천광역시 서구 불로대곡동,2308081,인천광역시 서구 불로대곡동,927394.0,1957913.0,matched,1
2826070000,인천광역시 서구 원당동,2308087,인천광역시 서구 원당동,929128.0,1955121.0,matched,1
2826071000,인천광역시 서구 당하동,2308085,인천광역시 서구 당하동,927507.0,1954713.0,matched,1
2826072000,인천광역시 서구 오류왕길동,2308084,인천광역시 서구 오류왕길동,922461.0,1953981.0,matched,1
2826073000,인천광역시 서구 마전동,2308086,인천광역시 서구 마전동,927060.0,1955537.0,matched,1
2826074000,인천광역시 서구 아라동,2308088,인천광역시 서구 아라동,930370.0,1954936.0,matched,1
2826500000,인천광역시 서구검단출장소,,,,,name_not_found,0
2871000000,인천광역시 강화군,,,,,name_not_found,0
2871025000,인천광역시 강화군 강화읍,2331011,인천광역시 강화군 강화읍,910870.0,1972947.0,matched,1
2871031000,인천광역시 강화군 선원면,2331031,인천광역시 강화군 선원면,910657.0,1968974.0,matched,1
2871032000,인천광역시 강화군 불은면,2331032,인천광역시 강화군 불은면,910231.0,1965424.0,matched,1
2871033000,인천광역시 강화군 길상면,2331033,인천광역시 강화군 길상면,911581.0,1959102.0,matched,1
2871034000,인천광역시 강화군 화도면,2331034,인천광역시 강화군 화도면,905043.0,1958250.0,matched,1
2871035000,인천광역시 강화군 양도면,2331035,인천광역시 강화군 양도면,905851.0,1964198.0,matched,1
2871036000,인천광역시 강화군 내가면,2331036,인천광역시 강화군 내가면,902521.0,1969848.0,matched,1
2871037000,인천광역시 강화군 하점면,2331037,인천광역시 강화군 하점면,903177.0,1974203.0,matched,1
2871038000,인천광역시 강화군 양사면,2331038,인천광역시 강화군 양사면,903397.0,1978570.0,matched,1
2871039000,인천광역시 강화군 송해면,2331039,인천광역시 강화군 송해면,908389.0,1975978.0,matched,1
2871040000,인천광역시 강화군 교동면,2331040,인천광역시 강화군 교동면,891296.0,1977055.0,matched,1
2871041000,인천광역시 강화군 삼산면,2331041,인천광역시 강화군 삼산면,894685.0,1967849.0,matched,1
2871042000,인천광역시 강화군 서도면,2331042,인천광역시 강화군 서도면,888947.0,1961717.0,matched,1
2871042500,인천광역시 강화군 서도면볼음출장소,,,,,name_not_found,0
2872000000,인천광역시 옹진군,,,,,name_not_found,0
2872031000,인천광역시 옹진군 북도면,2332031,인천광역시 옹진군 북도면,897382.0,1949419.0,matched,1
2872031500,인천광역시 옹진군 북도면장봉출장소,,,,,name_not_found,0
2872032000,인천광역시 옹진군 송림면,,,,,name_not_found,0
2872033000,인천광역시 옹진군 백령면,2332033,인천광역시 옹진군 백령면,751793.0,1998634.0,matched,1
2872034000,인천광역시 옹진군 대청면,2332034,인천광역시 옹진군 대청면,753693.0,1984855.0,matched,1
2872034500,인천광역시 옹진군 대청면소청출장소,,,,,name_not_found,0
2872035000,인천광역시 옹진군 덕적면,2332035,인천광역시 옹진군 덕적면,878478.0,1915544.0,matched,1
2872036000,인천광역시 옹진군 영흥면,2332037,인천광역시 옹진군 영흥면,907636.0,1918178.0,matched,1
2872037000,인천광역시 옹진군 자월면,2332036,인천광역시 옹진군 자월면,894863.0,1918148.0,matched,1
2872037500,인천광역시 옹진군 자월면이작출장소,,,,,name_not_found,0
2872038000,인천광역시 옹진군 연평면,2332032,인천광역시 옹진군 연평면,841006.0,1965044.0,matched,1
2900000000,광주광역시,,,,,name_not_found,0
2911000000,광주광역시 동구,,,,,name_not_found,0
2911051000,광주광역시 동구 대금동,,,,,name_not_found,0
2911052000,광주광역시 동구 충수동,,,,,name_not_found,0
2911052500,광주광역시 동구 충장동,2401051,광주광역시 동구 충장동,946756.0,1684078.0,matched,1
2911053000,광주광역시 동구 대의동,,,,,name_not_found,0
2911054000,광주광역시 동구 동명1동,,,,,name_not_found,0
2911054500,광주광역시 동구 동명동,2401054,광주광역시 동구 동명동,947665.0,1684183.0,matched,1
2911055000,광주광역시 동구 동명2동,,,,,name_not_found,0
2911056000,광주광역시 동구 계림1동,2401056,광주광역시 동구 계림1동,946897.0,1685051.0,matched,1
2911057000,광주광역시 동구 계림2동,2401058,광주광역시 동구 계림2동,947529.0,1685153.0,matched,1
2911058000,광주광역시 동구 계림3동,,,,,name_not_found,0
2911059000,광주광역시 동구 산수1동,2401059,광주광역시 동구 산수1동,947955.0,1684778.0,matched,1
2911060000,광주광역시 동구 산수2동,2401061,광주광역시 동구 산수2동,948767.0,1684775.0,matched,1
2911061000,광주광역시 동구 산수3동,,,,,name_not_found,0
2911062000,광주광역시 동구 지산1동,2401062,광주광역시 동구 지산1동,948178.0,1684002.0,matched,1
2911063000,광주광역시 동구 지산2동,2401063,광주광역시 동구 지산2동,949368.0,1683834.0,matched,1
2911064000,광주광역시 동구 남금동,,,,,name_not_found,0
2911065000,광주광역시 동구 충금동,,,,,name_not_found,0
2911065500,광주광역시 동구 서남동,2401064,광주광역시 동구 서남동,948032.0,1683187.0,matched,1
2911066000,광주광역시 동구 삼성동,,,,,name_not_found,0
2911067000,광주광역시 동구 서석동,,,,,name_not_found,0
2911068000,광주광역시 동구 학1동,,,,,name_not_found,0
2911068500,광주광역시 동구 학동,2401068,광주광역시 동구 학동,947586.0,1682565.0,matched,1
2911069000,광주광역시 동구 학2동,,,,,name_not_found,0
2911070000,광주광역시 동구 학3동,,,,,name_not_found,0
2911071000,광주광역시 동구 학운동,2401071,광주광역시 동구 학운동,951103.0,1681614.0,matched,1
2911072000,광주광역시 동구 지원동,,,,,name_not_found,0
2911073000,광주광역시 동구 지원1동,2401072,광주광역시 동구 지원1동,948724.0,1681634.0,matched,1
2911074000,광주광역시 동구 지원2동,2401073,광주광역시 동구 지원2동,949943.0,1678657.0,matched,1
2914000000,광주광역시 서구,,,,,name_not_found,0
2914051000,광주광역시 서구 양림동,,,,,name_not_found,0
2914052000,광주광역시 서구 방림제1동,,,,,name_not_found,0
2914053000,광주광역시 서구 방림제2동,,,,,name_not_found,0
2914053600,광주광역시 서구 봉선동,,,,,name_not_found,0
2914054000,광주광역시 서구 사구동,,,,,name_not_found,0
2914055000,광주광역시 서구 서제1동,,,,,name_not_found,0
2914056000,광주광역시 서구 서제2동,,,,,name_not_found,0
2914057000,광주광역시 서구 양1동,,,,,name_not_found,0
2914057500,광주광역시 서구 양동,2402051,광주광역시 서구 양동,945786.0,1684280.0,matched,1
2914058000,광주광역시 서구 양2동,,,,,name_not_found,0
2914059000,광주광역시 서구 양3동,2402053,광주광역시 서구 양3동,944971.0,1684982.0,matched,1
2914060000,광주광역시 서구 월산제1동,,,,,name_not_found,0
2914061000,광주광역시 서구 월산제2동,,,,,name_not_found,0
2914062000,광주광역시 서구 월산제3동,,,,,name_not_found,0
2914063000,광주광역시 서구 월산제4동,,,,,name_not_found,0
2914064000,광주광역시 서구 월산제5동,,,,,name_not_found,0
2914065000,광주광역시 서구 농성1동,2402054,광주광역시 서구 농성1동,944350.0,1684805.0,matched,1
2914066000,광주광역시 서구 농성2동,2402055,광주광역시 서구 농성2동,944106.0,1684203.0,matched,1
2914067000,광주광역시 서구 백운제1동,,,,,name_not_found,0
2914068000,광주광역시 서구 백운제2동,,,,,name_not_found,0
2914069000,광주광역시 서구 주월제1동,,,,,name_not_found,0
2914070000,광주광역시 서구 주월제2동,,,,,name_not_found,0
2914071000,광주광역시 서구 효덕동,,,,,name_not_found,0
2914072000,광주광역시 서구 송암동,,,,,name_not_found,0
2914073000,광주광역시 서구 광천동,2402056,광주광역시 서구 광천동,943646.0,1685750.0,matched,1
2914074000,광주광역시 서구 유덕동,2402057,광주광역시 서구 유덕동,940434.0,1685887.0,matched,1
2914074500,광주광역시 서구 치평동,2402066,광주광역시 서구 치평동,940357.0,1684367.0,matched,1
2914075100,광주광역시 서구 상무1동,2402058,광주광역시 서구 상무1동,941897.0,1684747.0,matched,1
2914075200,광주광역시 서구 상무2동,2402059,광주광역시 서구 상무2동,941839.0,1683649.0,matched,1
2914076000,광주광역시 서구 화정1동,2402060,광주광역시 서구 화정1동,943227.0,1684729.0,matched,1
2914077000,광주광역시 서구 화정2동,2402061,광주광역시 서구 화정2동,943710.0,1683720.0,matched,1
2914078000,광주광역시 서구 화정3동,2402062,광주광역시 서구 화정3동,943177.0,1683506.0,matched,1
2914079000,광주광역시 서구 화정4동,2402063,광주광역시 서구 화정4동,942637.0,1682917.0,matched,1
2914080000,광주광역시 서구 서창동,2402064,광주광역시 서구 서창동,939172.0,1680376.0,matched,1
2914081000,광주광역시 서구 금호풍암동,,,,,name_not_found,0
2914082000,광주광역시 서구 금호동,,,,,name_not_found,0
2914082100,광주광역시 서구 금호1동,2402068,광주광역시 서구 금호1동,941141.0,1682524.0,matched,1
2914082400,광주광역시 서구 금호2동,2402069,광주광역시 서구 금호2동,941324.0,1681654.0,matched,1
2914083000,광주광역시 서구 풍암동,2402067,광주광역시 서구 풍암동,943080.0,1681335.0,matched,1
2914084000,광주광역시 서구 동천동,2402070,광주광역시 서구 동천동,941688.0,1686464.0,matched,1
2915500000,광주광역시 남구,,,,,name_not_found,0
2915551000,광주광역시 남구 양림동,2403051,광주광역시 남구 양림동,946634.0,1682720.0,matched,1
2915552000,광주광역시 남구 방림1동,2403052,광주광역시 남구 방림1동,946752.0,1682217.0,matched,1
2915553000,광주광역시 남구 방림2동,2403053,광주광역시 남구 방림2동,947374.0,1681882.0,matched,1
2915553600,광주광역시 남구 봉선동,,,,,name_not_found,0
2915553700,광주광역시 남구 봉선1동,2403068,광주광역시 남구 봉선1동,946160.0,1681939.0,matched,1
2915553800,광주광역시 남구 봉선2동,2403069,광주광역시 남구 봉선2동,946585.0,1680931.0,matched,1
2915554000,광주광역시 남구 사구동,,,,,name_not_found,0
2915554500,광주광역시 남구 사직동,2403054,광주광역시 남구 사직동,946183.0,1683537.0,matched,1
2915555000,광주광역시 남구 서1동,,,,,name_not_found,0
2915556000,광주광역시 남구 서2동,,,,,name_not_found,0
2915560000,광주광역시 남구 월산1동,,,,,name_not_found,0
2915560500,광주광역시 남구 월산동,2403057,광주광역시 남구 월산동,945332.0,1683654.0,matched,1
2915561000,광주광역시 남구 월산2동,,,,,name_not_found,0
2915562000,광주광역시 남구 월산3동,,,,,name_not_found,0
2915563000,광주광역시 남구 월산4동,2403060,광주광역시 남구 월산4동,944564.0,1683685.0,matched,1
2915564000,광주광역시 남구 월산5동,2403061,광주광역시 남구 월산5동,944852.0,1683068.0,matched,1
2915567000,광주광역시 남구 백운1동,2403062,광주광역시 남구 백운1동,945840.0,1682980.0,matched,1
2915568000,광주광역시 남구 백운2동,2403063,광주광역시 남구 백운2동,945616.0,1682576.0,matched,1
2915569000,광주광역시 남구 주월1동,2403064,광주광역시 남구 주월1동,944970.0,1681730.0,matched,1
2915570000,광주광역시 남구 주월2동,2403065,광주광역시 남구 주월2동,944540.0,1682520.0,matched,1
2915570500,광주광역시 남구 진월동,2403071,광주광역시 남구 진월동,945296.0,1680255.0,matched,1
2915571000,광주광역시 남구 효덕동,2403072,광주광역시 남구 효덕동,945589.0,1678133.0,matched,1
2915572000,광주광역시 남구 송암동,2403067,광주광역시 남구 송암동,943371.0,1679173.0,matched,1
2915573000,광주광역시 남구 대촌동,2403070,광주광역시 남구 대촌동,938653.0,1676119.0,matched,1
2917000000,광주광역시 북구,,,,,name_not_found,0
2917051000,광주광역시 북구 중흥1동,2404051,광주광역시 북구 중흥1동,946361.0,1685430.0,matched,1
2917052000,광주광역시 북구 중흥2동,2404052,광주광역시 북구 중흥2동,946279.0,1686230.0,matched,1
2917053000,광주광역시 북구 중흥3동,2404053,광주광역시 북구 중흥3동,946840.0,1686412.0,matched,1
2917054000,광주광역시 북구 유동,,,,,name_not_found,0
2917055000,광주광역시 북구 누문동,,,,,name_not_found,0
2917055500,광주광역시 북구 중앙동,2404054,광주광역시 북구 중앙동,945930.0,1684774.0,matched,1
2917056000,광주광역시 북구 북동,,,,,name_not_found,0
2917057000,광주광역시 북구 임동,2404055,광주광역시 북구 임동,944765.0,1685578.0,matched,1
2917058000,광주광역시 북구 신안동,2404056,광주광역시 북구 신안동,945341.0,1686067.0,matched,1
2917059000,광주광역시 북구 용봉동,2404057,광주광역시 북구 용봉동,945425.0,1687261.0,matched,1
2917060000,광주광역시 북구 동운1동,,,,,name_not_found,0
2917060100,광주광역시 북구 운암1동,2404058,광주광역시 북구 운암1동,942922.0,1686938.0,matched,1
2917060200,광주광역시 북구 운암2동,2404059,광주광역시 북구 운암2동,943966.0,1686795.0,matched,1
2917060300,광주광역시 북구 운암3동,2404060,광주광역시 북구 운암3동,943168.0,1687821.0,matched,1
2917061000,광주광역시 북구 동운2동,,,,,name_not_found,0
2917061100,광주광역시 북구 동운3동,,,,,name_not_found,0
2917061500,광주광역시 북구 동림동,2404061,광주광역시 북구 동림동,941669.0,1687498.0,matched,1
2917062000,광주광역시 북구 우산동,2404062,광주광역시 북구 우산동,947317.0,1686745.0,matched,1
2917063000,광주광역시 북구 풍향1동,,,,,name_not_found,0
2917063500,광주광역시 북구 풍향동,2404063,광주광역시 북구 풍향동,947729.0,1685817.0,matched,1
2917064000,광주광역시 북구 풍향2동,,,,,name_not_found,0
2917065000,광주광역시 북구 문화동,2404064,광주광역시 북구 문화동,949118.0,1687662.0,matched,1
2917065500,광주광역시 북구 문흥동,,,,,name_not_found,0
2917065600,광주광역시 북구 문흥1동,2404065,광주광역시 북구 문흥1동,947891.0,1688646.0,matched,1
2917065700,광주광역시 북구 문흥2동,2404066,광주광역시 북구 문흥2동,947061.0,1687812.0,matched,1
2917066100,광주광역시 북구 두암1동,2404067,광주광역시 북구 두암1동,947939.0,1686402.0,matched,1
2917066200,광주광역시 북구 두암2동,2404068,광주광역시 북구 두암2동,948777.0,1686786.0,matched,1
2917066300,광주광역시 북구 두암3동,2404069,광주광역시 북구 두암3동,948954.0,1685670.0,matched,1
2917066600,광주광역시 북구 삼각동,2404070,광주광역시 북구 삼각동,945933.0,1689897.0,matched,1
2917066900,광주광역시 북구 일곡동,2404078,광주광역시 북구 일곡동,945069.0,1690986.0,matched,1
2917067000,광주광역시 북구 서산동,,,,,name_not_found,0
2917067300,광주광역시 북구 매곡동,2404071,광주광역시 북구 매곡동,944374.0,1688554.0,matched,1
2917067500,광주광역시 북구 오치동,,,,,name_not_found,0
2917067600,광주광역시 북구 오치1동,2404072,광주광역시 북구 오치1동,946587.0,1688657.0,matched,1
2917067700,광주광역시 북구 오치2동,2404073,광주광역시 북구 오치2동,945556.0,1688288.0,matched,1
2917068000,광주광역시 북구 충효동,,,,,name_not_found,0
2917068500,광주광역시 북구 석곡동,2404074,광주광역시 북구 석곡동,951691.0,1686838.0,matched,1
2917069000,광주광역시 북구 청옥동,,,,,name_not_found,0
2917069500,광주광역시 북구 건국동,2404081,광주광역시 북구 건국동,944464.0,1693402.0,matched,1
2917069600,광주광역시 북구 양산동,2404080,광주광역시 북구 양산동,942947.0,1689738.0,matched,1
2917069700,광주광역시 북구 신용동,2404082,광주광역시 북구 신용동,942017.0,1690989.0,matched,1
2917070000,광주광역시 북구 장운동,,,,,name_not_found,0
2917071000,광주광역시 북구 본촌동,,,,,name_not_found,0
2917072000,광주광역시 북구 우치동,,,,,name_not_found,0
2917073000,광주광역시 북구 삼소동,,,,,name_not_found,0
2920000000,광주광역시 광산구,,,,,name_not_found,0
2920051500,광주광역시 광산구 송정1동,2405051,광주광역시 광산구 송정1동,936670.0,1682490.0,matched,1
2920052500,광주광역시 광산구 송정2동,2405052,광주광역시 광산구 송정2동,935486.0,1682901.0,matched,1
2920053500,광주광역시 광산구 송정3동,,,,,name_not_found,0
2920054000,광주광역시 광산구 도산동,2405054,광주광역시 광산구 도산동,935470.0,1681129.0,matched,1
2920055000,광주광역시 광산구 신흥동,2405055,광주광역시 광산구 신흥동,937764.0,1682789.0,matched,1
2920056000,광주광역시 광산구 용운동,,,,,name_not_found,0
2920056500,광주광역시 광산구 어룡동,2405056,광주광역시 광산구 어룡동,933435.0,1685188.0,matched,1
2920057000,광주광역시 광산구 소촌동,,,,,name_not_found,0
2920058000,광주광역시 광산구 우산동,2405058,광주광역시 광산구 우산동,937665.0,1684612.0,matched,1
2920059000,광주광역시 광산구 월곡동,,,,,name_not_found,0
2920060000,광주광역시 광산구 월곡1동,2405059,광주광역시 광산구 월곡1동,937416.0,1686109.0,matched,1
2920061000,광주광역시 광산구 월곡2동,2405060,광주광역시 광산구 월곡2동,936839.0,1686595.0,matched,1
2920062000,광주광역시 광산구 비아동,2405061,광주광역시 광산구 비아동,938413.0,1690982.0,matched,1
2920062400,광주광역시 광산구 첨단1동,2405069,광주광역시 광산구 첨단1동,939673.0,1692058.0,matched,1
2920062500,광주광역시 광산구 비아첨단지소,,,,,name_not_found,0
2920062600,광주광역시 광산구 첨단2동,2405070,광주광역시 광산구 첨단2동,940309.0,1690643.0,matched,1
2920062700,광주광역시 광산구 첨단동,,,,,name_not_found,0
2920063000,광주광역시 광산구 신가동,2405074,광주광역시 광산구 신가동,939288.0,1687720.0,matched,1
2920063500,광주광역시 광산구 운남동,2405071,광주광역시 광산구 운남동,938497.0,1686605.0,matched,1
2920063700,광주광역시 광산구 수완동,2405075,광주광역시 광산구 수완동,938116.0,1688692.0,matched,1
2920064000,광주광역시 광산구 하남동,2405063,광주광역시 광산구 하남동,935826.0,1688984.0,matched,1
2920065000,광주광역시 광산구 임곡동,2405064,광주광역시 광산구 임곡동,932119.0,1691610.0,matched,1
2920066000,광주광역시 광산구 동곡동,2405065,광주광역시 광산구 동곡동,934237.0,1678136.0,matched,1
2920067000,광주광역시 광산구 평동,2405066,광주광역시 광산구 평동,930903.0,1681604.0,matched,1
2920068000,광주광역시 광산구 삼도동,2405067,광주광역시 광산구 삼도동,926121.0,1683441.0,matched,1
2920069000,광주광역시 광산구 본량동,2405068,광주광역시 광산구 본량동,928064.0,1688522.0,matched,1
2920070000,광주광역시 광산구 신창동,2405073,광주광역시 광산구 신창동,940522.0,1688584.0,matched,1
2920081000,광주광역시 광산구 비아출장소,,,,,name_not_found,0
2920081500,광주광역시 광산구 비아.신가지소,,,,,name_not_found,0
2920082000,광주광역시 광산구 하남출장소,,,,,name_not_found,0
2920083000,광주광역시 광산구 임곡출장소,,,,,name_not_found,0
2920084000,광주광역시 광산구 동곡출장소,,,,,name_not_found,0
2920085000,광주광역시 광산구 평동출장소,,,,,name_not_found,0
2920086000,광주광역시 광산구 삼도출장소,,,,,name_not_found,0
2920087000,광주광역시 광산구 본량출장소,,,,,name_not_found,0
2920088000,광주광역시 광산구 대촌출장소,,,,,name_not_found,0
2920089000,광주광역시 광산구 서창출장소,,,,,name_not_found,0
3000000000,대전광역시,,,,,name_not_found,0
3011000000,대전광역시 동구,,,,,name_not_found,0
3011051000,대전광역시 동구 원동,,,,,name_not_found,0
3011051500,대전광역시 동구 중앙동,2501076,대전광역시 동구 중앙동,994187.0,1814925.0,matched,1
3011052000,대전광역시 동구 인동,,,,,name_not_found,0
3011053000,대전광역시 동구 효동,2501053,대전광역시 동구 효동,995822.0,1812552.0,matched,1
3011054000,대전광역시 동구 신흥동,,,,,name_not_found,0
3011054500,대전광역시 동구 신인동,2501077,대전광역시 동구 신인동,994699.0,1814003.0,matched,1
3011055100,대전광역시 동구 판암1동,2501055,대전광역시 동구 판암1동,997383.0,1813196.0,matched,1
3011055200,대전광역시 동구 판암2동,2501056,대전광역시 동구 판암2동,995904.0,1813891.0,matched,1
3011056000,대전광역시 동구 용운동,2501057,대전광역시 동구 용운동,996548.0,1815063.0,matched,1
3011057000,대전광역시 동구 대동1동,,,,,name_not_found,0
3011057500,대전광역시 동구 대신동,,,,,name_not_found,0
3011058000,대전광역시 동구 대동2동,,,,,name_not_found,0
3011058500,대전광역시 동구 대동,2501078,대전광역시 동구 대동,995137.0,1814721.0,matched,1
3011059000,대전광역시 동구 자양동,2501060,대전광역시 동구 자양동,995513.0,1815622.0,matched,1
3011060000,대전광역시 동구 신안동,,,,,name_not_found,0
3011061000,대전광역시 동구 소제동,,,,,name_not_found,0
3011062000,대전광역시 동구 가양1동,2501063,대전광역시 동구 가양1동,994900.0,1816207.0,matched,1
3011063000,대전광역시 동구 가양2동,2501064,대전광역시 동구 가양2동,995821.0,1816817.0,matched,1
3011064000,대전광역시 동구 용전동,2501065,대전광역시 동구 용전동,994110.0,1817421.0,matched,1
3011065000,대전광역시 동구 성남1동,,,,,name_not_found,0
3011066000,대전광역시 동구 성남2동,,,,,name_not_found,0
3011066500,대전광역시 동구 성남동,2501079,대전광역시 동구 성남동,994049.0,1816383.0,matched,1
3011067000,대전광역시 동구 홍도동,2501068,대전광역시 동구 홍도동,993332.0,1816729.0,matched,1
3011068000,대전광역시 동구 삼성1동,,,,,name_not_found,0
3011069000,대전광역시 동구 삼성2동,,,,,name_not_found,0
3011069500,대전광역시 동구 삼성동,2501080,대전광역시 동구 삼성동,993296.0,1815780.0,matched,1
3011070000,대전광역시 동구 정동,,,,,name_not_found,0
3011071000,대전광역시 동구 중동,,,,,name_not_found,0
3011072000,대전광역시 동구 추동,,,,,name_not_found,0
3011072500,대전광역시 동구 대청동,2501073,대전광역시 동구 대청동,999591.0,1819943.0,matched,1
3011073000,대전광역시 동구 세천동,,,,,name_not_found,0
3011074000,대전광역시 동구 산내동,2501075,대전광역시 동구 산내동,996370.0,1806323.0,matched,1
3014000000,대전광역시 중구,,,,,name_not_found,0
3014051000,대전광역시 중구 은행동,,,,,name_not_found,0
3014052000,대전광역시 중구 선화1동,,,,,name_not_found,0
3014052500,대전광역시 중구 선화동,,,,,name_not_found,0
3014053000,대전광역시 중구 선화2동,,,,,name_not_found,0
3014053500,대전광역시 중구 은행선화동,2502051,대전광역시 중구 은행선화동,992814.0,1814852.0,matched,1
3014054000,대전광역시 중구 선화3동,,,,,name_not_found,0
3014055000,대전광역시 중구 목동,2502053,대전광역시 중구 목동,991839.0,1815233.0,matched,1
3014056000,대전광역시 중구 중촌동,2502054,대전광역시 중구 중촌동,991830.0,1816071.0,matched,1
3014057000,대전광역시 중구 대흥1동,,,,,name_not_found,0
3014057500,대전광역시 중구 대흥동,2502055,대전광역시 중구 대흥동,993260.0,1813927.0,matched,1
3014058000,대전광역시 중구 대흥2동,,,,,name_not_found,0
3014059000,대전광역시 중구 대흥3동,,,,,name_not_found,0
3014060000,대전광역시 중구 문창1동,,,,,name_not_found,0
3014060500,대전광역시 중구 문창동,2502056,대전광역시 중구 문창동,994278.0,1813405.0,matched,1
3014061000,대전광역시 중구 문창2동,,,,,name_not_found,0
3014062000,대전광역시 중구 석교동,2502057,대전광역시 중구 석교동,994645.0,1811450.0,matched,1
3014063000,대전광역시 중구 대사동,2502058,대전광역시 중구 대사동,992980.0,1812574.0,matched,1
3014064000,대전광역시 중구 부사동,2502059,대전광역시 중구 부사동,993840.0,1812688.0,matched,1
3014065000,대전광역시 중구 용두1동,,,,,name_not_found,0
3014065500,대전광역시 중구 용두동,2502060,대전광역시 중구 용두동,991716.0,1814741.0,matched,1
3014066000,대전광역시 중구 용두2동,,,,,name_not_found,0
3014067000,대전광역시 중구 오류동,2502062,대전광역시 중구 오류동,991590.0,1814206.0,matched,1
3014068000,대전광역시 중구 태평1동,2502063,대전광역시 중구 태평1동,990891.0,1814391.0,matched,1
3014069000,대전광역시 중구 태평2동,2502064,대전광역시 중구 태평2동,990268.0,1814121.0,matched,1
3014070000,대전광역시 중구 유천1동,2502065,대전광역시 중구 유천1동,990391.0,1813136.0,matched,1
3014071000,대전광역시 중구 유천2동,2502066,대전광역시 중구 유천2동,990986.0,1813446.0,matched,1
3014072000,대전광역시 중구 문화1동,2502067,대전광역시 중구 문화1동,992136.0,1812567.0,matched,1
3014073000,대전광역시 중구 문화2동,2502068,대전광역시 중구 문화2동,991245.0,1812309.0,matched,1
3014074000,대전광역시 중구 산성동,2502069,대전광역시 중구 산성동,991699.0,1807352.0,matched,1
3014075000,대전광역시 중구 산서동,,,,,name_not_found,0
3017000000,대전광역시 서구,,,,,name_not_found,0
3017051000,대전광역시 서구 복수동,2503051,대전광역시 서구 복수동,988907.0,1811673.0,matched,1
3017052000,대전광역시 서구 도마1동,2503052,대전광역시 서구 도마1동,989367.0,1813474.0,matched,1
3017053000,대전광역시 서구 도마2동,2503053,대전광역시 서구 도마2동,988235.0,1813578.0,matched,1
3017053500,대전광역시 서구 정림동,2503054,대전광역시 서구 정림동,987766.0,1810525.0,matched,1
3017054000,대전광역시 서구 변동,2503055,대전광역시 서구 변동,989306.0,1814464.0,matched,1
3017055000,대전광역시 서구 용문동,2503056,대전광역시 서구 용문동,990480.0,1815621.0,matched,1
3017055500,대전광역시 서구 탄방동,2503057,대전광역시 서구 탄방동,990270.0,1816406.0,matched,1
3017056000,대전광역시 서구 괴정동,2503061,대전광역시 서구 괴정동,989216.0,1815896.0,matched,1
3017057000,대전광역시 서구 가장동,2503062,대전광역시 서구 가장동,989878.0,1814900.0,matched,1
3017057500,대전광역시 서구 내동,2503063,대전광역시 서구 내동,988646.0,1815302.0,matched,1
3017058000,대전광역시 서구 갈마동,,,,,name_not_found,0
3017058100,대전광역시 서구 갈마1동,2503064,대전광역시 서구 갈마1동,987904.0,1816776.0,matched,1
3017058200,대전광역시 서구 갈마2동,2503065,대전광역시 서구 갈마2동,988684.0,1816603.0,matched,1
3017058600,대전광역시 서구 월평1동,2503066,대전광역시 서구 월평1동,987053.0,1816463.0,matched,1
3017058700,대전광역시 서구 월평2동,2503067,대전광역시 서구 월평2동,988866.0,1818301.0,matched,1
3017058800,대전광역시 서구 월평3동,2503068,대전광역시 서구 월평3동,988080.0,1818238.0,matched,1
3017059000,대전광역시 서구 가수원동,2503070,대전광역시 서구 가수원동,986698.0,1812017.0,matched,1
3017059500,대전광역시 서구 관저동,,,,,name_not_found,0
3017059600,대전광역시 서구 관저1동,2503072,대전광역시 서구 관저1동,985475.0,1812142.0,matched,1
3017059700,대전광역시 서구 관저2동,2503073,대전광역시 서구 관저2동,984919.0,1810542.0,matched,1
3017060000,대전광역시 서구 기성동,2503071,대전광역시 서구 기성동,984481.0,1805003.0,matched,1
3017061000,대전광역시 서구 삼천동,,,,,name_not_found,0
3017062000,대전광역시 서구 둔산동,,,,,name_not_found,0
3017063000,대전광역시 서구 둔산1동,2503059,대전광역시 서구 둔산1동,990111.0,1817310.0,matched,1
3017064000,대전광역시 서구 둔산2동,2503060,대전광역시 서구 둔산2동,989249.0,1817802.0,matched,1
3017065000,대전광역시 서구 만년동,2503069,대전광역시 서구 만년동,989486.0,1819146.0,matched,1
3017066000,대전광역시 서구 둔산3동,2503074,대전광역시 서구 둔산3동,990991.0,1817310.0,matched,1
3020000000,대전광역시 유성구,,,,,name_not_found,0
3020051000,대전광역시 유성구 원내동,,,,,name_not_found,0
3020051500,대전광역시 유성구 진잠1동,,,,,name_not_found,0
3020052000,대전광역시 유성구 진잠동,2504068,대전광역시 유성구 진잠동,981314.0,1811572.0,matched,1
3020052500,대전광역시 유성구 진잠2동,,,,,name_not_found,0
3020053000,대전광역시 유성구 온천1동,2504064,대전광역시 유성구 온천1동,982922.0,1817101.0,matched,1
3020054000,대전광역시 유성구 온천2동,2504054,대전광역시 유성구 온천2동,986424.0,1819045.0,matched,1
3020054500,대전광역시 유성구 노은동,,,,,name_not_found,0
3020054600,대전광역시 유성구 노은1동,2504059,대전광역시 유성구 노은1동,982013.0,1819012.0,matched,1
3020054700,대전광역시 유성구 노은2동,2504066,대전광역시 유성구 노은2동,982873.0,1823084.0,matched,1
3020054800,대전광역시 유성구 노은3동,2504067,대전광역시 유성구 노은3동,982004.0,1821168.0,matched,1
3020055000,대전광역시 유성구 신성동,2504055,대전광역시 유성구 신성동,987232.0,1822806.0,matched,1
3020056000,대전광역시 유성구 탄동,,,,,name_not_found,0
3020057000,대전광역시 유성구 전민동,2504057,대전광역시 유성구 전민동,990895.0,1821900.0,matched,1
3020058000,대전광역시 유성구 구즉동,2504061,대전광역시 유성구 구즉동,988936.0,1829278.0,matched,1
3020059000,대전광역시 유성구 관평테크노동,,,,,name_not_found,0
3020060000,대전광역시 유성구 관평동,2504063,대전광역시 유성구 관평동,990911.0,1824677.0,matched,1
3020061000,대전광역시 유성구 원신흥동,2504071,대전광역시 유성구 원신흥동,986076.0,1815891.0,matched,1
3023000000,대전광역시 대덕구,,,,,name_not_found,0
3023051000,대전광역시 대덕구 오정동,2505051,대전광역시 대덕구 오정동,992294.0,1817377.0,matched,1
3023052000,대전광역시 대덕구 대화동,2505052,대전광역시 대덕구 대화동,991712.0,1819052.0,matched,1
3023052500,대전광역시 대덕구 회덕동,2505053,대전광역시 대덕구 회덕동,994045.0,1822275.0,matched,1
3023053000,대전광역시 대덕구 회덕1동,,,,,name_not_found,0
3023053300,대전광역시 대덕구 비래동,2505054,대전광역시 대덕구 비래동,995959.0,1818339.0,matched,1
3023054000,대전광역시 대덕구 회덕2동,,,,,name_not_found,0
3023054300,대전광역시 대덕구 송촌동,2505062,대전광역시 대덕구 송촌동,994856.0,1818570.0,matched,1
3023054600,대전광역시 대덕구 중리동,2505055,대전광역시 대덕구 중리동,993423.0,1818246.0,matched,1
3023055000,대전광역시 대덕구 신탄진동,2505058,대전광역시 대덕구 신탄진동,996856.0,1827028.0,matched,1
3023056000,대전광역시 대덕구 석봉동,2505059,대전광역시 대덕구 석봉동,993135.0,1828114.0,matched,1
3023057000,대전광역시 대덕구 덕암동,2505060,대전광역시 대덕구 덕암동,993641.0,1826116.0,matched,1
3023058000,대전광역시 대덕구 목상동,2505061,대전광역시 대덕구 목상동,991516.0,1827138.0,matched,1
3023059000,대전광역시 대덕구 법동,,,,,name_not_found,0
3023060000,대전광역시 대덕구 법1동,2505056,대전광역시 대덕구 법1동,993311.0,1819244.0,matched,1
3023061000,대전광역시 대덕구 법2동,2505057,대전광역시 대덕구 법2동,994493.0,1819940.0,matched,1
3100000000,울산광역시,,,,,name_not_found,0
3111000000,울산광역시 중구,,,,,name_not_found,0
3111051000,울산광역시 중구 학성동,2601051,울산광역시 중구 학성동,1166330.0,1730300.0,matched,1
3111052000,울산광역시 중구 반구1동,2601052,울산광역시 중구 반구1동,1167274.0,1730309.0,matched,1
3111053000,울산광역시 중구 반구2동,2601053,울산광역시 중구 반구2동,1166691.0,1731120.0,matched,1
3111054000,울산광역시 중구 복산1동,2601054,울산광역시 중구 복산1동,1165480.0,1731270.0,matched,1
3111055000,울산광역시 중구 복산2동,2601055,울산광역시 중구 복산2동,1165971.0,1731593.0,matched,1
3111056000,울산광역시 중구 북정동,,,,,name_not_found,0
3111057000,울산광역시 중구 옥교동,,,,,name_not_found,0
3111058000,울산광역시 중구 성남동,,,,,name_not_found,0
3111058500,울산광역시 중구 중앙동,2601067,울산광역시 중구 중앙동,1165116.0,1730353.0,matched,1
3111059000,울산광역시 중구 우정동,2601059,울산광역시 중구 우정동,1164065.0,1731138.0,matched,1
3111060000,울산광역시 중구 태화동,2601060,울산광역시 중구 태화동,1162905.0,1731140.0,matched,1
3111061000,울산광역시 중구 다운동,2601061,울산광역시 중구 다운동,1160601.0,1731840.0,matched,1
3111062000,울산광역시 중구 병영1동,2601062,울산광역시 중구 병영1동,1167431.0,1731682.0,matched,1
3111063000,울산광역시 중구 병영2동,2601063,울산광역시 중구 병영2동,1166646.0,1733833.0,matched,1
3111064000,울산광역시 중구 약사동,2601064,울산광역시 중구 약사동,1165998.0,1733039.0,matched,1
3111065000,울산광역시 중구 성안동,2601066,울산광역시 중구 성안동,1164011.0,1733086.0,matched,1
3114000000,울산광역시 남구,,,,,name_not_found,0
3114051000,울산광역시 남구 신정1동,2602051,울산광역시 남구 신정1동,1163594.0,1729022.0,matched,1
3114052000,울산광역시 남구 신정2동,2602052,울산광역시 남구 신정2동,1163538.0,1727353.0,matched,1
3114053000,울산광역시 남구 신정3동,2602053,울산광역시 남구 신정3동,1164442.0,1729212.0,matched,1
3114054000,울산광역시 남구 신정4동,2602054,울산광역시 남구 신정4동,1164545.0,1727409.0,matched,1
3114055000,울산광역시 남구 신정5동,2602055,울산광역시 남구 신정5동,1165102.0,1729386.0,matched,1
3114056000,울산광역시 남구 달동,2602056,울산광역시 남구 달동,1165193.0,1728265.0,matched,1
3114057000,울산광역시 남구 삼산동,2602057,울산광역시 남구 삼산동,1166957.0,1728880.0,matched,1
3114058000,울산광역시 남구 무거1동,,,,,name_not_found,0
3114058500,울산광역시 남구 삼호동,2602058,울산광역시 남구 삼호동,1160954.0,1729721.0,matched,1
3114059000,울산광역시 남구 무거2동,,,,,name_not_found,0
3114059500,울산광역시 남구 무거동,2602059,울산광역시 남구 무거동,1158994.0,1728757.0,matched,1
3114060000,울산광역시 남구 옥동,2602060,울산광역시 남구 옥동,1162108.0,1726843.0,matched,1
3114061000,울산광역시 남구 야음1동,,,,,name_not_found,0
3114061500,울산광역시 남구 야음1장생포동,,,,,name_not_found,0
3114062000,울산광역시 남구 야음2동,,,,,name_not_found,0
3114062500,울산광역시 남구 대현동,2602062,울산광역시 남구 대현동,1165574.0,1727157.0,matched,1
3114063000,울산광역시 남구 야음3동,,,,,name_not_found,0
3114063500,울산광역시 남구 수암동,2602063,울산광역시 남구 수암동,1164925.0,1726779.0,matched,1
3114064000,울산광역시 남구 선암동,2602064,울산광역시 남구 선암동,1167630.0,1723284.0,matched,1
3114065000,울산광역시 남구 개운동,,,,,name_not_found,0
3114066000,울산광역시 남구 장생포동,,,,,name_not_found,0
3114067000,울산광역시 남구 야음장생포동,2602061,울산광역시 남구 야음장생포동,1168709.0,1726569.0,matched,1
3117000000,울산광역시 동구,,,,,name_not_found,0
3117051000,울산광역시 동구 방어동,2603051,울산광역시 동구 방어동,1173282.0,1722537.0,matched,1
3117052000,울산광역시 동구 일산동,2603052,울산광역시 동구 일산동,1175219.0,1724839.0,matched,1
3117053000,울산광역시 동구 화정동,2603053,울산광역시 동구 화정동,1174194.0,1723846.0,matched,1
3117054000,울산광역시 동구 대송동,2603054,울산광역시 동구 대송동,1173583.0,1724990.0,matched,1
3117055000,울산광역시 동구 전하1동,2603055,울산광역시 동구 전하1동,1175511.0,1727204.0,matched,1
3117056000,울산광역시 동구 전하2동,2603061,울산광역시 동구 전하2동,1174606.0,1725519.0,matched,1
3117057000,울산광역시 동구 전하3동,,,,,name_not_found,0
3117058000,울산광역시 동구 남목1동,2603058,울산광역시 동구 남목1동,1173559.0,1728635.0,matched,1
3117059000,울산광역시 동구 남목2동,2603059,울산광역시 동구 남목2동,1174251.0,1727428.0,matched,1
3117060000,울산광역시 동구 남목3동,2603060,울산광역시 동구 남목3동,1175451.0,1730465.0,matched,1
3117061000,울산광역시 동구 주전동,,,,,name_not_found,0
3117062000,울산광역시 동구 염포동,,,,,name_not_found,0
3120000000,울산광역시 북구,,,,,name_not_found,0
3120051000,울산광역시 북구 농소1동,2604051,울산광역시 북구 농소1동,1169103.0,1738918.0,matched,1
3120052000,울산광역시 북구 농소2동,2604052,울산광역시 북구 농소2동,1167570.0,1741813.0,matched,1
3120053000,울산광역시 북구 농소3동,2604053,울산광역시 북구 농소3동,1164895.0,1737975.0,matched,1
3120054000,울산광역시 북구 강동동,2604054,울산광역시 북구 강동동,1173799.0,1737132.0,matched,1
3120055000,울산광역시 북구 진장동,,,,,name_not_found,0
3120056000,울산광역시 북구 효문동,2604056,울산광역시 북구 효문동,1169697.0,1731905.0,matched,1
3120057000,울산광역시 북구 송정동,2604057,울산광역시 북구 송정동,1169579.0,1735208.0,matched,1
3120058000,울산광역시 북구 양정동,2604058,울산광역시 북구 양정동,1171231.0,1730214.0,matched,1
3120059000,울산광역시 북구 염포동,2604059,울산광역시 북구 염포동,1172031.0,1728368.0,matched,1
3171000000,울산광역시 울주군,,,,,name_not_found,0
3171025000,울산광역시 울주군 온산읍,2631011,울산광역시 울주군 온산읍,1166342.0,1716833.0,matched,1
3171025300,울산광역시 울주군 언양읍,2631012,울산광역시 울주군 언양읍,1150389.0,1733355.0,matched,1
3171025600,울산광역시 울주군 온양읍,2631013,울산광역시 울주군 온양읍,1159404.0,1714908.0,matched,1
3171025900,울산광역시 울주군 범서읍,2631014,울산광역시 울주군 범서읍,1158219.0,1734843.0,matched,1
3171026200,울산광역시 울주군 청량읍,2631015,울산광역시 울주군 청량읍,1160456.0,1723341.0,matched,1
3171026500,울산광역시 울주군 삼남읍,2631016,울산광역시 울주군 삼남읍,1144703.0,1727427.0,matched,1
3171031000,울산광역시 울주군 서생면,2631031,울산광역시 울주군 서생면,1164725.0,1709528.0,matched,1
3171032000,울산광역시 울주군 온양면,,,,,name_not_found,0
3171033000,울산광역시 울주군 청량면,,,,,name_not_found,0
3171034000,울산광역시 울주군 웅촌면,2631034,울산광역시 울주군 웅촌면,1154067.0,1720377.0,matched,1
3171035000,울산광역시 울주군 범서면,,,,,name_not_found,0
3171036000,울산광역시 울주군 두동면,2631036,울산광역시 울주군 두동면,1154926.0,1742046.0,matched,1
3171037000,울산광역시 울주군 두서면,2631037,울산광역시 울주군 두서면,1148795.0,1743125.0,matched,1
3171038000,울산광역시 울주군 상북면,2631038,울산광역시 울주군 상북면,1141081.0,1734204.0,matched,1
3171039000,울산광역시 울주군 삼남면,,,,,name_not_found,0
3171040000,울산광역시 울주군 삼동면,2631040,울산광역시 울주군 삼동면,1149977.0,1724509.0,matched,1
3600000000,세종특별자치시,,,,,name_not_found,0
3611000000,세종특별자치시,,,,,name_not_found,0
3611025000,세종특별자치시 조치원읍,,,,,name_not_found,0
3611031000,세종특별자치시 연기면,,,,,name_not_found,0
3611032000,세종특별자치시 연동면,,,,,name_not_found,0
3611033000,세종특별자치시 부강면,,,,,name_not_found,0
3611034000,세종특별자치시 금남면,,,,,name_not_found,0
3611035000,세종특별자치시 장군면,,,,,name_not_found,0
3611036000,세종특별자치시 연서면,,,,,name_not_found,0
3611037000,세종특별자치시 전의면,,,,,name_not_found,0
3611038000,세종특별자치시 전동면,,,,,name_not_found,0
3611039000,세종특별자치시 소정면,,,,,name_not_found,0
3611051000,세종특별자치시 한솔동,,,,,name_not_found,0
3611051500,세종특별자치시 새롬동,,,,,name_not_found,0
3611052000,세종특별자치시 도담동,,,,,name_not_found,0
3611053000,세종특별자치시 아름동,,,,,name_not_found,0
3611054000,세종특별자치시 종촌동,,,,,name_not_found,0
3611055000,세종특별자치시 고운동,,,,,name_not_found,0
3611055500,세종특별자치시 소담동,,,,,name_not_found,0
3611056000,세종특별자치시 보람동,,,,,name_not_found,0
3611057000,세종특별자치시 대평동,,,,,name_not_found,0
3611058000,세종특별자치시 다정동,,,,,name_not_found,0
4100000000,경기도,,,,,name_not_found,0
4101000000,경기도 인천시,,,,,name_not_found,0
4101100000,경기도 인천시 중구,,,,,name_not_found,0
4101200000,경기도 인천시 동구,,,,,name_not_found,0
4101300000,경기도 인천시 남구,,,,,name_not_found,0
4101400000,경기도 인천시 북구,,,,,name_not_found,0
4105000000,경기도 부천군,,,,,name_not_found,0
4105001000,경기도 부천군 소사읍,,,,,name_not_found,0
4105003000,경기도 부천군 소래면,,,,,name_not_found,0
4105003500,경기도 부천군 오정면,,,,,name_not_found,0
4105004000,경기도 부천군 계양면,,,,,name_not_found,0
4105004500,경기도 부천군 영종면,,,,,name_not_found,0
4105005000,경기도 부천군 북도면,,,,,name_not_found,0
4105005500,경기도 부천군 용유면,,,,,name_not_found,0
4105006000,경기도 부천군 덕적면,,,,,name_not_found,0
4105006500,경기도 부천군 영흥면,,,,,name_not_found,0
4105007000,경기도 부천군 대부면,,,,,name_not_found,0
4110500000,북부출장소,,,,,name_not_found,0
4111000000,경기도 수원시,,,,,name_not_found,0
4111051000,경기도 수원시 팔달동,,,,,name_not_found,0
4111052000,경기도 수원시 남향동,,,,,name_not_found,0
4111053000,경기도 수원시 신안동,,,,,name_not_found,0
4111054000,경기도 수원시 매교동,,,,,name_not_found,0
4111055000,경기도 수원시 세류1동,,,,,name_not_found,0
4111056000,경기도 수원시 세류2동,,,,,name_not_found,0
4111057000,경기도 수원시 세류3동,,,,,name_not_found,0
4111058000,경기도 수원시 평동,,,,,name_not_found,0
4111059000,경기도 수원시 서둔동,,,,,name_not_found,0
4111060000,경기도 수원시 매산동,,,,,name_not_found,0
4111061000,경기도 수원시 고등동,,,,,name_not_found,0
4111062000,경기도 수원시 화서1동,,,,,name_not_found,0
4111063000,경기도 수원시 화서2동,,,,,name_not_found,0
4111064000,경기도 수원시 파장동,,,,,name_not_found,0
4111065000,경기도 수원시 정자동,,,,,name_not_found,0
4111066000,경기도 수원시 영화동,,,,,name_not_found,0
4111067000,경기도 수원시 송원동,,,,,name_not_found,0
4111068000,경기도 수원시 연무동,,,,,name_not_found,0
4111069000,경기도 수원시 지만동,,,,,name_not_found,0
4111070000,경기도 수원시 인계동,,,,,name_not_found,0
4111071000,경기도 수원시 매탄동,,,,,name_not_found,0
4111072000,경기도 수원시 원천동,,,,,name_not_found,0
4111073000,경기도 수원시 곡선동,,,,,name_not_found,0
4111074000,경기도 수원시 이의동,,,,,name_not_found,0
4111100000,경기도 수원시 장안구,,,,,name_not_found,0
4111151000,경기도 수원시 장안구 팔달동,,,,,name_not_found,0
4111152000,경기도 수원시 장안구 남향동,,,,,name_not_found,0
4111153000,경기도 수원시 장안구 신안동,,,,,name_not_found,0
4111154000,경기도 수원시 장안구 화서1동,,,,,name_not_found,0
4111155000,경기도 수원시 장안구 화서2동,,,,,name_not_found,0
4111156000,경기도 수원시 장안구 파장동,3101154,경기도 수원시 장안구 파장동,954758.0,1924743.0,matched,1
4111156600,경기도 수원시 장안구 율천동,3101155,경기도 수원시 장안구 율천동,953189.0,1922405.0,matched,1
4111157000,경기도 수원시 장안구 정자동,,,,,name_not_found,0
4111157100,경기도 수원시 장안구 정자1동,3101156,경기도 수원시 장안구 정자1동,954743.0,1922959.0,matched,1
4111157200,경기도 수원시 장안구 정자2동,3101157,경기도 수원시 장안구 정자2동,955536.0,1921697.0,matched,1
4111157300,경기도 수원시 장안구 정자3동,3101162,경기도 수원시 장안구 정자3동,954335.0,1922284.0,matched,1
4111158000,경기도 수원시 장안구 영화동,3101158,경기도 수원시 장안구 영화동,956902.0,1921586.0,matched,1
4111159000,경기도 수원시 장안구 송원동,,,,,name_not_found,0
4111159100,경기도 수원시 장안구 송죽동,3101159,경기도 수원시 장안구 송죽동,956004.0,1923550.0,matched,1
4111159600,경기도 수원시 장안구 조원동,,,,,name_not_found,0
4111159700,경기도 수원시 장안구 조원1동,3101160,경기도 수원시 장안구 조원1동,957162.0,1922515.0,matched,1
4111159800,경기도 수원시 장안구 조원2동,3101163,경기도 수원시 장안구 조원2동,956848.0,1923511.0,matched,1
4111160000,경기도 수원시 장안구 연무동,3101161,경기도 수원시 장안구 연무동,957730.0,1925190.0,matched,1
4111161000,경기도 수원시 장안구 지만동,,,,,name_not_found,0
4111161100,경기도 수원시 장안구 지동,,,,,name_not_found,0
4111161600,경기도 수원시 장안구 우만동,,,,,name_not_found,0
4111162000,경기도 수원시 장안구 이의동,,,,,name_not_found,0
4111300000,경기도 수원시 권선구,,,,,name_not_found,0
4111351000,경기도 수원시 권선구 매교동,,,,,name_not_found,0
4111352000,경기도 수원시 권선구 세류1동,3101252,경기도 수원시 권선구 세류1동,956144.0,1918009.0,matched,1
4111353000,경기도 수원시 권선구 세류2동,3101253,경기도 수원시 권선구 세류2동,956299.0,1916265.0,matched,1
4111354000,경기도 수원시 권선구 세류3동,3101254,경기도 수원시 권선구 세류3동,957009.0,1917990.0,matched,1
4111355000,경기도 수원시 권선구 평동,3101255,경기도 수원시 권선구 평동,953882.0,1916451.0,matched,1
4111356000,경기도 수원시 권선구 서둔동,3101256,경기도 수원시 권선구 서둔동,954086.0,1918977.0,matched,1
4111357000,경기도 수원시 권선구 매산동,,,,,name_not_found,0
4111358000,경기도 수원시 권선구 고등동,,,,,name_not_found,0
4111359000,경기도 수원시 권선구 인계동,,,,,name_not_found,0
4111360000,경기도 수원시 권선구 매탄동,,,,,name_not_found,0
4111360100,경기도 수원시 권선구 매탄1동,,,,,name_not_found,0
4111360200,경기도 수원시 권선구 매탄2동,,,,,name_not_found,0
4111360300,경기도 수원시 권선구 매탄3동,,,,,name_not_found,0
4111361000,경기도 수원시 권선구 원천동,,,,,name_not_found,0
4111361500,경기도 수원시 권선구 권선동,,,,,name_not_found,0
4111361600,경기도 수원시 권선구 권선1동,3101260,경기도 수원시 권선구 권선1동,958068.0,1917820.0,matched,1
4111361700,경기도 수원시 권선구 권선2동,3101264,경기도 수원시 권선구 권선2동,957844.0,1916457.0,matched,1
4111362000,경기도 수원시 권선구 곡선동,3101261,경기도 수원시 권선구 곡선동,958471.0,1915837.0,matched,1
4111363000,경기도 수원시 권선구 구운동,3101257,경기도 수원시 권선구 구운동,953059.0,1920335.0,matched,1
4111363500,경기도 수원시 권선구 금호동,,,,,name_not_found,0
4111364000,경기도 수원시 권선구 입북동,3101262,경기도 수원시 권선구 입북동,951099.0,1921395.0,matched,1
4111365000,경기도 수원시 권선구 구운동,3101257,경기도 수원시 권선구 구운동,953059.0,1920335.0,matched,1
4111366000,경기도 수원시 권선구 금호동,,,,,name_not_found,0
4111366200,경기도 수원시 권선구 금곡동,3101265,경기도 수원시 권선구 금곡동,950736.0,1919753.0,matched,1
4111366400,경기도 수원시 권선구 호매실동,3101266,경기도 수원시 권선구 호매실동,951510.0,1918318.0,matched,1
4111367000,경기도 수원시 권선구 권선1동,3101260,경기도 수원시 권선구 권선1동,958068.0,1917820.0,matched,1
4111368000,경기도 수원시 권선구 권선2동,3101264,경기도 수원시 권선구 권선2동,957844.0,1916457.0,matched,1
4111369000,경기도 수원시 권선구 곡선동,3101261,경기도 수원시 권선구 곡선동,958471.0,1915837.0,matched,1
4111370000,경기도 수원시 권선구 입북동,3101262,경기도 수원시 권선구 입북동,951099.0,1921395.0,matched,1
4111500000,경기도 수원시 팔달구,,,,,name_not_found,0
4111551000,경기도 수원시 팔달구 팔달동,,,,,name_not_found,0
4111552000,경기도 수원시 팔달구 남향동,,,,,name_not_found,0
4111553000,경기도 수원시 팔달구 지동,3101353,경기도 수원시 팔달구 지동,957889.0,1920271.0,matched,1
4111554000,경기도 수원시 팔달구 우만동,,,,,name_not_found,0
4111554100,경기도 수원시 팔달구 우만1동,3101354,경기도 수원시 팔달구 우만1동,958646.0,1921088.0,matched,1
4111554200,경기도 수원시 팔달구 우만2동,3101355,경기도 수원시 팔달구 우만2동,959095.0,1920234.0,matched,1
4111555000,경기도 수원시 팔달구 이의동,,,,,name_not_found,0
4111556000,경기도 수원시 팔달구 인계동,3101356,경기도 수원시 팔달구 인계동,958111.0,1918970.0,matched,1
4111557000,경기도 수원시 팔달구 매탄1동,,,,,name_not_found,0
4111558000,경기도 수원시 팔달구 매탄2동,,,,,name_not_found,0
4111559000,경기도 수원시 팔달구 매탄3동,,,,,name_not_found,0
4111559100,경기도 수원시 팔달구 매탄4동,,,,,name_not_found,0
4111559500,경기도 수원시 팔달구 태장동,,,,,name_not_found,0
4111560000,경기도 수원시 팔달구 원천동,,,,,name_not_found,0
4111561000,경기도 수원시 팔달구 영통동,,,,,name_not_found,0
4111562000,경기도 수원시 팔달구 영통1동,,,,,name_not_found,0
4111563000,경기도 수원시 팔달구 영통2동,,,,,name_not_found,0
4111564000,경기도 수원시 팔달구 신안동,,,,,name_not_found,0
4111565000,경기도 수원시 팔달구 매교동,3101367,경기도 수원시 팔달구 매교동,956993.0,1919044.0,matched,1
4111566000,경기도 수원시 팔달구 매산동,3101368,경기도 수원시 팔달구 매산동,956096.0,1919017.0,matched,1
4111567000,경기도 수원시 팔달구 고등동,3101369,경기도 수원시 팔달구 고등동,955961.0,1919611.0,matched,1
4111568000,경기도 수원시 팔달구 화서1동,3101370,경기도 수원시 팔달구 화서1동,955788.0,1920418.0,matched,1
4111569000,경기도 수원시 팔달구 화서2동,3101371,경기도 수원시 팔달구 화서2동,954859.0,1920736.0,matched,1
4111570000,경기도 수원시 팔달구 지동,3101353,경기도 수원시 팔달구 지동,957889.0,1920271.0,matched,1
4111571000,경기도 수원시 팔달구 우만1동,3101354,경기도 수원시 팔달구 우만1동,958646.0,1921088.0,matched,1
4111572000,경기도 수원시 팔달구 우만2동,3101355,경기도 수원시 팔달구 우만2동,959095.0,1920234.0,matched,1
4111573000,경기도 수원시 팔달구 인계동,3101356,경기도 수원시 팔달구 인계동,958111.0,1918970.0,matched,1
4111574000,경기도 수원시 팔달구 행궁동,3101372,경기도 수원시 팔달구 행궁동,957126.0,1920444.0,matched,1
4111700000,경기도 수원시 영통구,,,,,name_not_found,0
4111751000,경기도 수원시 영통구 매탄1동,3101451,경기도 수원시 영통구 매탄1동,959228.0,1919206.0,matched,1
4111752000,경기도 수원시 영통구 매탄2동,3101452,경기도 수원시 영통구 매탄2동,960241.0,1919261.0,matched,1
4111753000,경기도 수원시 영통구 매탄3동,3101453,경기도 수원시 영통구 매탄3동,960117.0,1917685.0,matched,1
4111754000,경기도 수원시 영통구 매탄4동,3101454,경기도 수원시 영통구 매탄4동,959943.0,1918753.0,matched,1
4111755000,경기도 수원시 영통구 원천동,3101460,경기도 수원시 영통구 원천동,961121.0,1919455.0,matched,1
4111756000,경기도 수원시 영통구 이의동,,,,,name_not_found,0
4111756500,경기도 수원시 영통구 광교동,,,,,name_not_found,0
4111757000,경기도 수원시 영통구 영통1동,3101464,경기도 수원시 영통구 영통1동,962372.0,1918009.0,matched,1
4111758000,경기도 수원시 영통구 영통2동,3101465,경기도 수원시 영통구 영통2동,960459.0,1916678.0,matched,1
4111758500,경기도 수원시 영통구 영통3동,3101466,경기도 수원시 영통구 영통3동,962033.0,1917063.0,matched,1
4111759000,경기도 수원시 영통구 태장동,,,,,name_not_found,0
4111759300,경기도 수원시 영통구 망포1동,3101467,경기도 수원시 영통구 망포1동,960849.0,1915686.0,matched,1
4111759600,경기도 수원시 영통구 망포2동,3101468,경기도 수원시 영통구 망포2동,959875.0,1915760.0,matched,1
4111760000,경기도 수원시 영통구 광교1동,3101462,경기도 수원시 영통구 광교1동,959914.0,1922581.0,matched,1
4111761000,경기도 수원시 영통구 광교2동,3101463,경기도 수원시 영통구 광교2동,962117.0,1921013.0,matched,1
4113000000,경기도 성남시,,,,,name_not_found,0
4113051000,경기도 성남시 신흥1동,,,,,name_not_found,0
4113052000,경기도 성남시 신흥2동,,,,,name_not_found,0
4113053000,경기도 성남시 신흥3동,,,,,name_not_found,0
4113054000,경기도 성남시 태평1동,,,,,name_not_found,0
4113055000,경기도 성남시 태평2동,,,,,name_not_found,0
4113056000,경기도 성남시 태평3동,,,,,name_not_found,0
4113057000,경기도 성남시 수진1동,,,,,name_not_found,0
4113058000,경기도 성남시 수진2동,,,,,name_not_found,0
4113059000,경기도 성남시 성남동,,,,,name_not_found,0
4113060000,경기도 성남시 중동,,,,,name_not_found,0
4113061000,경기도 성남시 단대1동,,,,,name_not_found,0
4113062000,경기도 성남시 단대2동,,,,,name_not_found,0
4113063000,경기도 성남시 단대3동,,,,,name_not_found,0
4113064000,경기도 성남시 단대4동,,,,,name_not_found,0
4113065000,경기도 성남시 은행1동,,,,,name_not_found,0
4113066000,경기도 성남시 은행2동,,,,,name_not_found,0
4113067000,경기도 성남시 상대원1동,,,,,name_not_found,0
4113068000,경기도 성남시 상대원2동,,,,,name_not_found,0
4113069000,경기도 성남시 상대원3동,,,,,name_not_found,0
4113070000,경기도 성남시 복정동,,,,,name_not_found,0
4113071000,경기도 성남시 분당동,,,,,name_not_found,0
4113072000,경기도 성남시 이매동,,,,,name_not_found,0
4113073000,경기도 성남시 여수동,,,,,name_not_found,0
4113074000,경기도 성남시 신촌동,,,,,name_not_found,0
4113075000,경기도 성남시 고등동,,,,,name_not_found,0
4113076000,경기도 성남시 시흥동,,,,,name_not_found,0
4113077000,경기도 성남시 판교동,,,,,name_not_found,0
4113078000,경기도 성남시 금곡동,,,,,name_not_found,0
4113079000,경기도 성남시 운중동,,,,,name_not_found,0
4113100000,경기도 성남시 수정구,,,,,name_not_found,0
4113151000,경기도 성남시 수정구 신흥1동,3102151,경기도 성남시 수정구 신흥1동,968200.0,1938028.0,matched,1
4113152000,경기도 성남시 수정구 신흥2동,3102152,경기도 성남시 수정구 신흥2동,968973.0,1939000.0,matched,1
4113153000,경기도 성남시 수정구 신흥3동,3102153,경기도 성남시 수정구 신흥3동,968737.0,1938355.0,matched,1
4113154000,경기도 성남시 수정구 태평1동,3102154,경기도 성남시 수정구 태평1동,966704.0,1938574.0,matched,1
4113155000,경기도 성남시 수정구 태평2동,3102155,경기도 성남시 수정구 태평2동,967838.0,1938776.0,matched,1
4113156000,경기도 성남시 수정구 태평3동,3102156,경기도 성남시 수정구 태평3동,967458.0,1938560.0,matched,1
4113156100,경기도 성남시 수정구 태평4동,3102157,경기도 성남시 수정구 태평4동,968226.0,1938980.0,matched,1
4113157000,경기도 성남시 수정구 수진1동,3102158,경기도 성남시 수정구 수진1동,967772.0,1937773.0,matched,1
4113158000,경기도 성남시 수정구 수진2동,3102159,경기도 성남시 수정구 수진2동,966919.0,1937637.0,matched,1
4113159000,경기도 성남시 수정구 단대동,3102160,경기도 성남시 수정구 단대동,969682.0,1939573.0,matched,1
4113160000,경기도 성남시 수정구 산성동,3102161,경기도 성남시 수정구 산성동,969288.0,1939786.0,matched,1
4113161000,경기도 성남시 수정구 양지동,3102162,경기도 성남시 수정구 양지동,970390.0,1940603.0,matched,1
4113162000,경기도 성남시 수정구 복정동,3102167,경기도 성남시 수정구 복정동,967346.0,1940024.0,matched,1
4113162500,경기도 성남시 수정구 위례동,3102168,경기도 성남시 수정구 위례동,968787.0,1941016.0,matched,1
4113163000,경기도 성남시 수정구 신촌동,3102164,경기도 성남시 수정구 신촌동,965056.0,1939043.0,matched,1
4113164000,경기도 성남시 수정구 고등동,3102165,경기도 성남시 수정구 고등동,962915.0,1936940.0,matched,1
4113165000,경기도 성남시 수정구 시흥동,3102166,경기도 성남시 수정구 시흥동,963134.0,1934855.0,matched,1
4113200000,경기도 성남시수정출장소,,,,,name_not_found,0
4113300000,경기도 성남시 중원구,,,,,name_not_found,0
4113351000,경기도 성남시 중원구 성남동,3102251,경기도 성남시 중원구 성남동,967518.0,1937081.0,matched,1
4113352000,경기도 성남시 중원구 중동,,,,,name_not_found,0
4113352500,경기도 성남시 중원구 중앙동,3102262,경기도 성남시 중원구 중앙동,969024.0,1937914.0,matched,1
4113353000,경기도 성남시 중원구 금광1동,3102253,경기도 성남시 중원구 금광1동,970486.0,1938503.0,matched,1
4113354000,경기도 성남시 중원구 금광2동,3102254,경기도 성남시 중원구 금광2동,970605.0,1938993.0,matched,1
4113355000,경기도 성남시 중원구 은행1동,3102255,경기도 성남시 중원구 은행1동,970554.0,1939455.0,matched,1
4113356000,경기도 성남시 중원구 은행2동,3102256,경기도 성남시 중원구 은행2동,971260.0,1940269.0,matched,1
4113357000,경기도 성남시 중원구 상대원1동,3102257,경기도 성남시 중원구 상대원1동,971717.0,1937953.0,matched,1
4113358000,경기도 성남시 중원구 상대원2동,3102258,경기도 성남시 중원구 상대원2동,969743.0,1937400.0,matched,1
4113359000,경기도 성남시 중원구 상대원3동,3102259,경기도 성남시 중원구 상대원3동,970200.0,1937786.0,matched,1
4113360000,경기도 성남시 중원구 분당동,,,,,name_not_found,0
4113361000,경기도 성남시 중원구 이매동,,,,,name_not_found,0
4113362000,경기도 성남시 중원구 여수동,,,,,name_not_found,0
4113363000,경기도 성남시 중원구 판교동,,,,,name_not_found,0
4113364000,경기도 성남시 중원구 금곡동,,,,,name_not_found,0
4113365000,경기도 성남시 중원구 운중동,,,,,name_not_found,0
4113366000,경기도 성남시 중원구 하대원동,3102260,경기도 성남시 중원구 하대원동,968667.0,1936610.0,matched,1
4113367000,경기도 성남시 중원구 도촌동,3102261,경기도 성남시 중원구 도촌동,970007.0,1935626.0,matched,1
4113400000,경기도 성남시중원출장소,,,,,name_not_found,0
4113500000,경기도 성남시 분당구,,,,,name_not_found,0
4113551000,경기도 성남시 분당구 분당동,3102351,경기도 성남시 분당구 분당동,968530.0,1930033.0,matched,1
4113552000,경기도 성남시 분당구 수내1동,3102353,경기도 성남시 분당구 수내1동,965900.0,1931178.0,matched,1
4113553000,경기도 성남시 분당구 수내2동,3102354,경기도 성남시 분당구 수내2동,966621.0,1930724.0,matched,1
4113554000,경기도 성남시 분당구 수내3동,3102352,경기도 성남시 분당구 수내3동,967177.0,1929588.0,matched,1
4113554500,경기도 성남시 분당구 정자동,3102378,경기도 성남시 분당구 정자동,965565.0,1929821.0,matched,1
4113555000,경기도 성남시 분당구 정자1동,3102377,경기도 성남시 분당구 정자1동,965081.0,1930326.0,matched,1
4113556000,경기도 성남시 분당구 정자2동,3102355,경기도 성남시 분당구 정자2동,966237.0,1929895.0,matched,1
4113557000,경기도 성남시 분당구 정자3동,3102356,경기도 성남시 분당구 정자3동,966617.0,1928794.0,matched,1
4113558000,경기도 성남시 분당구 서현1동,3102358,경기도 성남시 분당구 서현1동,968960.0,1931888.0,matched,1
4113559000,경기도 성남시 분당구 서현2동,3102359,경기도 성남시 분당구 서현2동,967903.0,1930735.0,matched,1
4113560000,경기도 성남시 분당구 이매1동,3102360,경기도 성남시 분당구 이매1동,967560.0,1932971.0,matched,1
4113561000,경기도 성남시 분당구 이매2동,3102361,경기도 성남시 분당구 이매2동,966548.0,1933376.0,matched,1
4113562000,경기도 성남시 분당구 야탑1동,3102362,경기도 성남시 분당구 야탑1동,966896.0,1934998.0,matched,1
4113563000,경기도 성남시 분당구 야탑2동,3102364,경기도 성남시 분당구 야탑2동,967029.0,1934398.0,matched,1
4113564000,경기도 성남시 분당구 야탑3동,3102363,경기도 성남시 분당구 야탑3동,969090.0,1934006.0,matched,1
4113565000,경기도 성남시 분당구 판교동,3102375,경기도 성남시 분당구 판교동,963944.0,1932158.0,matched,1
4113565500,경기도 성남시 분당구 삼평동,3102374,경기도 성남시 분당구 삼평동,965325.0,1933728.0,matched,1
4113565700,경기도 성남시 분당구 백현동,3102376,경기도 성남시 분당구 백현동,965465.0,1932360.0,matched,1
4113566000,경기도 성남시 분당구 금곡동,3102371,경기도 성남시 분당구 금곡동,964219.0,1929389.0,matched,1
4113566100,경기도 성남시 분당구 금곡1동,,,,,name_not_found,0
4113566200,경기도 성남시 분당구 금곡동,3102371,경기도 성남시 분당구 금곡동,964219.0,1929389.0,matched,1
4113566400,경기도 성남시 분당구 금곡2동,,,,,name_not_found,0
4113566500,경기도 성남시 분당구 구미1동,3102372,경기도 성남시 분당구 구미1동,965200.0,1927760.0,matched,1
4113567000,경기도 성남시 분당구 구미동,3102367,경기도 성남시 분당구 구미동,966452.0,1927137.0,matched,1
4113568000,경기도 성남시 분당구 운중동,3102368,경기도 성남시 분당구 운중동,960907.0,1931517.0,matched,1
4113590000,경기도 성남시 분당구 서현동,,,,,name_not_found,0
4113590100,경기도 성남시 분당구 내정동,,,,,name_not_found,0
4113590200,경기도 성남시 분당구 정자동,3102378,경기도 성남시 분당구 정자동,965565.0,1929821.0,matched,1
4113590300,경기도 성남시 분당구 초림동,,,,,name_not_found,0
4113590400,경기도 성남시 분당구 서당동,,,,,name_not_found,0
4113590500,경기도 성남시 분당구 수내동,,,,,name_not_found,0
4113590600,경기도 성남시 분당구 이매동,,,,,name_not_found,0
4113590700,경기도 성남시 분당구 야탑동,,,,,name_not_found,0
4113590800,경기도 성남시 분당구 중탑동,,,,,name_not_found,0
4113590900,경기도 성남시 분당구 하탑동,,,,,name_not_found,0
4113591000,경기도 성남시 분당구 매송동,,,,,name_not_found,0
4113591100,경기도 성남시 분당구 신기동,,,,,name_not_found,0
4113591200,경기도 성남시 분당구 불정동,,,,,name_not_found,0
4115000000,경기도 의정부시,,,,,name_not_found,0
4115051000,경기도 의정부시 의정부1동,3103069,경기도 의정부시 의정부1동,960267.0,1971385.0,matched,1
4115052000,경기도 의정부시 의정부2동,3103052,경기도 의정부시 의정부2동,959201.0,1970819.0,matched,1
4115053000,경기도 의정부시 의정부3동,,,,,name_not_found,0
4115054000,경기도 의정부시 의정부4동,,,,,name_not_found,0
4115054500,경기도 의정부시 호원1동,3103055,경기도 의정부시 호원1동,959194.0,1967521.0,matched,1
4115055000,경기도 의정부시 호원동,,,,,name_not_found,0
4115055500,경기도 의정부시 호원2동,3103065,경기도 의정부시 호원2동,958611.0,1969163.0,matched,1
4115056000,경기도 의정부시 장곡동,,,,,name_not_found,0
4115056100,경기도 의정부시 장암동,3103056,경기도 의정부시 장암동,961496.0,1967604.0,matched,1
4115056600,경기도 의정부시 신곡동,,,,,name_not_found,0
4115056700,경기도 의정부시 신곡1동,3103057,경기도 의정부시 신곡1동,961618.0,1970277.0,matched,1
4115056800,경기도 의정부시 신곡2동,3103058,경기도 의정부시 신곡2동,961929.0,1971858.0,matched,1
4115057000,경기도 의정부시 송산동,,,,,name_not_found,0
4115057300,경기도 의정부시 송산1동,3103059,경기도 의정부시 송산1동,964531.0,1969654.0,matched,1
4115057600,경기도 의정부시 송산2동,3103070,경기도 의정부시 송산2동,964221.0,1971200.0,matched,1
4115057800,경기도 의정부시 송산3동,3103071,경기도 의정부시 송산3동,966231.0,1972775.0,matched,1
4115058000,경기도 의정부시 자금동,3103060,경기도 의정부시 자금동,963581.0,1973812.0,matched,1
4115059000,경기도 의정부시 가능1동,,,,,name_not_found,0
4115059500,경기도 의정부시 가능동,3103068,경기도 의정부시 가능동,958275.0,1972822.0,matched,1
4115060000,경기도 의정부시 가능2동,,,,,name_not_found,0
4115061000,경기도 의정부시 가능3동,,,,,name_not_found,0
4115061500,경기도 의정부시 흥선동,3103067,경기도 의정부시 흥선동,957553.0,1971151.0,matched,1
4115062000,경기도 의정부시 녹양동,3103064,경기도 의정부시 녹양동,958665.0,1973640.0,matched,1
4117000000,경기도 안양시,,,,,name_not_found,0
4117051000,경기도 안양시 안양1동,,,,,name_not_found,0
4117052000,경기도 안양시 안양2동,,,,,name_not_found,0
4117053000,경기도 안양시 안양3동,,,,,name_not_found,0
4117054000,경기도 안양시 안양4동,,,,,name_not_found,0
4117055000,경기도 안양시 안양5동,,,,,name_not_found,0
4117056000,경기도 안양시 안양6동,,,,,name_not_found,0
4117057000,경기도 안양시 안양7동,,,,,name_not_found,0
4117058000,경기도 안양시 안양8동,,,,,name_not_found,0
4117059000,경기도 안양시 비산1동,,,,,name_not_found,0
4117060000,경기도 안양시 비산2동,,,,,name_not_found,0
4117060100,경기도 안양시 비산3동,,,,,name_not_found,0
4117060600,경기도 안양시 부흥동,,,,,name_not_found,0
4117061000,경기도 안양시 관양동,,,,,name_not_found,0
4117061100,경기도 안양시 관양1동,,,,,name_not_found,0
4117061200,경기도 안양시 관양2동,,,,,name_not_found,0
4117062000,경기도 안양시 평촌동,,,,,name_not_found,0
4117063000,경기도 안양시 호계1동,,,,,name_not_found,0
4117064000,경기도 안양시 호계2동,,,,,name_not_found,0
4117065000,경기도 안양시 호계3동,,,,,name_not_found,0
4117065500,경기도 안양시 범계동,,,,,name_not_found,0
4117066000,경기도 안양시 석수1동,,,,,name_not_found,0
4117067000,경기도 안양시 석수2동,,,,,name_not_found,0
4117067100,경기도 안양시 석수3동,,,,,name_not_found,0
4117068000,경기도 안양시 박달동,,,,,name_not_found,0
4117100000,경기도 안양시 만안구,,,,,name_not_found,0
4117151000,경기도 안양시 만안구 안양1동,3104151,경기도 안양시 만안구 안양1동,949216.0,1933519.0,matched,1
4117152000,경기도 안양시 만안구 안양2동,3104152,경기도 안양시 만안구 안양2동,948620.0,1934576.0,matched,1
4117153000,경기도 안양시 만안구 안양3동,3104153,경기도 안양시 만안구 안양3동,947828.0,1933370.0,matched,1
4117154000,경기도 안양시 만안구 안양4동,3104154,경기도 안양시 만안구 안양4동,948547.0,1933348.0,matched,1
4117155000,경기도 안양시 만안구 안양5동,3104155,경기도 안양시 만안구 안양5동,948860.0,1932727.0,matched,1
4117156000,경기도 안양시 만안구 안양6동,3104156,경기도 안양시 만안구 안양6동,949090.0,1932225.0,matched,1
4117157000,경기도 안양시 만안구 안양7동,3104157,경기도 안양시 만안구 안양7동,950127.0,1932416.0,matched,1
4117158000,경기도 안양시 만안구 안양8동,3104158,경기도 안양시 만안구 안양8동,949550.0,1931595.0,matched,1
4117158100,경기도 안양시 만안구 안양9동,3104159,경기도 안양시 만안구 안양9동,947240.0,1931162.0,matched,1
4117159000,경기도 안양시 만안구 석수1동,3104160,경기도 안양시 만안구 석수1동,949280.0,1936763.0,matched,1
4117160000,경기도 안양시 만안구 석수2동,3104161,경기도 안양시 만안구 석수2동,947032.0,1935739.0,matched,1
4117161000,경기도 안양시 만안구 석수3동,3104162,경기도 안양시 만안구 석수3동,946806.0,1934478.0,matched,1
4117162000,경기도 안양시 만안구 박달동,,,,,name_not_found,0
4117162100,경기도 안양시 만안구 박달1동,3104163,경기도 안양시 만안구 박달1동,947702.0,1934086.0,matched,1
4117163000,경기도 안양시 만안구 박달2동,3104164,경기도 안양시 만안구 박달2동,945868.0,1933183.0,matched,1
4117300000,경기도 안양시 동안구,,,,,name_not_found,0
4117351000,경기도 안양시 동안구 비산1동,3104251,경기도 안양시 동안구 비산1동,949851.0,1934389.0,matched,1
4117352000,경기도 안양시 동안구 비산2동,3104252,경기도 안양시 동안구 비산2동,950365.0,1933239.0,matched,1
4117353000,경기도 안양시 동안구 비산3동,3104253,경기도 안양시 동안구 비산3동,951468.0,1935777.0,matched,1
4117354000,경기도 안양시 동안구 부흥동,3104254,경기도 안양시 동안구 부흥동,950959.0,1932908.0,matched,1
4117354600,경기도 안양시 동안구 달안동,3104255,경기도 안양시 동안구 달안동,951373.0,1933128.0,matched,1
4117355000,경기도 안양시 동안구 관양1동,3104256,경기도 안양시 동안구 관양1동,952581.0,1934779.0,matched,1
4117356000,경기도 안양시 동안구 관양2동,3104257,경기도 안양시 동안구 관양2동,953221.0,1933472.0,matched,1
4117356600,경기도 안양시 동안구 부림동,3104258,경기도 안양시 동안구 부림동,952119.0,1933201.0,matched,1
4117357000,경기도 안양시 동안구 평촌동,3104259,경기도 안양시 동안구 평촌동,953572.0,1932712.0,matched,1
4117357600,경기도 안양시 동안구 평안동,3104260,경기도 안양시 동안구 평안동,952536.0,1932484.0,matched,1
4117357800,경기도 안양시 동안구 귀인동,3104261,경기도 안양시 동안구 귀인동,952822.0,1931920.0,matched,1
4117358000,경기도 안양시 동안구 호계1동,3104262,경기도 안양시 동안구 호계1동,951660.0,1930537.0,matched,1
4117359000,경기도 안양시 동안구 호계2동,3104263,경기도 안양시 동안구 호계2동,951047.0,1931621.0,matched,1
4117360000,경기도 안양시 동안구 호계3동,3104264,경기도 안양시 동안구 호계3동,952226.0,1929934.0,matched,1
4117361000,경기도 안양시 동안구 범계동,3104265,경기도 안양시 동안구 범계동,951656.0,1932204.0,matched,1
4117362000,경기도 안양시 동안구 신촌동,3104266,경기도 안양시 동안구 신촌동,951952.0,1931474.0,matched,1
4117363000,경기도 안양시 동안구 갈산동,3104267,경기도 안양시 동안구 갈산동,952623.0,1931108.0,matched,1
4117500000,경기도 안양시만안출장소,,,,,name_not_found,0
4117600000,경기도 안양시동안출장소,,,,,name_not_found,0
4119000000,경기도 부천시,,,,,name_not_found,0
4119051000,경기도 부천시 심곡2동,,,,,name_not_found,0
4119052000,경기도 부천시 심곡1동,,,,,name_not_found,0
4119053000,경기도 부천시 심곡3동,,,,,name_not_found,0
4119054000,경기도 부천시 원미2동,,,,,name_not_found,0
4119055000,경기도 부천시 소사동,,,,,name_not_found,0
4119056000,경기도 부천시 원미1동,,,,,name_not_found,0
4119057000,경기도 부천시 역곡1동,,,,,name_not_found,0
4119058000,경기도 부천시 역곡2동,,,,,name_not_found,0
4119059000,경기도 부천시 춘의동,,,,,name_not_found,0
4119060000,경기도 부천시 도당동,,,,,name_not_found,0
4119060300,경기도 부천시 심곡동,3105087,경기도 부천시 심곡동,936849.0,1943516.0,matched,1
4119060600,경기도 부천시 부천동,3105088,경기도 부천시 부천동,937995.0,1944867.0,matched,1
4119061000,경기도 부천시 중동,3105089,경기도 부천시 중동,934819.0,1943810.0,matched,1
4119062000,경기도 부천시 상동,3105091,경기도 부천시 상동,933735.0,1945109.0,matched,1
4119063000,경기도 부천시 상1동,,,,,name_not_found,0
4119064000,경기도 부천시 중4동,,,,,name_not_found,0
4119065000,경기도 부천시 약대동,,,,,name_not_found,0
4119066000,경기도 부천시 중1동,,,,,name_not_found,0
4119067000,경기도 부천시 중2동,,,,,name_not_found,0
4119068000,경기도 부천시 중3동,,,,,name_not_found,0
4119069000,경기도 부천시 상2동,,,,,name_not_found,0
4119070000,경기도 부천시 상3동,,,,,name_not_found,0
4119071000,경기도 부천시 심곡본동,,,,,name_not_found,0
4119072000,경기도 부천시 심곡본1동,,,,,name_not_found,0
4119073000,경기도 부천시 송내1동,,,,,name_not_found,0
4119074000,경기도 부천시 송내2동,,,,,name_not_found,0
4119074200,경기도 부천시 신중동,3105090,경기도 부천시 신중동,935444.0,1945222.0,matched,1
4119074400,경기도 부천시 상동,3105091,경기도 부천시 상동,933735.0,1945109.0,matched,1
4119074600,경기도 부천시 대산동,3105092,경기도 부천시 대산동,935447.0,1942596.0,matched,1
4119075000,경기도 부천시 소사본동,3105093,경기도 부천시 소사본동,937678.0,1941815.0,matched,1
4119076000,경기도 부천시 소사본3동,,,,,name_not_found,0
4119077000,경기도 부천시 괴안동,,,,,name_not_found,0
4119078000,경기도 부천시 범박동,,,,,name_not_found,0
4119079000,경기도 부천시 역곡3동,,,,,name_not_found,0
4119079500,경기도 부천시 범안동,3105094,경기도 부천시 범안동,939575.0,1941628.0,matched,1
4119080000,경기도 부천시 성곡동,3105095,경기도 부천시 성곡동,939135.0,1947160.0,matched,1
4119081000,경기도 부천시 고강본동,,,,,name_not_found,0
4119082000,경기도 부천시 고강1동,,,,,name_not_found,0
4119083000,경기도 부천시 오정동,3105096,경기도 부천시 오정동,936501.0,1948273.0,matched,1
4119084000,경기도 부천시 원종1동,,,,,name_not_found,0
4119085000,경기도 부천시 원종2동,,,,,name_not_found,0
4119086000,경기도 부천시 신흥동,,,,,name_not_found,0
4119100000,경기도 부천시 중구,,,,,name_not_found,0
4119151000,경기도 부천시 중구 심곡2동,,,,,name_not_found,0
4119152000,경기도 부천시 중구 심곡3동,,,,,name_not_found,0
4119152500,경기도 부천시 중구 심곡진동,,,,,name_not_found,0
4119153000,경기도 부천시 중구 원미1동,,,,,name_not_found,0
4119154000,경기도 부천시 중구 원미2동,,,,,name_not_found,0
4119155000,경기도 부천시 중구 춘의동,,,,,name_not_found,0
4119156000,경기도 부천시 중구 성곡동,,,,,name_not_found,0
4119157000,경기도 부천시 중구 성지동,,,,,name_not_found,0
4119157100,경기도 부천시 중구 원종동,,,,,name_not_found,0
4119157200,경기도 부천시 중구 원종1동,,,,,name_not_found,0
4119157300,경기도 부천시 중구 원종2동,,,,,name_not_found,0
4119157600,경기도 부천시 중구 고강동,,,,,name_not_found,0
4119157700,경기도 부천시 중구 고강본동,,,,,name_not_found,0
4119157800,경기도 부천시 중구 고강1동,,,,,name_not_found,0
4119158000,경기도 부천시 중구 오정동,,,,,name_not_found,0
4119159000,경기도 부천시 중구 신흥1동,,,,,name_not_found,0
4119160000,경기도 부천시 중구 신흥2동,,,,,name_not_found,0
4119161000,경기도 부천시 중구 도당동,,,,,name_not_found,0
4119300000,경기도 부천시 남구,,,,,name_not_found,0
4119350900,경기도 부천시 남구 심곡본동,,,,,name_not_found,0
4119351000,경기도 부천시 남구 심곡1동,,,,,name_not_found,0
4119352000,경기도 부천시 남구 소사1동,,,,,name_not_found,0
4119353000,경기도 부천시 남구 소사2동,,,,,name_not_found,0
4119354000,경기도 부천시 남구 소사3동,,,,,name_not_found,0
4119355000,경기도 부천시 남구 범박동,,,,,name_not_found,0
4119356000,경기도 부천시 남구 역곡1동,,,,,name_not_found,0
4119357000,경기도 부천시 남구 역곡2동,,,,,name_not_found,0
4119357100,경기도 부천시 남구 역곡3동,,,,,name_not_found,0
4119358000,경기도 부천시 남구 괴안동,,,,,name_not_found,0
4119359000,경기도 부천시 남구 중동,,,,,name_not_found,0
4119360000,경기도 부천시 남구 송내동,,,,,name_not_found,0
4119360100,경기도 부천시 남구 송내1동,,,,,name_not_found,0
4119360200,경기도 부천시 남구 송내2동,,,,,name_not_found,0
4119361000,경기도 부천시 남구 상동,,,,,name_not_found,0
4119500000,경기도 부천시 원미구,,,,,name_not_found,0
4119551000,경기도 부천시 원미구 심곡1동,,,,,name_not_found,0
4119552000,경기도 부천시 원미구 심곡2동,,,,,name_not_found,0
4119553000,경기도 부천시 원미구 심곡3동,,,,,name_not_found,0
4119554000,경기도 부천시 원미구 원미1동,,,,,name_not_found,0
4119555000,경기도 부천시 원미구 원미2동,,,,,name_not_found,0
4119556000,경기도 부천시 원미구 소사동,,,,,name_not_found,0
4119557000,경기도 부천시 원미구 역곡1동,,,,,name_not_found,0
4119558000,경기도 부천시 원미구 역곡2동,,,,,name_not_found,0
4119559000,경기도 부천시 원미구 춘의동,,,,,name_not_found,0
4119560000,경기도 부천시 원미구 도당동,,,,,name_not_found,0
4119561000,경기도 부천시 원미구 약대동,,,,,name_not_found,0
4119562000,경기도 부천시 원미구 중동,,,,,name_not_found,0
4119563000,경기도 부천시 원미구 중1동,,,,,name_not_found,0
4119564000,경기도 부천시 원미구 중2동,,,,,name_not_found,0
4119565000,경기도 부천시 원미구 중3동,,,,,name_not_found,0
4119566000,경기도 부천시 원미구 중4동,,,,,name_not_found,0
4119567000,경기도 부천시 원미구 상동,,,,,name_not_found,0
4119568000,경기도 부천시 원미구 상1동,,,,,name_not_found,0
4119569000,경기도 부천시 원미구 상2동,,,,,name_not_found,0
4119570000,경기도 부천시 원미구 상3동,,,,,name_not_found,0
4119700000,경기도 부천시 소사구,,,,,name_not_found,0
4119751000,경기도 부천시 소사구 심곡본1동,,,,,name_not_found,0
4119752000,경기도 부천시 소사구 심곡본동,,,,,name_not_found,0
4119753000,경기도 부천시소사구 소사본1동,,,,,name_not_found,0
4119753500,경기도 부천시 소사구 소사본동,,,,,name_not_found,0
4119754000,경기도 부천시소사구 소사본2동,,,,,name_not_found,0
4119755000,경기도 부천시 소사구 소사본3동,,,,,name_not_found,0
4119756000,경기도 부천시 소사구 범박동,,,,,name_not_found,0
4119757000,경기도 부천시 소사구 괴안동,,,,,name_not_found,0
4119758000,경기도 부천시 소사구 역곡3동,,,,,name_not_found,0
4119759000,경기도 부천시 소사구 송내1동,,,,,name_not_found,0
4119760000,경기도 부천시 소사구 송내2동,,,,,name_not_found,0
4119799000,경기도 부천시 소사구 심곡본2동,,,,,name_not_found,0
4119900000,경기도 부천시 오정구,,,,,name_not_found,0
4119951000,경기도 부천시 오정구 성곡동,,,,,name_not_found,0
4119952000,경기도 부천시 오정구 원종1동,,,,,name_not_found,0
4119953000,경기도 부천시 오정구 원종2동,,,,,name_not_found,0
4119954000,경기도 부천시 오정구 고강본동,,,,,name_not_found,0
4119955000,경기도 부천시 오정구 고강1동,,,,,name_not_found,0
4119956000,경기도 부천시 오정구 오정동,,,,,name_not_found,0
4119957000,경기도 부천시 오정구 신흥동,,,,,name_not_found,0
4121000000,경기도 광명시,,,,,name_not_found,0
4121051000,경기도 광명시 광명1동,3106051,경기도 광명시 광명1동,943559.0,1943396.0,matched,1
4121052000,경기도 광명시 광명2동,3106052,경기도 광명시 광명2동,943231.0,1942973.0,matched,1
4121054000,경기도 광명시 광명3동,3106053,경기도 광명시 광명3동,943079.0,1942664.0,matched,1
4121055000,경기도 광명시 광명4동,3106054,경기도 광명시 광명4동,942957.0,1942383.0,matched,1
4121056000,경기도 광명시 광명5동,3106055,경기도 광명시 광명5동,942406.0,1942192.0,matched,1
4121057000,경기도 광명시 광명6동,3106056,경기도 광명시 광명6동,941389.0,1941092.0,matched,1
4121058000,경기도 광명시 광명7동,3106057,경기도 광명시 광명7동,942625.0,1940891.0,matched,1
4121059000,경기도 광명시 철산1동,3106058,경기도 광명시 철산1동,944253.0,1943594.0,matched,1
4121060000,경기도 광명시 철산2동,3106059,경기도 광명시 철산2동,944008.0,1942873.0,matched,1
4121061000,경기도 광명시 철산3동,3106060,경기도 광명시 철산3동,944377.0,1941977.0,matched,1
4121062000,경기도 광명시 철산4동,3106061,경기도 광명시 철산4동,943700.0,1941647.0,matched,1
4121063000,경기도 광명시 하안동,,,,,name_not_found,0
4121063100,경기도 광명시 하안1동,3106062,경기도 광명시 하안1동,943968.0,1939985.0,matched,1
4121063200,경기도 광명시 하안2동,3106063,경기도 광명시 하안2동,944666.0,1940795.0,matched,1
4121063300,경기도 광명시 하안3동,3106064,경기도 광명시 하안3동,945370.0,1940256.0,matched,1
4121063400,경기도 광명시 하안4동,3106065,경기도 광명시 하안4동,945153.0,1941143.0,matched,1
4121064000,경기도 광명시 소하1동,3106066,경기도 광명시 소하1동,946104.0,1938565.0,matched,1
4121065000,경기도 광명시 소하2동,3106069,경기도 광명시 소하2동,944843.0,1937505.0,matched,1
4121066000,경기도 광명시 학온동,3106068,경기도 광명시 학온동,942943.0,1936892.0,matched,1
4122000000,경기도 평택시,,,,,name_not_found,0
4122025000,경기도 평택시 팽성읍,3107011,경기도 평택시 팽성읍,958765.0,1884871.0,matched,1
4122025200,경기도 평택시 팽성읍안정출장소,,,,,name_not_found,0
4122025300,경기도 평택시 안중읍,3107012,경기도 평택시 안중읍,949887.0,1888194.0,matched,1
4122025400,경기도 평택시 팽성읍서부출장소,,,,,name_not_found,0
4122025600,경기도 평택시 포승읍,3107013,경기도 평택시 포승읍,942825.0,1887605.0,matched,1
4122025900,경기도 평택시 청북읍,3107014,경기도 평택시 청북읍,949668.0,1894185.0,matched,1
4122031000,경기도 평택시 진위면,3107031,경기도 평택시 진위면,963404.0,1901122.0,matched,1
4122032000,경기도 평택시 서탄면,3107032,경기도 평택시 서탄면,957470.0,1900485.0,matched,1
4122033000,경기도 평택시 고덕면,3107033,경기도 평택시 고덕면,958135.0,1893274.0,matched,1
4122034000,경기도 평택시 오성면,3107034,경기도 평택시 오성면,954741.0,1889566.0,matched,1
4122035000,경기도 평택시 청북면,,,,,name_not_found,0
4122036000,경기도 평택시 포승면,,,,,name_not_found,0
4122037000,경기도 평택시 현덕면,3107037,경기도 평택시 현덕면,949433.0,1883073.0,matched,1
4122038000,경기도 평택시 안중면,,,,,name_not_found,0
4122051000,경기도 평택시 중앙동,3107051,경기도 평택시 중앙동,960931.0,1895170.0,matched,1
4122052000,경기도 평택시 서정동,3107052,경기도 평택시 서정동,960321.0,1896860.0,matched,1
4122053000,경기도 평택시 동부동,,,,,name_not_found,0
4122053500,경기도 평택시 송탄동,3107053,경기도 평택시 송탄동,964059.0,1894173.0,matched,1
4122054000,경기도 평택시 도원동,,,,,name_not_found,0
4122055000,경기도 평택시 지산동,3107055,경기도 평택시 지산동,960827.0,1897635.0,matched,1
4122056000,경기도 평택시 송북동,3107056,경기도 평택시 송북동,962478.0,1897906.0,matched,1
4122057000,경기도 평택시 신장1동,3107057,경기도 평택시 신장1동,960030.0,1898881.0,matched,1
4122058000,경기도 평택시 신장2동,3107058,경기도 평택시 신장2동,960026.0,1897672.0,matched,1
4122059000,경기도 평택시 신평동,3107059,경기도 평택시 신평동,964981.0,1887092.0,matched,1
4122060000,경기도 평택시 원평동,3107060,경기도 평택시 원평동,961998.0,1888305.0,matched,1
4122061000,경기도 평택시 통복동,3107061,경기도 평택시 통복동,963125.0,1888913.0,matched,1
4122062000,경기도 평택시 비전1동,3107067,경기도 평택시 비전1동,966526.0,1890792.0,matched,1
4122063000,경기도 평택시 비전2동,3107065,경기도 평택시 비전2동,966188.0,1888071.0,matched,1
4122063500,경기도 평택시 용이동,3107066,경기도 평택시 용이동,967987.0,1889234.0,matched,1
4122064000,경기도 평택시 세교동,3107064,경기도 평택시 세교동,962046.0,1890593.0,matched,1
4122200000,경기도 송탄출장소,,,,,name_not_found,0
4122400000,경기도 안중출장소,,,,,name_not_found,0
4123000000,경기도 송탄시,,,,,name_not_found,0
4123051000,경기도 송탄시 중앙동,,,,,name_not_found,0
4123052000,경기도 송탄시 서정동,,,,,name_not_found,0
4123053000,경기도 송탄시 동부동,,,,,name_not_found,0
4123054000,경기도 송탄시 도원동,,,,,name_not_found,0
4123055000,경기도 송탄시 지산동,,,,,name_not_found,0
4123056000,경기도 송탄시 송북동,,,,,name_not_found,0
4123057000,경기도 송탄시 신장1동,,,,,name_not_found,0
4123058000,경기도 송탄시 신장2동,,,,,name_not_found,0
4125000000,경기도 동두천시,,,,,name_not_found,0
4125051000,경기도 동두천시 생연1동,3108051,경기도 동두천시 생연1동,961925.0,1989983.0,matched,1
4125052000,경기도 동두천시 생연2동,3108052,경기도 동두천시 생연2동,960547.0,1989004.0,matched,1
4125053000,경기도 동두천시 생연3동,,,,,name_not_found,0
4125053500,경기도 동두천시 중앙동,3108053,경기도 동두천시 중앙동,960837.0,1989925.0,matched,1
4125054000,경기도 동두천시 생연4동,,,,,name_not_found,0
4125055000,경기도 동두천시 보산동,3108055,경기도 동두천시 보산동,963842.0,1991791.0,matched,1
4125056000,경기도 동두천시 내행동,,,,,name_not_found,0
4125056500,경기도 동두천시 불현동,3108056,경기도 동두천시 불현동,965592.0,1988153.0,matched,1
4125056600,경기도 동두천시 송내동,3108061,경기도 동두천시 송내동,961750.0,1986855.0,matched,1
4125057000,경기도 동두천시 동안동,,,,,name_not_found,0
4125058000,경기도 동두천시 소요동,3108058,경기도 동두천시 소요동,961014.0,1994300.0,matched,1
4125059000,경기도 동두천시 광암동,,,,,name_not_found,0
4125060000,경기도 동두천시 상패동,3108060,경기도 동두천시 상패동,958813.0,1990018.0,matched,1
4127000000,경기도 안산시,,,,,name_not_found,0
4127051000,경기도 안산시 반월동,,,,,name_not_found,0
4127051100,경기도 안산시 일동,,,,,name_not_found,0
4127051300,경기도 안산시 사1동,,,,,name_not_found,0
4127051400,경기도 안산시 사동,,,,,name_not_found,0
4127051500,경기도 안산시 사2동,,,,,name_not_found,0
4127051600,경기도 안산시 본오동,,,,,name_not_found,0
4127051700,경기도 안산시 본오1동,,,,,name_not_found,0
4127051800,경기도 안산시 본오2동,,,,,name_not_found,0
4127051900,경기도 안산시 부곡동,,,,,name_not_found,0
4127052000,경기도 안산시 수암동,,,,,name_not_found,0
4127052100,경기도 안산시 월피동,,,,,name_not_found,0
4127052600,경기도 안산시 와동,,,,,name_not_found,0
4127053000,경기도 안산시 중앙동,,,,,name_not_found,0
4127053100,경기도 안산시 고잔1동,,,,,name_not_found,0
4127053200,경기도 안산시 고잔2동,,,,,name_not_found,0
4127053600,경기도 안산시 성포동,,,,,name_not_found,0
4127054000,경기도 안산시 군자동,,,,,name_not_found,0
4127054100,경기도 안산시 원곡본동,,,,,name_not_found,0
4127055000,경기도 안산시 원곡동,,,,,name_not_found,0
4127055100,경기도 안산시 원곡1동,,,,,name_not_found,0
4127055200,경기도 안산시 원곡2동,,,,,name_not_found,0
4127056000,경기도 안산시 원초동,,,,,name_not_found,0
4127056100,경기도 안산시 초지동,,,,,name_not_found,0
4127056600,경기도 안산시 공단동,,,,,name_not_found,0
4127057000,경기도 안산시 선부동,,,,,name_not_found,0
4127057100,경기도 안산시 선부1동,,,,,name_not_found,0
4127057200,경기도 안산시 선부2동,,,,,name_not_found,0
4127057300,경기도 안산시 선부3동,,,,,name_not_found,0
4127058000,경기도 안산시 반월동,,,,,name_not_found,0
4127059000,경기도 안산시 대부동,,,,,name_not_found,0
4127060000,경기도 안산시 안산동,,,,,name_not_found,0
4127061000,경기도 안산시 본오3동,,,,,name_not_found,0
4127100000,경기도 안산시 상록구,,,,,name_not_found,0
4127151000,경기도 안산시 상록구 일동,3109151,경기도 안산시 상록구 일동,944167.0,1923996.0,matched,1
4127151500,경기도 안산시 상록구 이동,3109174,경기도 안산시 상록구 이동,942880.0,1923809.0,matched,1
4127152000,경기도 안산시 상록구 사1동,,,,,name_not_found,0
4127152500,경기도 안산시 상록구 사동,3109176,경기도 안산시 상록구 사동,942463.0,1922458.0,matched,1
4127153000,경기도 안산시 상록구 사2동,,,,,name_not_found,0
4127153200,경기도 안산시 상록구 사이동,3109177,경기도 안산시 상록구 사이동,941929.0,1920801.0,matched,1
4127153500,경기도 안산시 상록구 사3동,,,,,name_not_found,0
4127153700,경기도 안산시 상록구 해양동,3109178,경기도 안산시 상록구 해양동,940788.0,1921755.0,matched,1
4127154000,경기도 안산시 상록구 본오1동,3109154,경기도 안산시 상록구 본오1동,944329.0,1920983.0,matched,1
4127155000,경기도 안산시 상록구 본오2동,3109155,경기도 안산시 상록구 본오2동,944163.0,1922032.0,matched,1
4127156000,경기도 안산시 상록구 본오3동,3109156,경기도 안산시 상록구 본오3동,943936.0,1922645.0,matched,1
4127157000,경기도 안산시 상록구 부곡동,3109157,경기도 안산시 상록구 부곡동,944131.0,1926377.0,matched,1
4127158000,경기도 안산시 상록구 월피동,3109158,경기도 안산시 상록구 월피동,942222.0,1927489.0,matched,1
4127159000,경기도 안산시 상록구 성포동,3109162,경기도 안산시 상록구 성포동,942316.0,1924963.0,matched,1
4127160000,경기도 안산시 상록구 반월동,3109171,경기도 안산시 상록구 반월동,947374.0,1922857.0,matched,1
4127161000,경기도 안산시 상록구 안산동,3109173,경기도 안산시 상록구 안산동,944797.0,1929004.0,matched,1
4127300000,경기도 안산시 단원구,,,,,name_not_found,0
4127351000,경기도 안산시 단원구 와동,3109259,경기도 안산시 단원구 와동,940367.0,1926962.0,matched,1
4127352000,경기도 안산시 단원구 고잔1동,,,,,name_not_found,0
4127352500,경기도 안산시 단원구 고잔동,3109274,경기도 안산시 단원구 고잔동,940059.0,1925303.0,matched,1
4127353000,경기도 안산시 단원구 고잔2동,,,,,name_not_found,0
4127353200,경기도 안산시 단원구 중앙동,3109275,경기도 안산시 단원구 중앙동,941164.0,1925366.0,matched,1
4127353500,경기도 안산시 단원구 호수동,3109273,경기도 안산시 단원구 호수동,940735.0,1923699.0,matched,1
4127354000,경기도 안산시 단원구 원곡본동,,,,,name_not_found,0
4127354500,경기도 안산시 단원구 원곡동,3109276,경기도 안산시 단원구 원곡동,937257.0,1926044.0,matched,1
4127355000,경기도 안산시 단원구 원곡1동,,,,,name_not_found,0
4127355500,경기도 안산시 단원구 백운동,3109278,경기도 안산시 단원구 백운동,937914.0,1925233.0,matched,1
4127356000,경기도 안산시 단원구 원곡2동,,,,,name_not_found,0
4127356500,경기도 안산시 단원구 신길동,3109277,경기도 안산시 단원구 신길동,935260.0,1926050.0,matched,1
4127357000,경기도 안산시 단원구 초지동,3109266,경기도 안산시 단원구 초지동,935654.0,1923713.0,matched,1
4127358000,경기도 안산시 단원구 선부1동,3109268,경기도 안산시 단원구 선부1동,938705.0,1926125.0,matched,1
4127359000,경기도 안산시 단원구 선부2동,3109269,경기도 안산시 단원구 선부2동,938089.0,1927585.0,matched,1
4127360000,경기도 안산시 단원구 선부3동,3109270,경기도 안산시 단원구 선부3동,940013.0,1928563.0,matched,1
4127361000,경기도 안산시 단원구 대부동,3109272,경기도 안산시 단원구 대부동,920291.0,1917121.0,matched,1
4128000000,경기도 고양시,,,,,name_not_found,0
4128051000,경기도 고양시 주교동,,,,,name_not_found,0
4128052000,경기도 고양시 식사동,,,,,name_not_found,0
4128053000,경기도 고양시 원신동,,,,,name_not_found,0
4128054000,경기도 고양시 흥도동,,,,,name_not_found,0
4128055000,경기도 고양시 성사동,,,,,name_not_found,0
4128055100,경기도 고양시 성사1동,,,,,name_not_found,0
4128055200,경기도 고양시 성사2동,,,,,name_not_found,0
4128056000,경기도 고양시 효자동,,,,,name_not_found,0
4128057000,경기도 고양시 신도동,,,,,name_not_found,0
4128058000,경기도 고양시 창릉동,,,,,name_not_found,0
4128059000,경기도 고양시 중동,,,,,name_not_found,0
4128059100,경기도 고양시 일산1동,,,,,name_not_found,0
4128059200,경기도 고양시 일산2동,,,,,name_not_found,0
4128059300,경기도 고양시 일산3동,,,,,name_not_found,0
4128059400,경기도 고양시 일산4동,,,,,name_not_found,0
4128060000,경기도 고양시 일산동,,,,,name_not_found,0
4128061000,경기도 고양시 풍산동,,,,,name_not_found,0
4128062000,경기도 고양시 천청동,,,,,name_not_found,0
4128062100,경기도 고양시 백석동,,,,,name_not_found,0
4128063000,경기도 고양시 백마동,,,,,name_not_found,0
4128063100,경기도 고양시 마두1동,,,,,name_not_found,0
4128063200,경기도 고양시 마두2동,,,,,name_not_found,0
4128064000,경기도 고양시 낙민동,,,,,name_not_found,0
4128064100,경기도 고양시 주엽동,,,,,name_not_found,0
4128064200,경기도 고양시 주엽1동,,,,,name_not_found,0
4128064300,경기도 고양시 주엽2동,,,,,name_not_found,0
4128064600,경기도 고양시 대화동,,,,,name_not_found,0
4128065000,경기도 고양시 장항동,,,,,name_not_found,0
4128065100,경기도 고양시 장항1동,,,,,name_not_found,0
4128065200,경기도 고양시 장항2동,,,,,name_not_found,0
4128066000,경기도 고양시 고양동,,,,,name_not_found,0
4128067000,경기도 고양시 관산동,,,,,name_not_found,0
4128068000,경기도 고양시 고봉동,,,,,name_not_found,0
4128069000,경기도 고양시 능곡동,,,,,name_not_found,0
4128070000,경기도 고양시 화정동,,,,,name_not_found,0
4128071000,경기도 고양시 행주동,,,,,name_not_found,0
4128072000,경기도 고양시 행신동,,,,,name_not_found,0
4128072100,경기도 고양시 행신1동,,,,,name_not_found,0
4128072200,경기도 고양시 행신2동,,,,,name_not_found,0
4128073000,경기도 고양시 화전동,,,,,name_not_found,0
4128074000,경기도 고양시 대덕동,,,,,name_not_found,0
4128075000,경기도 고양시 송포동,,,,,name_not_found,0
4128076000,경기도 고양시 송산동,,,,,name_not_found,0
4128100000,경기도 고양시 덕양구,,,,,name_not_found,0
4128151000,경기도 고양시 덕양구 주교동,3110151,경기도 고양시 덕양구 주교동,940704.0,1962668.0,matched,1
4128152000,경기도 고양시 덕양구 원신동,3110152,경기도 고양시 덕양구 원신동,943976.0,1963733.0,matched,1
4128153000,경기도 고양시 덕양구 흥도동,3110153,경기도 고양시 덕양구 흥도동,943789.0,1959863.0,matched,1
4128154000,경기도 고양시 덕양구 성사1동,3110154,경기도 고양시 덕양구 성사1동,942255.0,1962448.0,matched,1
4128155000,경기도 고양시 덕양구 성사2동,3110155,경기도 고양시 덕양구 성사2동,941787.0,1961683.0,matched,1
4128156000,경기도 고양시 덕양구 효자동,3110156,경기도 고양시 덕양구 효자동,952250.0,1962734.0,matched,1
4128157000,경기도 고양시 덕양구 신도동,,,,,name_not_found,0
4128157500,경기도 고양시 덕양구 삼송동,3110170,경기도 고양시 덕양구 삼송동,947488.0,1962654.0,matched,1
4128158000,경기도 고양시 덕양구 창릉동,3110158,경기도 고양시 덕양구 창릉동,946369.0,1959256.0,matched,1
4128159000,경기도 고양시 덕양구 고양동,3110159,경기도 고양시 덕양구 고양동,947487.0,1967896.0,matched,1
4128160000,경기도 고양시 덕양구 관산동,3110160,경기도 고양시 덕양구 관산동,943926.0,1967976.0,matched,1
4128161000,경기도 고양시 덕양구 능곡동,3110161,경기도 고양시 덕양구 능곡동,938217.0,1958924.0,matched,1
4128162000,경기도 고양시 덕양구 화정동,,,,,name_not_found,0
4128162100,경기도 고양시 덕양구 화정1동,3110162,경기도 고양시 덕양구 화정1동,941151.0,1960480.0,matched,1
4128162200,경기도 고양시 덕양구 화정2동,3110163,경기도 고양시 덕양구 화정2동,941473.0,1959548.0,matched,1
4128163000,경기도 고양시 덕양구 행주동,3110164,경기도 고양시 덕양구 행주동,939958.0,1956675.0,matched,1
4128164000,경기도 고양시 덕양구 행신1동,3110165,경기도 고양시 덕양구 행신1동,941225.0,1958348.0,matched,1
4128165000,경기도 고양시 덕양구 행신2동,3110166,경기도 고양시 덕양구 행신2동,941963.0,1956636.0,matched,1
4128165500,경기도 고양시 덕양구 행신3동,3110169,경기도 고양시 덕양구 행신3동,942396.0,1958186.0,matched,1
4128166000,경기도 고양시 덕양구 화전동,3110167,경기도 고양시 덕양구 화전동,945602.0,1956194.0,matched,1
4128167000,경기도 고양시 덕양구 대덕동,3110168,경기도 고양시 덕양구 대덕동,943161.0,1954663.0,matched,1
4128300000,경기도 고양시 일산구,,,,,name_not_found,0
4128351000,경기도 고양시 일산구 식사동,,,,,name_not_found,0
4128352000,경기도 고양시 일산구 일산1동,,,,,name_not_found,0
4128353000,경기도 고양시 일산구 일산2동,,,,,name_not_found,0
4128354000,경기도 고양시 일산구 일산3동,,,,,name_not_found,0
4128355000,경기도 고양시 일산구 일산4동,,,,,name_not_found,0
4128355500,경기도 고양시 일산구 탄현동,,,,,name_not_found,0
4128356000,경기도 고양시 일산구 풍산동,,,,,name_not_found,0
4128357000,경기도 고양시 일산구 백석동,,,,,name_not_found,0
4128358000,경기도 고양시 일산구 마두1동,,,,,name_not_found,0
4128359000,경기도 고양시 일산구 마두2동,,,,,name_not_found,0
4128360000,경기도 고양시 일산구 주엽1동,,,,,name_not_found,0
4128361000,경기도 고양시 일산구 주엽2동,,,,,name_not_found,0
4128362000,경기도 고양시 일산구 장항1동,,,,,name_not_found,0
4128363000,경기도 고양시 일산구 장항2동,,,,,name_not_found,0
4128364000,경기도 고양시 일산구 대화동,,,,,name_not_found,0
4128365000,경기도 고양시 일산구 고봉동,,,,,name_not_found,0
4128366000,경기도 고양시 일산구 송포동,,,,,name_not_found,0
4128367000,경기도 고양시 일산구 송산동,,,,,name_not_found,0
4128500000,경기도 고양시 일산동구,,,,,name_not_found,0
4128551000,경기도 고양시 일산동구 식사동,3110351,경기도 고양시 일산동구 식사동,939697.0,1964601.0,matched,1
4128552000,경기도 고양시 일산동구 중산동,3110352,경기도 고양시 일산동구 중산동,936940.0,1965402.0,matched,1
4128553000,경기도 고양시 일산동구 정발산동,3110353,경기도 고양시 일산동구 정발산동,936333.0,1963842.0,matched,1
4128554000,경기도 고양시 일산동구 풍산동,3110354,경기도 고양시 일산동구 풍산동,938374.0,1962765.0,matched,1
4128555000,경기도 고양시 일산동구 백석동,,,,,name_not_found,0
4128555100,경기도 고양시 일산동구 백석1동,3110355,경기도 고양시 일산동구 백석1동,937587.0,1961116.0,matched,1
4128555200,경기도 고양시 일산동구 백석2동,3110361,경기도 고양시 일산동구 백석2동,936868.0,1960646.0,matched,1
4128556000,경기도 고양시 일산동구 마두1동,3110356,경기도 고양시 일산동구 마두1동,936830.0,1962754.0,matched,1
4128557000,경기도 고양시 일산동구 마두2동,3110357,경기도 고양시 일산동구 마두2동,936677.0,1961887.0,matched,1
4128558000,경기도 고양시 일산동구 장항1동,3110358,경기도 고양시 일산동구 장항1동,934807.0,1960717.0,matched,1
4128559000,경기도 고양시 일산동구 장항2동,3110359,경기도 고양시 일산동구 장항2동,935510.0,1962057.0,matched,1
4128560000,경기도 고양시 일산동구 고봉동,3110360,경기도 고양시 일산동구 고봉동,939507.0,1967683.0,matched,1
4128700000,경기도 고양시 일산서구,,,,,name_not_found,0
4128751000,경기도 고양시 일산서구 일산1동,3110451,경기도 고양시 일산서구 일산1동,935308.0,1965621.0,matched,1
4128752000,경기도 고양시 일산서구 일산2동,3110452,경기도 고양시 일산서구 일산2동,935946.0,1965372.0,matched,1
4128753000,경기도 고양시 일산서구 일산3동,3110453,경기도 고양시 일산서구 일산3동,935432.0,1964807.0,matched,1
4128754000,경기도 고양시 일산서구 탄현동,3110454,경기도 고양시 일산서구 탄현동,935542.0,1966717.0,matched,1
4128755000,경기도 고양시 일산서구 주엽1동,3110455,경기도 고양시 일산서구 주엽1동,935138.0,1963602.0,matched,1
4128756000,경기도 고양시 일산서구 주엽2동,3110456,경기도 고양시 일산서구 주엽2동,934498.0,1963955.0,matched,1
4128757000,경기도 고양시 일산서구 대화동,3110457,경기도 고양시 일산서구 대화동,933711.0,1964377.0,matched,1
4128758000,경기도 고양시 일산서구 송포동,3110458,경기도 고양시 일산서구 송포동,931445.0,1963340.0,matched,1
4128759000,경기도 고양시 일산서구 송산동,3110459,경기도 고양시 일산서구 송산동,930560.0,1965772.0,matched,1
4129000000,경기도 과천시,,,,,name_not_found,0
4129051000,경기도 과천시 중앙동,3111051,경기도 과천시 중앙동,953938.0,1937550.0,matched,1
4129052000,경기도 과천시 갈현동,3111052,경기도 과천시 갈현동,954003.0,1935338.0,matched,1
4129053000,경기도 과천시 별양동,3111053,경기도 과천시 별양동,955268.0,1936611.0,matched,1
4129054000,경기도 과천시 부림동,3111054,경기도 과천시 부림동,955663.0,1937436.0,matched,1
4129055000,경기도 과천시 과천동,3111055,경기도 과천시 과천동,956560.0,1939186.0,matched,1
4129056000,경기도 과천시 문원동,3111056,경기도 과천시 문원동,957413.0,1936283.0,matched,1
4131000000,경기도 구리시,,,,,name_not_found,0
4131051000,경기도 구리시 갈매동,3112051,경기도 구리시 갈매동,966305.0,1959193.0,matched,1
4131052000,경기도 구리시 동구동,3112052,경기도 구리시 동구동,967943.0,1958413.0,matched,1
4131053000,경기도 구리시 인창동,3112053,경기도 구리시 인창동,967137.0,1956752.0,matched,1
4131054000,경기도 구리시 교문동,,,,,name_not_found,0
4131054100,경기도 구리시 교문1동,3112054,경기도 구리시 교문1동,966284.0,1953470.0,matched,1
4131054200,경기도 구리시 교문2동,3112055,경기도 구리시 교문2동,967677.0,1954122.0,matched,1
4131055000,경기도 구리시 수택동,,,,,name_not_found,0
4131056000,경기도 구리시 수평동,,,,,name_not_found,0
4131057000,경기도 구리시 수택1동,3112056,경기도 구리시 수택1동,969056.0,1955432.0,matched,1
4131058000,경기도 구리시 수택2동,3112057,경기도 구리시 수택2동,968526.0,1955130.0,matched,1
4131059000,경기도 구리시 수택3동,3112058,경기도 구리시 수택3동,968999.0,1953538.0,matched,1
4133000000,경기도 평택시,,,,,name_not_found,0
4133051000,경기도 평택시 신평동,3107059,경기도 평택시 신평동,964981.0,1887092.0,matched,1
4133052000,경기도 평택시 서부동,,,,,name_not_found,0
4133052100,경기도 평택시 원평동,3107060,경기도 평택시 원평동,961998.0,1888305.0,matched,1
4133053000,경기도 평택시 통복동,3107061,경기도 평택시 통복동,963125.0,1888913.0,matched,1
4133054000,경기도 평택시 비전1동,3107067,경기도 평택시 비전1동,966526.0,1890792.0,matched,1
4133055000,경기도 평택시 비전2동,3107065,경기도 평택시 비전2동,966188.0,1888071.0,matched,1
4133056000,경기도 평택시 세교동,3107064,경기도 평택시 세교동,962046.0,1890593.0,matched,1
4135000000,경기도 미금시,,,,,name_not_found,0
4135051000,경기도 미금시 호평동,,,,,name_not_found,0
4135052000,경기도 미금시 평내동,,,,,name_not_found,0
4135053000,경기도 미금시 금곡동,,,,,name_not_found,0
4135054000,경기도 미금시 양정동,,,,,name_not_found,0
4135055000,경기도 미금시 지금동,,,,,name_not_found,0
4135056000,경기도 미금시 도농동,,,,,name_not_found,0
4136000000,경기도 남양주시,,,,,name_not_found,0
4136025000,경기도 남양주시 와부읍,3113011,경기도 남양주시 와부읍,977673.0,1954979.0,matched,1
4136025300,경기도 남양주시 진접읍,3113012,경기도 남양주시 진접읍,973006.0,1969589.0,matched,1
4136025400,경기도 남양주시 진접읍오남출장소,,,,,name_not_found,0
4136025600,경기도 남양주시 화도읍,3113013,경기도 남양주시 화도읍,983766.0,1961493.0,matched,1
4136025700,경기도 남양주시 화도읍동부출장소,,,,,name_not_found,0
4136025900,경기도 남양주시 진건읍,3113014,경기도 남양주시 진건읍,972218.0,1962096.0,matched,1
4136026200,경기도 남양주시 오남읍,3113015,경기도 남양주시 오남읍,976317.0,1966064.0,matched,1
4136026500,경기도 남양주시 퇴계원읍,3113016,경기도 남양주시 퇴계원읍,968519.0,1961618.0,matched,1
4136031000,경기도 남양주시 별내면,3113031,경기도 남양주시 별내면,967061.0,1967886.0,matched,1
4136031500,경기도 남양주시 별내면청학출장소,,,,,name_not_found,0
4136033000,경기도 남양주시 진건면,,,,,name_not_found,0
4136034000,경기도 남양주시 수동면,3113034,경기도 남양주시 수동면,982735.0,1969644.0,matched,1
4136036000,경기도 남양주시 조안면,3113035,경기도 남양주시 조안면,982256.0,1951963.0,matched,1
4136037000,경기도 남양주시 퇴계원면,,,,,name_not_found,0
4136038000,경기도 남양주시 오남면,,,,,name_not_found,0
4136051000,경기도 남양주시 호평동,3113051,경기도 남양주시 호평동,977906.0,1962737.0,matched,1
4136052000,경기도 남양주시 평내동,3113052,경기도 남양주시 평내동,976630.0,1960799.0,matched,1
4136053000,경기도 남양주시 금곡동,3113053,경기도 남양주시 금곡동,974600.0,1959209.0,matched,1
4136054000,경기도 남양주시 양정동,3113054,경기도 남양주시 양정동,972783.0,1956879.0,matched,1
4136054500,경기도 남양주시 다산1동,3113058,경기도 남양주시 다산1동,969690.0,1957757.0,matched,1
4136055000,경기도 남양주시 지금동,,,,,name_not_found,0
4136056000,경기도 남양주시 도농동,,,,,name_not_found,0
4136056500,경기도 남양주시 다산2동,3113059,경기도 남양주시 다산2동,970947.0,1955393.0,matched,1
4136057000,경기도 남양주시 별내동,3113057,경기도 남양주시 별내동,965992.0,1963051.0,matched,1
4136200000,경기도 풍양출장소,,,,,name_not_found,0
4137000000,경기도 오산시,,,,,name_not_found,0
4137051000,경기도 오산시 중앙동,3114051,경기도 오산시 중앙동,963050.0,1906186.0,matched,1
4137052000,경기도 오산시 역촌동,,,,,name_not_found,0
4137053000,경기도 오산시 남촌동,3114053,경기도 오산시 남촌동,959975.0,1906887.0,matched,1
4137054000,경기도 오산시 신장동,3114054,경기도 오산시 신장동,960792.0,1908330.0,matched,1
4137055000,경기도 오산시 세마동,3114055,경기도 오산시 세마동,958244.0,1909596.0,matched,1
4137056000,경기도 오산시 초평동,3114056,경기도 오산시 초평동,959653.0,1904992.0,matched,1
4137057000,경기도 오산시 대원동,3114052,경기도 오산시 대원동,962736.0,1904467.0,matched,1
4139000000,경기도 시흥시,,,,,name_not_found,0
4139051000,경기도 시흥시 대야동,3115051,경기도 시흥시 대야동,938090.0,1939545.0,matched,1
4139052000,경기도 시흥시 신천동,3115052,경기도 시흥시 신천동,936323.0,1937966.0,matched,1
4139053000,경기도 시흥시 신관동,,,,,name_not_found,0
4139053100,경기도 시흥시 신현동,3115053,경기도 시흥시 신현동,935830.0,1935103.0,matched,1
4139054000,경기도 시흥시 은행동,3115054,경기도 시흥시 은행동,938786.0,1937167.0,matched,1
4139055000,경기도 시흥시 매화동,3115055,경기도 시흥시 매화동,940160.0,1934347.0,matched,1
4139056000,경기도 시흥시 안산동,,,,,name_not_found,0
4139057000,경기도 시흥시 목감동,3115056,경기도 시흥시 목감동,942729.0,1931437.0,matched,1
4139058000,경기도 시흥시 거모동,,,,,name_not_found,0
4139058100,경기도 시흥시 군자동,3115068,경기도 시흥시 군자동,936232.0,1928871.0,matched,1
4139058200,경기도 시흥시 월곶동,3115069,경기도 시흥시 월곶동,934343.0,1931902.0,matched,1
4139058900,경기도 시흥시 정왕본동,3115064,경기도 시흥시 정왕본동,933774.0,1929037.0,matched,1
4139059000,경기도 시흥시 정왕동,,,,,name_not_found,0
4139059100,경기도 시흥시 정왕1동,3115065,경기도 시흥시 정왕1동,932200.0,1926253.0,matched,1
4139059200,경기도 시흥시 정왕2동,3115061,경기도 시흥시 정왕2동,929978.0,1925937.0,matched,1
4139059300,경기도 시흥시 정왕3동,3115062,경기도 시흥시 정왕3동,929708.0,1927676.0,matched,1
4139059400,경기도 시흥시 정왕4동,3115072,경기도 시흥시 정왕4동,931927.0,1929760.0,matched,1
4139059500,경기도 시흥시 배곧동,,,,,name_not_found,0
4139059600,경기도 시흥시 배곧1동,3115074,경기도 시흥시 배곧1동,931867.0,1931136.0,matched,1
4139059700,경기도 시흥시 배곧2동,3115075,경기도 시흥시 배곧2동,930617.0,1929648.0,matched,1
4139060000,경기도 시흥시 연성출장소,,,,,name_not_found,0
4139061000,경기도 시흥시 중림출장소,,,,,name_not_found,0
4139062000,경기도 시흥시 중림동,,,,,name_not_found,0
4139062100,경기도 시흥시 과림동,3115059,경기도 시흥시 과림동,941158.0,1937242.0,matched,1
4139063000,경기도 시흥시 연성동,3115070,경기도 시흥시 연성동,938528.0,1932391.0,matched,1
4139063100,경기도 시흥시 장곡동,3115071,경기도 시흥시 장곡동,936570.0,1931755.0,matched,1
4139064000,경기도 시흥시 능곡동,3115067,경기도 시흥시 능곡동,938789.0,1929769.0,matched,1
4141000000,경기도 군포시,,,,,name_not_found,0
4141051000,경기도 군포시 군포1동,3116051,경기도 군포시 군포1동,951481.0,1928454.0,matched,1
4141052000,경기도 군포시 군포2동,3116052,경기도 군포시 군포2동,950142.0,1926329.0,matched,1
4141053000,경기도 군포시 당정동,,,,,name_not_found,0
4141054000,경기도 군포시 산본1동,3116054,경기도 군포시 산본1동,950400.0,1930569.0,matched,1
4141055000,경기도 군포시 산본2동,3116055,경기도 군포시 산본2동,949702.0,1930476.0,matched,1
4141056000,경기도 군포시 금정동,3116056,경기도 군포시 금정동,950884.0,1929815.0,matched,1
4141057000,경기도 군포시 재궁동,3116057,경기도 군포시 재궁동,950176.0,1928987.0,matched,1
4141058000,경기도 군포시 오금동,3116058,경기도 군포시 오금동,949452.0,1927926.0,matched,1
4141059000,경기도 군포시 수리동,3116059,경기도 군포시 수리동,948333.0,1928232.0,matched,1
4141060000,경기도 군포시 궁내동,3116060,경기도 군포시 궁내동,948379.0,1929671.0,matched,1
4141061000,경기도 군포시 대야동,3116063,경기도 군포시 대야동,946846.0,1926416.0,matched,1
4141062000,경기도 군포시 광정동,3116061,경기도 군포시 광정동,949355.0,1930014.0,matched,1
4141063000,경기도 군포시 송부동,3116064,경기도 군포시 송부동,949428.0,1924872.0,matched,1
4143000000,경기도 의왕시,,,,,name_not_found,0
4143051000,경기도 의왕시 고천동,3117051,경기도 의왕시 고천동,954486.0,1927238.0,matched,1
4143052000,경기도 의왕시 부곡동,3117052,경기도 의왕시 부곡동,951511.0,1924655.0,matched,1
4143053000,경기도 의왕시 오전동,3117053,경기도 의왕시 오전동,954295.0,1929033.0,matched,1
4143054000,경기도 의왕시 내손1동,3117054,경기도 의왕시 내손1동,953714.0,1930990.0,matched,1
4143055000,경기도 의왕시 내손2동,3117055,경기도 의왕시 내손2동,954192.0,1932017.0,matched,1
4143056000,경기도 의왕시 청계동,3117056,경기도 의왕시 청계동,956756.0,1932232.0,matched,1
4145000000,경기도 하남시,,,,,name_not_found,0
4145051000,경기도 하남시 천현동,3118051,경기도 하남시 천현동,976874.0,1945918.0,matched,1
4145052000,경기도 하남시 신장1동,3118052,경기도 하남시 신장1동,974142.0,1948994.0,matched,1
4145053000,경기도 하남시 신장2동,3118053,경기도 하남시 신장2동,975108.0,1949981.0,matched,1
4145054000,경기도 하남시 덕풍1동,3118054,경기도 하남시 덕풍1동,973334.0,1948571.0,matched,1
4145055000,경기도 하남시 덕풍2동,3118055,경기도 하남시 덕풍2동,973436.0,1949173.0,matched,1
4145056000,경기도 하남시 덕풍3동,3118056,경기도 하남시 덕풍3동,973910.0,1950251.0,matched,1
4145057000,경기도 하남시 풍산동,3118061,경기도 하남시 풍산동,972615.0,1950145.0,matched,1
4145058000,경기도 하남시 감북동,3118066,경기도 하남시 감북동,970206.0,1946675.0,matched,1
4145058200,경기도 하남시 감일동,3118067,경기도 하남시 감일동,970111.0,1944915.0,matched,1
4145058500,경기도 하남시 위례동,3118065,경기도 하남시 위례동,969855.0,1943239.0,matched,1
4145059000,경기도 하남시 춘궁동,3118059,경기도 하남시 춘궁동,972981.0,1945291.0,matched,1
4145060000,경기도 하남시 초이동,3118060,경기도 하남시 초이동,971159.0,1948369.0,matched,1
4145061000,경기도 하남시 미사1동,3118062,경기도 하남시 미사1동,973903.0,1952084.0,matched,1
4145062000,경기도 하남시 미사2동,3118063,경기도 하남시 미사2동,972430.0,1953435.0,matched,1
4146000000,경기도 용인시,,,,,name_not_found,0
4146025000,경기도 용인시 기흥읍,,,,,name_not_found,0
4146025300,경기도 용인시 수지읍,,,,,name_not_found,0
4146025400,경기도 용인시 죽전출장소,,,,,name_not_found,0
4146025500,경기도 용인시 상현출장소,,,,,name_not_found,0
4146025600,경기도 용인시 구성읍,,,,,name_not_found,0
4146031000,경기도 용인시 포곡면,,,,,name_not_found,0
4146032000,경기도 용인시 모현면,,,,,name_not_found,0
4146033000,경기도 용인시 구성면,,,,,name_not_found,0
4146034000,경기도 용인시 남사면,,,,,name_not_found,0
4146035000,경기도 용인시 이동면,,,,,name_not_found,0
4146036000,경기도 용인시 원삼면,,,,,name_not_found,0
4146037000,경기도 용인시 백암면,,,,,name_not_found,0
4146038000,경기도 용인시 양지면,,,,,name_not_found,0
4146051000,경기도 용인시 중앙동,,,,,name_not_found,0
4146052000,경기도 용인시 역삼동,,,,,name_not_found,0
4146053000,경기도 용인시 유림동,,,,,name_not_found,0
4146054000,경기도 용인시 동부동,,,,,name_not_found,0
4146055000,경기도 용인시 풍덕천1동,,,,,name_not_found,0
4146056000,경기도 용인시 풍덕천2동,,,,,name_not_found,0
4146057000,경기도 용인시 죽전1동,,,,,name_not_found,0
4146058000,경기도 용인시 죽전2동,,,,,name_not_found,0
4146059000,경기도 용인시 동천동,,,,,name_not_found,0
4146060000,경기도 용인시 상현동,,,,,name_not_found,0
4146061000,경기도 용인시 성복동,,,,,name_not_found,0
4146100000,경기도 용인시 처인구,,,,,name_not_found,0
4146125000,경기도 용인시 처인구 포곡읍,3119111,경기도 용인시 처인구 포곡읍,974975.0,1921323.0,matched,1
4146125300,경기도 용인시 처인구 모현읍,3119112,경기도 용인시 처인구 모현읍,975033.0,1925308.0,matched,1
4146125600,경기도 용인시 처인구 이동읍,3119113,경기도 용인시 처인구 이동읍,974359.0,1907358.0,matched,1
4146125900,경기도 용인시 처인구 남사읍,3119114,경기도 용인시 처인구 남사읍,969498.0,1903827.0,matched,1
4146131000,경기도 용인시 처인구 모현면,,,,,name_not_found,0
4146132000,경기도 용인시 처인구 남사면,,,,,name_not_found,0
4146133000,경기도 용인시 처인구 이동면,,,,,name_not_found,0
4146134000,경기도 용인시 처인구 원삼면,3119134,경기도 용인시 처인구 원삼면,983438.0,1907189.0,matched,1
4146135000,경기도 용인시 처인구 백암면,3119135,경기도 용인시 처인구 백암면,989327.0,1905014.0,matched,1
4146136000,경기도 용인시 처인구 양지면,3119136,경기도 용인시 처인구 양지면,981252.0,1915920.0,matched,1
4146151000,경기도 용인시 처인구 중앙동,3119151,경기도 용인시 처인구 중앙동,973436.0,1914065.0,matched,1
4146152000,경기도 용인시 처인구 역삼동,,,,,name_not_found,0
4146153000,경기도 용인시 처인구 유림동,3119153,경기도 용인시 처인구 유림동,974502.0,1917221.0,matched,1
4146154000,경기도 용인시 처인구 동부동,3119154,경기도 용인시 처인구 동부동,977958.0,1911693.0,matched,1
4146200000,경기도 용인시수지출장소,,,,,name_not_found,0
4146300000,경기도 용인시 기흥구,,,,,name_not_found,0
4146351000,경기도 용인시 기흥구 신갈동,3119261,경기도 용인시 기흥구 신갈동,964659.0,1920523.0,matched,1
4146351500,경기도 용인시 기흥구 영덕동,,,,,name_not_found,0
4146351600,경기도 용인시 기흥구 영덕1동,3119263,경기도 용인시 기흥구 영덕1동,962770.0,1919633.0,matched,1
4146351700,경기도 용인시 기흥구 영덕2동,3119264,경기도 용인시 기흥구 영덕2동,963754.0,1917216.0,matched,1
4146352000,경기도 용인시 기흥구 구갈동,3119252,경기도 용인시 기흥구 구갈동,966576.0,1919907.0,matched,1
4146353000,경기도 용인시 기흥구 상갈동,3119265,경기도 용인시 기흥구 상갈동,965524.0,1918583.0,matched,1
4146353500,경기도 용인시 기흥구 보라동,3119266,경기도 용인시 기흥구 보라동,967268.0,1916290.0,matched,1
4146354000,경기도 용인시 기흥구 기흥동,3119254,경기도 용인시 기흥구 기흥동,965773.0,1914743.0,matched,1
4146355000,경기도 용인시 기흥구 서농동,3119255,경기도 용인시 기흥구 서농동,962677.0,1914947.0,matched,1
4146356000,경기도 용인시 기흥구 구성동,3119256,경기도 용인시 기흥구 구성동,968212.0,1921886.0,matched,1
4146357000,경기도 용인시 기흥구 마북동,3119257,경기도 용인시 기흥구 마북동,967004.0,1923141.0,matched,1
4146357200,경기도 용인시 기흥구 동백1동,3119267,경기도 용인시 기흥구 동백1동,970249.0,1920814.0,matched,1
4146357500,경기도 용인시 기흥구 동백2동,3119268,경기도 용인시 기흥구 동백2동,970023.0,1918707.0,matched,1
4146357700,경기도 용인시 기흥구 동백3동,3119269,경기도 용인시 기흥구 동백3동,968731.0,1919861.0,matched,1
4146358000,경기도 용인시 기흥구 어정동,,,,,name_not_found,0
4146358500,경기도 용인시 기흥구 동백동,,,,,name_not_found,0
4146358600,경기도 용인시 기흥구 상하동,3119260,경기도 용인시 기흥구 상하동,968400.0,1918138.0,matched,1
4146359000,경기도 용인시 기흥구 보정동,3119259,경기도 용인시 기흥구 보정동,965194.0,1923441.0,matched,1
4146500000,경기도 용인시 수지구,,,,,name_not_found,0
4146551000,경기도 용인시 수지구 풍덕천1동,3119351,경기도 용인시 수지구 풍덕천1동,964097.0,1925514.0,matched,1
4146552000,경기도 용인시 수지구 풍덕천2동,3119352,경기도 용인시 수지구 풍덕천2동,963634.0,1924620.0,matched,1
4146553000,경기도 용인시 수지구 신봉동,3119353,경기도 용인시 수지구 신봉동,960801.0,1926019.0,matched,1
4146554000,경기도 용인시 수지구 죽전1동,3119360,경기도 용인시 수지구 죽전1동,967173.0,1926065.0,matched,1
4146555000,경기도 용인시 수지구 죽전2동,3119355,경기도 용인시 수지구 죽전2동,965235.0,1925770.0,matched,1
4146556000,경기도 용인시 수지구 동천동,3119356,경기도 용인시 수지구 동천동,960804.0,1927999.0,matched,1
4146557000,경기도 용인시 수지구 상현1동,3119362,경기도 용인시 수지구 상현1동,962762.0,1923143.0,matched,1
4146558000,경기도 용인시 수지구 상현2동,3119358,경기도 용인시 수지구 상현2동,963457.0,1923026.0,matched,1
4146559000,경기도 용인시 수지구 성복동,3119359,경기도 용인시 수지구 성복동,961065.0,1924561.0,matched,1
4148000000,경기도 파주시,,,,,name_not_found,0
4148025000,경기도 파주시 문산읍,3120011,경기도 파주시 문산읍,936718.0,1986298.0,matched,1
4148025300,경기도 파주시 파주읍,3120012,경기도 파주시 파주읍,939716.0,1981196.0,matched,1
4148025600,경기도 파주시 법원읍,3120013,경기도 파주시 법원읍,946611.0,1985424.0,matched,1
4148025900,경기도 파주시 교하읍,,,,,name_not_found,0
4148026200,경기도 파주시 조리읍,3120015,경기도 파주시 조리읍,940369.0,1972564.0,matched,1
4148031000,경기도 파주시 월롱면,3120031,경기도 파주시 월롱면,937389.0,1977754.0,matched,1
4148032000,경기도 파주시 탄현면,3120032,경기도 파주시 탄현면,930080.0,1978363.0,matched,1
4148033000,경기도 파주시 교하면,,,,,name_not_found,0
4148034000,경기도 파주시 조리면,,,,,name_not_found,0
4148035000,경기도 파주시 광탄면,3120035,경기도 파주시 광탄면,945664.0,1975391.0,matched,1
4148035500,경기도 파주시 광탄면영장출장소,,,,,name_not_found,0
4148036000,경기도 파주시 파평면,3120036,경기도 파주시 파평면,942983.0,1990684.0,matched,1
4148037000,경기도 파주시 적성면,3120037,경기도 파주시 적성면,950022.0,1995529.0,matched,1
4148038000,경기도 파주시 군내면,,,,,name_not_found,0
4148038500,경기도 파주시 군내면군내출장소,,,,,name_not_found,0
4148038700,경기도 파주시 장단출장소,,,,,name_not_found,0
4148039000,경기도 파주시 장단면,3120039,경기도 파주시 장단면,933363.0,1991542.0,matched,1
4148040000,경기도 파주시 진동면,,,,,name_not_found,0
4148041000,경기도 파주시 진서면,,,,,name_not_found,0
4148051000,경기도 파주시 금촌1동,3120053,경기도 파주시 금촌1동,936792.0,1973703.0,matched,1
4148052000,경기도 파주시 금촌2동,3120052,경기도 파주시 금촌2동,936283.0,1972703.0,matched,1
4148053000,경기도 파주시 금촌3동,3120054,경기도 파주시 금촌3동,933805.0,1975848.0,matched,1
4148054000,경기도 파주시 교하동,3120055,경기도 파주시 교하동,930538.0,1970413.0,matched,1
4148055000,경기도 파주시 운정1동,3120056,경기도 파주시 운정1동,935520.0,1970337.0,matched,1
4148056000,경기도 파주시 운정2동,3120057,경기도 파주시 운정2동,933053.0,1969957.0,matched,1
4148057000,경기도 파주시 운정3동,3120058,경기도 파주시 운정3동,934202.0,1968295.0,matched,1
4150000000,경기도 이천시,,,,,name_not_found,0
4150025000,경기도 이천시 장호원읍,3121011,경기도 이천시 장호원읍,1008564.0,1903994.0,matched,1
4150025300,경기도 이천시 부발읍,3121012,경기도 이천시 부발읍,1000619.0,1919364.0,matched,1
4150031000,경기도 이천시 신둔면,3121031,경기도 이천시 신둔면,992057.0,1923855.0,matched,1
4150032000,경기도 이천시 백사면,3121032,경기도 이천시 백사면,998458.0,1925176.0,matched,1
4150033000,경기도 이천시 호법면,3121033,경기도 이천시 호법면,992192.0,1912932.0,matched,1
4150034000,경기도 이천시 마장면,3121034,경기도 이천시 마장면,988546.0,1916752.0,matched,1
4150035000,경기도 이천시 대월면,3121035,경기도 이천시 대월면,999799.0,1912675.0,matched,1
4150035500,경기도 이천시 대월면초지출장소,,,,,name_not_found,0
4150036000,경기도 이천시 모가면,3121036,경기도 이천시 모가면,996163.0,1907990.0,matched,1
4150037000,경기도 이천시 설성면,3121037,경기도 이천시 설성면,1002052.0,1904545.0,matched,1
4150038000,경기도 이천시 율면,3121038,경기도 이천시 율면,1004177.0,1897446.0,matched,1
4150051000,경기도 이천시 창전동,3121051,경기도 이천시 창전동,995161.0,1920514.0,matched,1
4150051500,경기도 이천시 증포동,3121054,경기도 이천시 증포동,995964.0,1921195.0,matched,1
4150052000,경기도 이천시 중리동,3121052,경기도 이천시 중리동,996427.0,1916010.0,matched,1
4150053000,경기도 이천시 관고동,3121053,경기도 이천시 관고동,993059.0,1920967.0,matched,1
4155000000,경기도 안성시,,,,,name_not_found,0
4155025000,경기도 안성시 공도읍,3122011,경기도 안성시 공도읍,970981.0,1888547.0,matched,1
4155031000,경기도 안성시 보개면,3122031,경기도 안성시 보개면,983450.0,1895302.0,matched,1
4155032000,경기도 안성시 금광면,3122032,경기도 안성시 금광면,986145.0,1887031.0,matched,1
4155033000,경기도 안성시 서운면,3122033,경기도 안성시 서운면,979271.0,1882054.0,matched,1
4155034000,경기도 안성시 미양면,3122034,경기도 안성시 미양면,975366.0,1885709.0,matched,1
4155035000,경기도 안성시 대덕면,3122035,경기도 안성시 대덕면,976750.0,1892922.0,matched,1
4155036000,경기도 안성시 양성면,3122036,경기도 안성시 양성면,974609.0,1898179.0,matched,1
4155037000,경기도 안성시 공도면,,,,,name_not_found,0
4155038000,경기도 안성시 원곡면,3122038,경기도 안성시 원곡면,968620.0,1895321.0,matched,1
4155039000,경기도 안성시 일죽면,3122039,경기도 안성시 일죽면,997233.0,1899958.0,matched,1
4155040000,경기도 안성시 죽산면,3122040,경기도 안성시 죽산면,993051.0,1894465.0,matched,1
4155041000,경기도 안성시 삼죽면,3122041,경기도 안성시 삼죽면,988142.0,1896601.0,matched,1
4155042000,경기도 안성시 고삼면,3122042,경기도 안성시 고삼면,979693.0,1899340.0,matched,1
4155051000,경기도 안성시 안성1동,3122051,경기도 안성시 안성1동,980510.0,1889549.0,matched,1
4155052000,경기도 안성시 안성2동,3122052,경기도 안성시 안성2동,979280.0,1888204.0,matched,1
4155053000,경기도 안성시 안성3동,3122053,경기도 안성시 안성3동,979605.0,1892057.0,matched,1
4157000000,경기도 김포시,,,,,name_not_found,0
4157025000,경기도 김포시 통진읍,3123011,경기도 김포시 통진읍,920614.0,1966652.0,matched,1
4157025300,경기도 김포시 고촌읍,3123012,경기도 김포시 고촌읍,934928.0,1956600.0,matched,1
4157025600,경기도 김포시 양촌읍,3123013,경기도 김포시 양촌읍,924447.0,1963140.0,matched,1
4157031000,경기도 김포시 고촌면,,,,,name_not_found,0
4157032000,경기도 김포시 양촌면,,,,,name_not_found,0
4157033000,경기도 김포시 통진면,,,,,name_not_found,0
4157034000,경기도 김포시 대곶면,3123034,경기도 김포시 대곶면,918176.0,1961087.0,matched,1
4157035000,경기도 김포시 월곶면,3123035,경기도 김포시 월곶면,916669.0,1971174.0,matched,1
4157036000,경기도 김포시 하성면,3123036,경기도 김포시 하성면,924336.0,1971128.0,matched,1
4157051000,경기도 김포시 김포1동,,,,,name_not_found,0
4157051500,경기도 김포시 김포본동,3123061,경기도 김포시 김포본동,930395.0,1959803.0,matched,1
4157052000,경기도 김포시 김포2동,,,,,name_not_found,0
4157052500,경기도 김포시 장기본동,3123062,경기도 김포시 장기본동,926198.0,1961263.0,matched,1
4157053000,경기도 김포시 김포3동,,,,,name_not_found,0
4157054000,경기도 김포시 사우동,3123053,경기도 김포시 사우동,931692.0,1958109.0,matched,1
4157055000,경기도 김포시 풍무동,3123054,경기도 김포시 풍무동,931357.0,1956585.0,matched,1
4157056000,경기도 김포시 장기동,3123056,경기도 김포시 장기동,927552.0,1960054.0,matched,1
4157057000,경기도 김포시 구래동,3123063,경기도 김포시 구래동,923010.0,1960994.0,matched,1
4157057500,경기도 김포시 마산동,3123064,경기도 김포시 마산동,924265.0,1960319.0,matched,1
4157058000,경기도 김포시 운양동,3123060,경기도 김포시 운양동,928148.0,1962155.0,matched,1
4159000000,경기도 화성시,,,,,name_not_found,0
4159025000,경기도 화성시 태안읍,,,,,name_not_found,0
4159025300,경기도 화성시 봉담읍,3124012,경기도 화성시 봉담읍,950235.0,1911827.0,matched,1
4159025600,경기도 화성시 우정읍,3124013,경기도 화성시 우정읍,936645.0,1898544.0,matched,1
4159025900,경기도 화성시 향남읍,3124014,경기도 화성시 향남읍,949084.0,1901917.0,matched,1
4159026200,경기도 화성시 남양읍,3124015,경기도 화성시 남양읍,939819.0,1912354.0,matched,1
4159031000,경기도 화성시 매송면,3124031,경기도 화성시 매송면,947372.0,1918467.0,matched,1
4159032000,경기도 화성시 비봉면,3124033,경기도 화성시 비봉면,944264.0,1914982.0,matched,1
4159033000,경기도 화성시 마도면,3124035,경기도 화성시 마도면,934578.0,1910649.0,matched,1
4159034000,경기도 화성시 송산면,3124036,경기도 화성시 송산면,929802.0,1914710.0,matched,1
4159035000,경기도 화성시 서신면,3124037,경기도 화성시 서신면,929281.0,1907103.0,matched,1
4159036000,경기도 화성시 팔탄면,3124038,경기도 화성시 팔탄면,945129.0,1906281.0,matched,1
4159037000,경기도 화성시 장안면,3124039,경기도 화성시 장안면,941417.0,1897458.0,matched,1
4159038000,경기도 화성시 우정면,,,,,name_not_found,0
4159039000,경기도 화성시 향남면,,,,,name_not_found,0
4159040000,경기도 화성시 양감면,3124042,경기도 화성시 양감면,952002.0,1898996.0,matched,1
4159041000,경기도 화성시 정남면,3124043,경기도 화성시 정남면,954366.0,1907139.0,matched,1
4159042000,경기도 화성시 동탄면,,,,,name_not_found,0
4159051000,경기도 화성시 남양동,,,,,name_not_found,0
4159051500,경기도 화성시 새솔동,3124067,경기도 화성시 새솔동,939663.0,1920591.0,matched,1
4159052000,경기도 화성시 진안동,3124052,경기도 화성시 진안동,959034.0,1914109.0,matched,1
4159053000,경기도 화성시 병점1동,3124053,경기도 화성시 병점1동,958731.0,1911718.0,matched,1
4159054000,경기도 화성시 병점2동,3124054,경기도 화성시 병점2동,959622.0,1912497.0,matched,1
4159055000,경기도 화성시 반월동,3124055,경기도 화성시 반월동,961025.0,1914310.0,matched,1
4159056000,경기도 화성시 기배동,3124056,경기도 화성시 기배동,954627.0,1914028.0,matched,1
4159057000,경기도 화성시 화산동,3124057,경기도 화성시 화산동,956098.0,1912215.0,matched,1
4159058000,경기도 화성시 동탄동,,,,,name_not_found,0
4159058500,경기도 화성시 동탄1동,3124061,경기도 화성시 동탄1동,962195.0,1912463.0,matched,1
4159058600,경기도 화성시 동탄2동,3124060,경기도 화성시 동탄2동,962247.0,1910484.0,matched,1
4159058700,경기도 화성시 동탄3동,3124062,경기도 화성시 동탄3동,960558.0,1912187.0,matched,1
4159058800,경기도 화성시 동탄4동,3124064,경기도 화성시 동탄4동,965543.0,1910828.0,matched,1
4159059000,경기도 화성시 동탄5동,3124065,경기도 화성시 동탄5동,966583.0,1912347.0,matched,1
4159060000,경기도 화성시 동탄6동,3124070,경기도 화성시 동탄6동,963475.0,1909322.0,matched,1
4159061000,경기도 화성시 동탄7동,3124069,경기도 화성시 동탄7동,967190.0,1909045.0,matched,1
4159062000,경기도 화성시 동탄8동,3124071,경기도 화성시 동탄8동,965529.0,1906319.0,matched,1
4159200000,경기도 화성시동부출장소,,,,,name_not_found,0
4161000000,경기도 광주시,,,,,name_not_found,0
4161025000,경기도 광주시 오포읍,3125011,경기도 광주시 오포읍,974511.0,1929217.0,matched,1
4161025300,경기도 광주시 초월읍,3125012,경기도 광주시 초월읍,983292.0,1933101.0,matched,1
4161025600,경기도 광주시 실촌읍,,,,,name_not_found,0
4161025900,경기도 광주시 곤지암읍,3125014,경기도 광주시 곤지암읍,989587.0,1929429.0,matched,1
4161031000,경기도 광주시 초월면,,,,,name_not_found,0
4161032000,경기도 광주시 실촌면,,,,,name_not_found,0
4161033000,경기도 광주시 도척면,3125034,경기도 광주시 도척면,983648.0,1923248.0,matched,1
4161034000,경기도 광주시 퇴촌면,3125035,경기도 광주시 퇴촌면,985848.0,1939439.0,matched,1
4161035000,경기도 광주시 남종면,3125036,경기도 광주시 남종면,984147.0,1944856.0,matched,1
4161036000,경기도 광주시 중부면,,,,,name_not_found,0
4161037000,경기도 광주시 남한산성면,3125038,경기도 광주시 남한산성면,976493.0,1940065.0,matched,1
4161051000,경기도 광주시 경안동,3125054,경기도 광주시 경안동,978112.0,1934057.0,matched,1
4161052000,경기도 광주시 송정동,3125055,경기도 광주시 송정동,978988.0,1936236.0,matched,1
4161053000,경기도 광주시 광남동,,,,,name_not_found,0
4161054000,경기도 광주시 쌍령동,3125056,경기도 광주시 쌍령동,979729.0,1933720.0,matched,1
4161055000,경기도 광주시 탄벌동,3125057,경기도 광주시 탄벌동,975835.0,1936906.0,matched,1
4161056000,경기도 광주시 광남1동,3125058,경기도 광주시 광남1동,973904.0,1933280.0,matched,1
4161057000,경기도 광주시 광남2동,3125059,경기도 광주시 광남2동,975887.0,1931695.0,matched,1
4163000000,경기도 양주시,,,,,name_not_found,0
4163025000,경기도 양주시 백석읍,3126011,경기도 양주시 백석읍,953998.0,1976711.0,matched,1
4163031000,경기도 양주시 은현면,3126031,경기도 양주시 은현면,958125.0,1985592.0,matched,1
4163032000,경기도 양주시 남면,3126032,경기도 양주시 남면,954264.0,1988596.0,matched,1
4163033000,경기도 양주시 광적면,3126033,경기도 양주시 광적면,951856.0,1981289.0,matched,1
4163034000,경기도 양주시 장흥면,3126034,경기도 양주시 장흥면,952714.0,1968768.0,matched,1
4163051000,경기도 양주시 양주1동,3126051,경기도 양주시 양주1동,959008.0,1976320.0,matched,1
4163052000,경기도 양주시 양주2동,3126052,경기도 양주시 양주2동,963635.0,1977065.0,matched,1
4163053000,경기도 양주시 회천1동,3126053,경기도 양주시 회천1동,962614.0,1984202.0,matched,1
4163054000,경기도 양주시 회천2동,3126054,경기도 양주시 회천2동,960170.0,1980709.0,matched,1
4163055000,경기도 양주시 회천3동,3126055,경기도 양주시 회천3동,961945.0,1980770.0,matched,1
4163056000,경기도 양주시 회천4동,3126056,경기도 양주시 회천4동,964612.0,1981476.0,matched,1
4165000000,경기도 포천시,,,,,name_not_found,0
4165025000,경기도 포천시 소흘읍,3127011,경기도 포천시 소흘읍,969107.0,1977237.0,matched,1
4165031000,경기도 포천시 군내면,3127031,경기도 포천시 군내면,976210.0,1986415.0,matched,1
4165032000,경기도 포천시 내촌면,3127032,경기도 포천시 내촌면,976700.0,1977575.0,matched,1
4165033000,경기도 포천시 가산면,3127033,경기도 포천시 가산면,973686.0,1981605.0,matched,1
4165034000,경기도 포천시 신북면,3127034,경기도 포천시 신북면,971115.0,1993937.0,matched,1
4165035000,경기도 포천시 창수면,3127035,경기도 포천시 창수면,971653.0,2002582.0,matched,1
4165036000,경기도 포천시 영중면,3127036,경기도 포천시 영중면,978231.0,2000316.0,matched,1
4165037000,경기도 포천시 일동면,3127037,경기도 포천시 일동면,984571.0,1996053.0,matched,1
4165038000,경기도 포천시 이동면,3127038,경기도 포천시 이동면,989947.0,2005766.0,matched,1
4165039000,경기도 포천시 영북면,3127039,경기도 포천시 영북면,981131.0,2008208.0,matched,1
4165040000,경기도 포천시 관인면,3127040,경기도 포천시 관인면,975914.0,2014365.0,matched,1
4165041000,경기도 포천시 화현면,3127041,경기도 포천시 화현면,981116.0,1988706.0,matched,1
4165051000,경기도 포천시 포천동,3127051,경기도 포천시 포천동,972034.0,1988321.0,matched,1
4165052000,경기도 포천시 선단동,3127052,경기도 포천시 선단동,968934.0,1984679.0,matched,1
4167000000,경기도 여주시,,,,,name_not_found,0
4167025000,경기도 여주시 가남읍,3128011,경기도 여주시 가남읍,1007118.0,1912254.0,matched,1
4167031000,경기도 여주시 점동면,3128031,경기도 여주시 점동면,1016332.0,1910275.0,matched,1
4167032000,경기도 여주시 흥천면,3128033,경기도 여주시 흥천면,1002954.0,1927379.0,matched,1
4167033000,경기도 여주시 금사면,3128034,경기도 여주시 금사면,999795.0,1933051.0,matched,1
4167034000,경기도 여주시 능서면,,,,,name_not_found,0
4167035000,경기도 여주시 대신면,3128036,경기도 여주시 대신면,1009076.0,1930953.0,matched,1
4167036000,경기도 여주시 북내면,3128037,경기도 여주시 북내면,1016751.0,1928593.0,matched,1
4167037000,경기도 여주시 강천면,3128038,경기도 여주시 강천면,1020075.0,1921082.0,matched,1
4167038000,경기도 여주시 산북면,3128035,경기도 여주시 산북면,994866.0,1934452.0,matched,1
4167051000,경기도 여주시 여흥동,3128051,경기도 여주시 여흥동,1013341.0,1917456.0,matched,1
4167052000,경기도 여주시 중앙동,3128052,경기도 여주시 중앙동,1010474.0,1919535.0,matched,1
4167053000,경기도 여주시 오학동,3128053,경기도 여주시 오학동,1013214.0,1924183.0,matched,1
4171000000,경기도 양주군,,,,,name_not_found,0
4171001000,경기도 양주군 동두천읍,,,,,name_not_found,0
4171001500,경기도 양주군 구리읍,,,,,name_not_found,0
4171002000,경기도 양주군 미금읍,,,,,name_not_found,0
4171002500,경기도 양주군 의정부읍,,,,,name_not_found,0
4171003000,경기도 양주군 회천면,,,,,name_not_found,0
4171003500,경기도 양주군 이남면,,,,,name_not_found,0
4171004000,경기도 양주군 구리면,,,,,name_not_found,0
4171004500,경기도 양주군 노해면,,,,,name_not_found,0
4171005000,경기도 양주군 미금면,,,,,name_not_found,0
4171005500,경기도 양주군 별내면,,,,,name_not_found,0
4171006000,경기도 양주군 진접면,,,,,name_not_found,0
4171006500,경기도 양주군 진건면,,,,,name_not_found,0
4171007000,경기도 양주군 수동면,,,,,name_not_found,0
4171007500,경기도 양주군 화도면,,,,,name_not_found,0
4171008000,경기도 양주군 와부면,,,,,name_not_found,0
4171025000,경기도 양주군 회천읍,,,,,name_not_found,0
4171025100,경기도 양주군 회천읍덕계출장소,,,,,name_not_found,0
4171025300,경기도 양주군 양주읍,,,,,name_not_found,0
4171025600,경기도 양주군 백석읍,,,,,name_not_found,0
4171029000,경기도 양주군 회천읍덕계출장소,,,,,name_not_found,0
4171031000,경기도 양주군 주내면,,,,,name_not_found,0
4171032000,경기도 양주군 은현면,,,,,name_not_found,0
4171033000,경기도 양주군 남면,,,,,name_not_found,0
4171034000,경기도 양주군 광적면,,,,,name_not_found,0
4171035000,경기도 양주군 백석면,,,,,name_not_found,0
4171036000,경기도 양주군 장흥면,,,,,name_not_found,0
4172000000,경기도 남양주군,,,,,name_not_found,0
4172001000,경기도 남양주군 구리읍,,,,,name_not_found,0
4172003000,경기도 남양주군 와부면,,,,,name_not_found,0
4172011000,경기도 남양주군 미금읍,,,,,name_not_found,0
4172011500,경기도 남양주군 미금읍도농출장소,,,,,name_not_found,0
4172012000,경기도 남양주군 와부읍,,,,,name_not_found,0
4172013000,경기도 남양주군 진접읍,,,,,name_not_found,0
4172013500,경기도 남양주군 진접읍오남출장소,,,,,name_not_found,0
4172014000,경기도 남양주군 화도읍,,,,,name_not_found,0
4172031000,경기도 남양주군 별내면,,,,,name_not_found,0
4172031500,경기도 남양주군 별내면퇴계원출장소,,,,,name_not_found,0
4172032000,경기도 남양주군 진접면,,,,,name_not_found,0
4172033000,경기도 남양주군 진건면,,,,,name_not_found,0
4172034000,경기도 남양주군 수동면,,,,,name_not_found,0
4172035000,경기도 남양주군 화도면,,,,,name_not_found,0
4172036000,경기도 남양주군 조안면,,,,,name_not_found,0
4172037000,경기도 남양주군 퇴계원면,,,,,name_not_found,0
4173000000,경기도 여주군,,,,,name_not_found,0
4173003000,경기도 여주군 개군면,,,,,name_not_found,0
4173025000,경기도 여주군 여주읍,,,,,name_not_found,0
4173025500,경기도 여주군 여주읍오학출장소,,,,,name_not_found,0
4173031000,경기도 여주군 점동면,,,,,name_not_found,0
4173032000,경기도 여주군 가남면,,,,,name_not_found,0
4173033000,경기도 여주군 흥천면,,,,,name_not_found,0
4173034000,경기도 여주군 금사면,,,,,name_not_found,0
4173034500,경기도 여주군 금사면산북출장소,,,,,name_not_found,0
4173035000,경기도 여주군 능서면,,,,,name_not_found,0
4173036000,경기도 여주군 대신면,,,,,name_not_found,0
4173037000,경기도 여주군 북내면,,,,,name_not_found,0
4173037500,경기도 여주군 북내면오학출장소,,,,,name_not_found,0
4173038000,경기도 여주군 강천면,,,,,name_not_found,0
4173039000,경기도 여주군 산북면,,,,,name_not_found,0
4174000000,경기도 평택군,,,,,name_not_found,0
4174001000,경기도 평택군 평택읍,,,,,name_not_found,0
4174001500,경기도 평택군 송탄읍,,,,,name_not_found,0
4174003000,경기도 평택군 팽성면,,,,,name_not_found,0
4174003500,경기도 평택군 송탄면,,,,,name_not_found,0
4174011000,경기도 평택군 팽성읍,,,,,name_not_found,0
4174011500,경기도 평택군 팽성읍안정출장소,,,,,name_not_found,0
4174011600,경기도 평택군 팽성읍서부출장소,,,,,name_not_found,0
4174031000,경기도 평택군 진위면,,,,,name_not_found,0
4174032000,경기도 평택군 서탄면,,,,,name_not_found,0
4174033000,경기도 평택군 고덕면,,,,,name_not_found,0
4174034000,경기도 평택군 오성면,,,,,name_not_found,0
4174034500,경기도 평택군 오성면안중출장소,,,,,name_not_found,0
4174035000,경기도 평택군 청북면,,,,,name_not_found,0
4174036000,경기도 평택군 포승면,,,,,name_not_found,0
4174037000,경기도 평택군 현덕면,,,,,name_not_found,0
4174038000,경기도 평택군 안중면,,,,,name_not_found,0
4175000000,경기도 화성군,,,,,name_not_found,0
4175003000,경기도 화성군 태안면,,,,,name_not_found,0
4175003500,경기도 화성군 오산면,,,,,name_not_found,0
4175004000,경기도 화성군 안용면,,,,,name_not_found,0
4175004500,경기도 화성군 태장면,,,,,name_not_found,0
4175005000,경기도 화성군 일왕면,,,,,name_not_found,0
4175011000,경기도 화성군 오산읍,,,,,name_not_found,0
4175025000,경기도 화성군 태안읍,,,,,name_not_found,0
4175025300,경기도 화성군 봉담읍,,,,,name_not_found,0
4175031000,경기도 화성군 반월면,,,,,name_not_found,0
4175032000,경기도 화성군 매송면,,,,,name_not_found,0
4175033000,경기도 화성군 봉담면,,,,,name_not_found,0
4175034000,경기도 화성군 비봉면,,,,,name_not_found,0
4175035000,경기도 화성군 남양면,,,,,name_not_found,0
4175036000,경기도 화성군 마도면,,,,,name_not_found,0
4175037000,경기도 화성군 송산면,,,,,name_not_found,0
4175038000,경기도 화성군 서신면,,,,,name_not_found,0
4175039000,경기도 화성군 팔탄면,,,,,name_not_found,0
4175040000,경기도 화성군 장안면,,,,,name_not_found,0
4175041000,경기도 화성군 우정면,,,,,name_not_found,0
4175042000,경기도 화성군 향남면,,,,,name_not_found,0
4175043000,경기도 화성군 양감면,,,,,name_not_found,0
4175044000,경기도 화성군 정남면,,,,,name_not_found,0
4175045000,경기도 화성군 동탄면,,,,,name_not_found,0
4176000000,경기도 시흥군,,,,,name_not_found,0
4176001000,경기도 시흥군 소하읍,,,,,name_not_found,0
4176001500,경기도 시흥군 안양읍,,,,,name_not_found,0
4176003000,경기도 시흥군 과천면,,,,,name_not_found,0
4176003500,경기도 시흥군 서면,,,,,name_not_found,0
4176004000,경기도 시흥군 남면,,,,,name_not_found,0
4176004500,경기도 시흥군 의왕면,,,,,name_not_found,0
4176005000,경기도 시흥군 소래면,,,,,name_not_found,0
4176005500,경기도 시흥군 동면,,,,,name_not_found,0
4176006000,경기도 시흥군 신동면,,,,,name_not_found,0
4176011000,경기도 시흥군 군포읍,,,,,name_not_found,0
4176012000,경기도 시흥군 의왕읍,,,,,name_not_found,0
4176012500,경기도 시흥군 의왕읍동부출장소,,,,,name_not_found,0
4176013000,경기도 시흥군 소래읍,,,,,name_not_found,0
4176031000,경기도 시흥군 수암면,,,,,name_not_found,0
4176032000,경기도 시흥군 군자면,,,,,name_not_found,0
4177000000,경기도 파주군,,,,,name_not_found,0
4177001000,경기도 파주군 주내읍,,,,,name_not_found,0
4177003000,경기도 파주군 주내면,,,,,name_not_found,0
4177003500,경기도 파주군 아동면,,,,,name_not_found,0
4177004000,경기도 파주군 임진면,,,,,name_not_found,0
4177011000,경기도 파주군 금촌읍,,,,,name_not_found,0
4177012000,경기도 파주군 문산읍,,,,,name_not_found,0
4177013000,경기도 파주군 파주읍,,,,,name_not_found,0
4177014000,경기도 파주군 법원읍,,,,,name_not_found,0
4177031000,경기도 파주군 월롱면,,,,,name_not_found,0
4177032000,경기도 파주군 탄현면,,,,,name_not_found,0
4177033000,경기도 파주군 교하면,,,,,name_not_found,0
4177034000,경기도 파주군 조리면,,,,,name_not_found,0
4177035000,경기도 파주군 광탄면,,,,,name_not_found,0
4177035500,경기도 파주군 광탄면영장출장소,,,,,name_not_found,0
4177036000,경기도 파주군 천현면,,,,,name_not_found,0
4177037000,경기도 파주군 파평면,,,,,name_not_found,0
4177038000,경기도 파주군 적성면,,,,,name_not_found,0
4177039000,경기도 파주군 군내면,,,,,name_not_found,0
4177039500,경기도 파주군 군내면군내출장소,,,,,name_not_found,0
4177091000,경기도 파주군 장단면,,,,,name_not_found,0
4177092000,경기도 파주군 진동면,,,,,name_not_found,0
4177093000,경기도 파주군 진서면,,,,,name_not_found,0
4178000000,경기도 고양군,,,,,name_not_found,0
4178003000,경기도 고양군 중면,,,,,name_not_found,0
4178003500,경기도 고양군 신도면,,,,,name_not_found,0
4178004000,경기도 고양군 원당면,,,,,name_not_found,0
4178004500,경기도 고양군 지도면,,,,,name_not_found,0
4178005000,경기도 고양군 벽제면,,,,,name_not_found,0
4178011000,경기도 고양군 신도읍,,,,,name_not_found,0
4178012000,경기도 고양군 원당읍,,,,,name_not_found,0
4178013000,경기도 고양군 일산읍,,,,,name_not_found,0
4178013500,경기도 고양군 일산읍백마출장소,,,,,name_not_found,0
4178014000,경기도 고양군 벽제읍,,,,,name_not_found,0
4178015000,경기도 고양군 지도읍,,,,,name_not_found,0
4178016000,경기도 고양군 화전읍,,,,,name_not_found,0
4178031000,경기도 고양군 송포면,,,,,name_not_found,0
4179000000,경기도 광주군,,,,,name_not_found,0
4179003000,경기도 광주군 광주면,,,,,name_not_found,0
4179003500,경기도 광주군 동부면,,,,,name_not_found,0
4179004000,경기도 광주군 대왕면,,,,,name_not_found,0
4179004500,경기도 광주군 낙생면,,,,,name_not_found,0
4179005000,경기도 광주군 돌마면,,,,,name_not_found,0
4179005500,경기도 광주군 구천면,,,,,name_not_found,0
4179006000,경기도 광주군 언주면,,,,,name_not_found,0
4179006500,경기도 광주군 중대면,,,,,name_not_found,0
4179012000,경기도 광주군 동부읍,,,,,name_not_found,0
4179025000,경기도 광주군 광주읍,,,,,name_not_found,0
4179031000,경기도 광주군 오포면,,,,,name_not_found,0
4179032000,경기도 광주군 초월면,,,,,name_not_found,0
4179033000,경기도 광주군 실촌면,,,,,name_not_found,0
4179034000,경기도 광주군 도척면,,,,,name_not_found,0
4179035000,경기도 광주군 퇴촌면,,,,,name_not_found,0
4179036000,경기도 광주군 남종면,,,,,name_not_found,0
4179037000,경기도 광주군 중부면,,,,,name_not_found,0
4179038000,경기도 광주군 서부면,,,,,name_not_found,0
4180000000,경기도 연천군,,,,,name_not_found,0
4180003000,경기도 연천군 연천면,,,,,name_not_found,0
4180003500,경기도 연천군 전곡면,,,,,name_not_found,0
4180004000,경기도 연천군 관인면,,,,,name_not_found,0
4180025000,경기도 연천군 연천읍,3135011,경기도 연천군 연천읍,966212.0,2011189.0,matched,1
4180025300,경기도 연천군 전곡읍,3135012,경기도 연천군 전곡읍,959356.0,1999464.0,matched,1
4180031000,경기도 연천군 군남면,3135031,경기도 연천군 군남면,959472.0,2008394.0,matched,1
4180032000,경기도 연천군 청산면,3135032,경기도 연천군 청산면,965069.0,2001272.0,matched,1
4180033000,경기도 연천군 백학면,3135033,경기도 연천군 백학면,947899.0,2004189.0,matched,1
4180033500,경기도 연천군 백학면원당출장소,,,,,name_not_found,0
4180034000,경기도 연천군 미산면,3135034,경기도 연천군 미산면,954103.0,2004162.0,matched,1
4180035000,경기도 연천군 왕징면,3135035,경기도 연천군 왕징면,951178.0,2010925.0,matched,1
4180036000,경기도 연천군 신서면,3135036,경기도 연천군 신서면,965492.0,2022121.0,matched,1
4180037000,경기도 연천군 중면,3135037,경기도 연천군 중면,956734.0,2018599.0,matched,1
4180038000,경기도 연천군 장남면,3135038,경기도 연천군 장남면,943042.0,1999537.0,matched,1
4181000000,경기도 포천군,,,,,name_not_found,0
4181003000,경기도 포천군 포천면,,,,,name_not_found,0
4181003500,경기도 포천군 청산면,,,,,name_not_found,0
4181025000,경기도 포천군 포천읍,,,,,name_not_found,0
4181025300,경기도 포천군 소흘읍,,,,,name_not_found,0
4181031000,경기도 포천군 군내면,,,,,name_not_found,0
4181032000,경기도 포천군 내촌면,,,,,name_not_found,0
4181033000,경기도 포천군 가산면,,,,,name_not_found,0
4181034000,경기도 포천군 소흘면,,,,,name_not_found,0
4181035000,경기도 포천군 신북면,,,,,name_not_found,0
4181036000,경기도 포천군 관인면,,,,,name_not_found,0
4181037000,경기도 포천군 창수면,,,,,name_not_found,0
4181038000,경기도 포천군 영중면,,,,,name_not_found,0
4181039000,경기도 포천군 일동면,,,,,name_not_found,0
4181040000,경기도 포천군 이동면,,,,,name_not_found,0
4181041000,경기도 포천군 영북면,,,,,name_not_found,0
4181042000,경기도 포천군 화현면,,,,,name_not_found,0
4182000000,경기도 가평군,,,,,name_not_found,0
4182003000,경기도 가평군 가평면,,,,,name_not_found,0
4182025000,경기도 가평군 가평읍,3137011,경기도 가평군 가평읍,998900.0,1981007.0,matched,1
4182031000,경기도 가평군 설악면,3137031,경기도 가평군 설악면,999918.0,1961534.0,matched,1
4182032000,경기도 가평군 외서면,,,,,name_not_found,0
4182032500,경기도 가평군 청평면,3137032,경기도 가평군 청평면,993771.0,1970619.0,matched,1
4182033000,경기도 가평군 상면,3137033,경기도 가평군 상면,985712.0,1976791.0,matched,1
4182034000,경기도 가평군 하면,,,,,name_not_found,0
4182034500,경기도 가평군 조종면,3137036,경기도 가평군 조종면,988714.0,1985263.0,matched,1
4182035000,경기도 가평군 북면,3137035,경기도 가평군 북면,999487.0,1993844.0,matched,1
4183000000,경기도 양평군,,,,,name_not_found,0
4183003000,경기도 양평군 양평면,,,,,name_not_found,0
4183025000,경기도 양평군 양평읍,3138011,경기도 양평군 양평읍,1001234.0,1943818.0,matched,1
4183031000,경기도 양평군 강상면,3138031,경기도 양평군 강상면,997144.0,1940207.0,matched,1
4183032000,경기도 양평군 강하면,3138032,경기도 양평군 강하면,992194.0,1940991.0,matched,1
4183033000,경기도 양평군 양서면,3138033,경기도 양평군 양서면,989425.0,1949111.0,matched,1
4183033500,경기도 양평균 양서면국수출장소,,,,,name_not_found,0
4183034000,경기도 양평군 옥천면,3138034,경기도 양평군 옥천면,998801.0,1950271.0,matched,1
4183035000,경기도 양평군 서종면,3138035,경기도 양평군 서종면,991732.0,1956656.0,matched,1
4183036000,경기도 양평군 단월면,3138036,경기도 양평군 단월면,1011996.0,1953703.0,matched,1
4183037000,경기도 양평군 청운면,3138037,경기도 양평군 청운면,1022273.0,1949905.0,matched,1
4183038000,경기도 양평군 양동면,3138038,경기도 양평군 양동면,1021426.0,1938201.0,matched,1
4183039000,경기도 양평군 지제면,,,,,name_not_found,0
4183039500,경기도 양평군 지평면,3138039,경기도 양평군 지평면,1013398.0,1938842.0,matched,1
4183040000,경기도 양평군 용문면,3138040,경기도 양평군 용문면,1007789.0,1946731.0,matched,1
4183041000,경기도 양평군 개군면,3138041,경기도 양평군 개군면,1004378.0,1937864.0,matched,1
4184000000,경기도 이천군,,,,,name_not_found,0
4184011000,경기도 이천군 이천읍,,,,,name_not_found,0
4184012000,경기도 이천군 장호원읍,,,,,name_not_found,0
4184013000,경기도 이천군 부발읍,,,,,name_not_found,0
4184031000,경기도 이천군 신둔면,,,,,name_not_found,0
4184032000,경기도 이천군 백사면,,,,,name_not_found,0
4184033000,경기도 이천군 부발면,,,,,name_not_found,0
4184034000,경기도 이천군 호법면,,,,,name_not_found,0
4184035000,경기도 이천군 마장면,,,,,name_not_found,0
4184036000,경기도 이천군 대월면,,,,,name_not_found,0
4184036500,경기도 이천군 대월면초지출장소,,,,,name_not_found,0
4184037000,경기도 이천군 모가면,,,,,name_not_found,0
4184038000,경기도 이천군 설성면,,,,,name_not_found,0
4184039000,경기도 이천군 율면,,,,,name_not_found,0
4185000000,경기도 용인군,,,,,name_not_found,0
4185003000,경기도 용인군 기흥면,,,,,name_not_found,0
4185003500,경기도 용인군 용인면,,,,,name_not_found,0
4185004000,경기도 용인군 고삼면,,,,,name_not_found,0
4185011000,경기도 용인군 용인읍,,,,,name_not_found,0
4185012000,경기도 용인군 기흥읍,,,,,name_not_found,0
4185031000,경기도 용인군 포곡면,,,,,name_not_found,0
4185032000,경기도 용인군 모현면,,,,,name_not_found,0
4185033000,경기도 용인군 구성면,,,,,name_not_found,0
4185034000,경기도 용인군 수지면,,,,,name_not_found,0
4185035000,경기도 용인군 남사면,,,,,name_not_found,0
4185036000,경기도 용인군 이동면,,,,,name_not_found,0
4185037000,경기도 용인군 원삼면,,,,,name_not_found,0
4185038000,경기도 용인군 외사면,,,,,name_not_found,0
4185039000,경기도 용인군 내사면,,,,,name_not_found,0
4186000000,경기도 안성군,,,,,name_not_found,0
4186011000,경기도 안성군 안성읍,,,,,name_not_found,0
4186031000,경기도 안성군 보개면,,,,,name_not_found,0
4186032000,경기도 안성군 금광면,,,,,name_not_found,0
4186033000,경기도 안성군 서운면,,,,,name_not_found,0
4186034000,경기도 안성군 미양면,,,,,name_not_found,0
4186035000,경기도 안성군 대덕면,,,,,name_not_found,0
4186036000,경기도 안성군 양성면,,,,,name_not_found,0
4186037000,경기도 안성군 공도면,,,,,name_not_found,0
4186038000,경기도 안성군 원곡면,,,,,name_not_found,0
4186039000,경기도 안성군 일죽면,,,,,name_not_found,0
4186040000,경기도 안성군 이죽면,,,,,name_not_found,0
4186040500,경기도 안성군 죽산면,,,,,name_not_found,0
4186041000,경기도 안성군 삼죽면,,,,,name_not_found,0
4186042000,경기도 안성군 고삼면,,,,,name_not_found,0
4187000000,경기도 김포군,,,,,name_not_found,0
4187003000,경기도 김포군 김포면,,,,,name_not_found,0
4187003500,경기도 김포군 오정면,,,,,name_not_found,0
4187004000,경기도 김포군 양동면,,,,,name_not_found,0
4187004500,경기도 김포군 양서면,,,,,name_not_found,0
4187011000,경기도 김포군 김포읍,,,,,name_not_found,0
4187031000,경기도 김포군 고촌면,,,,,name_not_found,0
4187032000,경기도 김포군 계양면,,,,,name_not_found,0
4187033000,경기도 김포군 검단면,,,,,name_not_found,0
4187034000,경기도 김포군 양촌면,,,,,name_not_found,0
4187035000,경기도 김포군 통진면,,,,,name_not_found,0
4187036000,경기도 김포군 대곳면,,,,,name_not_found,0
4187037000,경기도 김포군 월곳면,,,,,name_not_found,0
4187038000,경기도 김포군 하성면,,,,,name_not_found,0
4187039000,경기도 김포군 대곶면,,,,,name_not_found,0
4187040000,경기도 김포군 월곶면,,,,,name_not_found,0
4188000000,경기도 강화군,,,,,name_not_found,0
4188003000,경기도 강화군 강화면,,,,,name_not_found,0
4188011000,경기도 강화군 강화읍,,,,,name_not_found,0
4188031000,경기도 강화군 선원면,,,,,name_not_found,0
4188032000,경기도 강화군 불은면,,,,,name_not_found,0
4188033000,경기도 강화군 길상면,,,,,name_not_found,0
4188034000,경기도 강화군 화도면,,,,,name_not_found,0
4188035000,경기도 강화군 양도면,,,,,name_not_found,0
4188036000,경기도 강화군 내가면,,,,,name_not_found,0
4188037000,경기도 강화군 하점면,,,,,name_not_found,0
4188038000,경기도 강화군 양사면,,,,,name_not_found,0
4188039000,경기도 강화군 송해면,,,,,name_not_found,0
4188040000,경기도 강화군 교동면,,,,,name_not_found,0
4188041000,경기도 강화군 삼산면,,,,,name_not_found,0
4188042000,경기도 강화군 서도면,,,,,name_not_found,0
4188042500,경기도 강화군 서도면볼음출장소,,,,,name_not_found,0
4189000000,경기도 옹진군,,,,,name_not_found,0
4189031000,경기도 옹진군 영종면,,,,,name_not_found,0
4189032000,경기도 옹진군 북도면,,,,,name_not_found,0
4189032500,경기도 옹진군 북도면장봉출장소,,,,,name_not_found,0
4189033000,경기도 옹진군 용유면,,,,,name_not_found,0
4189033500,경기도 옹진군 용유면무의출장소,,,,,name_not_found,0
4189034000,경기도 옹진군 송림면,,,,,name_not_found,0
4189035000,경기도 옹진군 백령면,,,,,name_not_found,0
4189036000,경기도 옹진군 대청면,,,,,name_not_found,0
4189036500,경기도 옹진군 대청면소청출장소,,,,,name_not_found,0
4189037000,경기도 옹진군 덕적면,,,,,name_not_found,0
4189038000,경기도 옹진군 영흥면,,,,,name_not_found,0
4189039000,경기도 옹진군 대부면,,,,,name_not_found,0
4189040000,경기도 옹진군 자월면,,,,,name_not_found,0
4200000000,강원도,,,,,name_not_found,0
4205000000,강원도 울진군,,,,,name_not_found,0
4205003000,강원도 울진군 울진면,,,,,name_not_found,0
4205003500,강원도 울진군 북면,,,,,name_not_found,0
4205004000,강원도 울진군 원남면,,,,,name_not_found,0
4205004500,강원도 울진군 근남면,,,,,name_not_found,0
4205005000,강원도 울진군 기성면,,,,,name_not_found,0
4205005500,강원도 울진군 평해면,,,,,name_not_found,0
4205006000,강원도 울진군 온정면,,,,,name_not_found,0
4210500000,동해출장소,,,,,name_not_found,0
4211000000,강원도 춘천시,,,,,name_not_found,0
4211025000,강원도 춘천시 신북읍,3201011,강원도 춘천시 신북읍,1022281.0,1995607.0,matched,1
4211031000,강원도 춘천시 동면,3201031,강원도 춘천시 동면,1030304.0,1987753.0,matched,1
4211031500,강원도 춘천시 동면상걸출장소,,,,,name_not_found,0
4211032000,강원도 춘천시 동산면,3201032,강원도 춘천시 동산면,1024872.0,1974843.0,matched,1
4211033000,강원도 춘천시 신동면,3201033,강원도 춘천시 신동면,1018085.0,1978836.0,matched,1
4211034000,강원도 춘천시 남면,3201035,강원도 춘천시 남면,1008623.0,1970985.0,matched,1
4211035000,강원도 춘천시 서면,3201037,강원도 춘천시 서면,1012619.0,1988712.0,matched,1
4211035500,강원도 춘천시 서면덕두원출장소,,,,,name_not_found,0
4211035600,강원도 춘천시 서면용산출장소,,,,,name_not_found,0
4211036000,강원도 춘천시 사북면,3201038,강원도 춘천시 사북면,1012613.0,2001172.0,matched,1
4211036500,강원도 춘천시 사북면용산출장소,,,,,name_not_found,0
4211037000,강원도 춘천시 신북면,,,,,name_not_found,0
4211038000,강원도 춘천시 북산면,3201039,강원도 춘천시 북산면,1035949.0,1996680.0,matched,1
4211038500,강원도 춘천시 북산면조교출장소,,,,,name_not_found,0
4211039000,강원도 춘천시 동내면,3201034,강원도 춘천시 동내면,1025016.0,1981962.0,matched,1
4211040000,강원도 춘천시 남산면,3201036,강원도 춘천시 남산면,1010680.0,1975513.0,matched,1
4211051000,강원도 춘천시 중앙동,,,,,name_not_found,0
4211052000,강원도 춘천시 교동,3201052,강원도 춘천시 교동,1020818.0,1986999.0,matched,1
4211053000,강원도 춘천시 조운동,3201053,강원도 춘천시 조운동,1020389.0,1986599.0,matched,1
4211054000,강원도 춘천시 약사동,,,,,name_not_found,0
4211054500,강원도 춘천시 약사명동,3201054,강원도 춘천시 약사명동,1019768.0,1986308.0,matched,1
4211055000,강원도 춘천시 죽림동,,,,,name_not_found,0
4211056000,강원도 춘천시 소낙동,,,,,name_not_found,0
4211057000,강원도 춘천시 근화동,3201057,강원도 춘천시 근화동,1018304.0,1987604.0,matched,1
4211058000,강원도 춘천시 소양동,3201058,강원도 춘천시 소양동,1019942.0,1987141.0,matched,1
4211059000,강원도 춘천시 호반동,,,,,name_not_found,0
4211060000,강원도 춘천시 후평1동,3201060,강원도 춘천시 후평1동,1021539.0,1987642.0,matched,1
4211061000,강원도 춘천시 후평2동,3201061,강원도 춘천시 후평2동,1021847.0,1986266.0,matched,1
4211061100,강원도 춘천시 후평3동,3201062,강원도 춘천시 후평3동,1022508.0,1986395.0,matched,1
4211062000,강원도 춘천시 효자1동,3201063,강원도 춘천시 효자1동,1020069.0,1985776.0,matched,1
4211063000,강원도 춘천시 효자2동,3201064,강원도 춘천시 효자2동,1021065.0,1985490.0,matched,1
4211064000,강원도 춘천시 효자3동,3201065,강원도 춘천시 효자3동,1021243.0,1986399.0,matched,1
4211065000,강원도 춘천시 석사동,3201066,강원도 춘천시 석사동,1021557.0,1984326.0,matched,1
4211066000,강원도 춘천시 퇴계동,3201067,강원도 춘천시 퇴계동,1020375.0,1983824.0,matched,1
4211067000,강원도 춘천시 온의동,,,,,name_not_found,0
4211067500,강원도 춘천시 강남동,3201068,강원도 춘천시 강남동,1017463.0,1984168.0,matched,1
4211068000,강원도 춘천시 삼천동,,,,,name_not_found,0
4211069000,강원도 춘천시 칠송동,,,,,name_not_found,0
4211070000,강원도 춘천시 사우동,,,,,name_not_found,0
4211070500,강원도 춘천시 신사우동,3201071,강원도 춘천시 신사우동,1020208.0,1990915.0,matched,1
4211071000,강원도 춘천시 우두동,,,,,name_not_found,0
4211072000,강원도 춘천시 사농동,,,,,name_not_found,0
4211073000,강원도 춘천시 신동,,,,,name_not_found,0
4213000000,강원도 원주시,,,,,name_not_found,0
4213025000,강원도 원주시 문막읍,3202011,강원도 원주시 문막읍,1028046.0,1921443.0,matched,1
4213031000,강원도 원주시 소초면,3202031,강원도 원주시 소초면,1045798.0,1934328.0,matched,1
4213031500,강원도 원주시 소초면학곡출장소,,,,,name_not_found,0
4213032000,강원도 원주시 호저면,3202032,강원도 원주시 호저면,1036196.0,1937365.0,matched,1
4213032500,강원도 원주시 호저면만종출장소,,,,,name_not_found,0
4213033000,강원도 원주시 지정면,3202033,강원도 원주시 지정면,1029479.0,1931391.0,matched,1
4213034000,강원도 원주시 문막면,,,,,name_not_found,0
4213035000,강원도 원주시 부론면,3202034,강원도 원주시 부론면,1025635.0,1911874.0,matched,1
4213035500,강원도 원주시 부론면단강출장소,,,,,name_not_found,0
4213036000,강원도 원주시 귀래면,3202035,강원도 원주시 귀래면,1033790.0,1910842.0,matched,1
4213037000,강원도 원주시 흥업면,3202036,강원도 원주시 흥업면,1035165.0,1920838.0,matched,1
4213038000,강원도 원주시 판부면,3202037,강원도 원주시 판부면,1043405.0,1920364.0,matched,1
4213039000,강원도 원주시 신림면,3202038,강원도 원주시 신림면,1053833.0,1916899.0,matched,1
4213039500,강원도 원주시 신림면황둔출장소,,,,,name_not_found,0
4213051000,강원도 원주시 중앙평원동,,,,,name_not_found,0
4213051500,강원도 원주시 중앙동,3202051,강원도 원주시 중앙동,1039535.0,1929178.0,matched,1
4213052000,강원도 원주시 원인동,3202052,강원도 원주시 원인동,1039724.0,1927552.0,matched,1
4213053000,강원도 원주시 개운동,3202053,강원도 원주시 개운동,1040380.0,1926879.0,matched,1
4213054000,강원도 원주시 명륜동,,,,,name_not_found,0
4213054100,강원도 원주시 명륜1동,3202054,강원도 원주시 명륜1동,1039579.0,1926769.0,matched,1
4213054200,강원도 원주시 명륜2동,3202055,강원도 원주시 명륜2동,1039050.0,1925795.0,matched,1
4213055000,강원도 원주시 단구동,3202056,강원도 원주시 단구동,1040342.0,1925075.0,matched,1
4213056000,강원도 원주시 일산동,3202057,강원도 원주시 일산동,1039240.0,1927882.0,matched,1
4213057000,강원도 원주시 학성1동,,,,,name_not_found,0
4213057500,강원도 원주시 학성동,3202058,강원도 원주시 학성동,1038980.0,1928638.0,matched,1
4213058000,강원도 원주시 학성2동,,,,,name_not_found,0
4213059000,강원도 원주시 단계동,3202060,강원도 원주시 단계동,1037874.0,1928266.0,matched,1
4213060000,강원도 원주시 우산동,3202061,강원도 원주시 우산동,1038147.0,1931130.0,matched,1
4213061000,강원도 원주시 태장1동,3202062,강원도 원주시 태장1동,1041041.0,1929583.0,matched,1
4213062000,강원도 원주시 태장2동,3202063,강원도 원주시 태장2동,1039965.0,1932282.0,matched,1
4213063000,강원도 원주시 봉산1동,,,,,name_not_found,0
4213063500,강원도 원주시 봉산동,3202064,강원도 원주시 봉산동,1042359.0,1928681.0,matched,1
4213064000,강원도 원주시 봉산2동,,,,,name_not_found,0
4213065000,강원도 원주시 행구동,3202066,강원도 원주시 행구동,1045095.0,1927193.0,matched,1
4213066000,강원도 원주시 무실동,3202067,강원도 원주시 무실동,1037319.0,1925524.0,matched,1
4213067000,강원도 원주시 관설동,,,,,name_not_found,0
4213067500,강원도 원주시 반곡관설동,3202068,강원도 원주시 반곡관설동,1043288.0,1924190.0,matched,1
4213068000,강원도 원주시 반곡동,,,,,name_not_found,0
4215000000,강원도 강릉시,,,,,name_not_found,0
4215025000,강원도 강릉시 주문진읍,3203011,강원도 강릉시 주문진읍,1110997.0,1988183.0,matched,1
4215031000,강원도 강릉시 성산면,3203031,강원도 강릉시 성산면,1114815.0,1971004.0,matched,1
4215032000,강원도 강릉시 왕산면,3203032,강원도 강릉시 왕산면,1114580.0,1956749.0,matched,1
4215032500,강원도 강릉시 왕산면고단출장소,,,,,name_not_found,0
4215033000,강원도 강릉시 구정면,3203033,강원도 강릉시 구정면,1122086.0,1967449.0,matched,1
4215034000,강원도 강릉시 강동면,3203034,강원도 강릉시 강동면,1129518.0,1965437.0,matched,1
4215034500,강원도 강릉시 강동면정동출장소,,,,,name_not_found,0
4215035000,강원도 강릉시 옥계면,3203035,강원도 강릉시 옥계면,1130795.0,1955805.0,matched,1
4215036000,강원도 강릉시 사천면,3203036,강원도 강릉시 사천면,1118108.0,1980928.0,matched,1
4215037000,강원도 강릉시 연곡면,3203037,강원도 강릉시 연곡면,1105129.0,1981604.0,matched,1
4215037500,강원도 강릉시 연곡면삼산출장소,,,,,name_not_found,0
4215051000,강원도 강릉시 홍제동,3203051,강원도 강릉시 홍제동,1120724.0,1973267.0,matched,1
4215052000,강원도 강릉시 중앙동,3203052,강원도 강릉시 중앙동,1122811.0,1973479.0,matched,1
4215053000,강원도 강릉시 임당동,,,,,name_not_found,0
4215054000,강원도 강릉시 옥천동,3203054,강원도 강릉시 옥천동,1123457.0,1974126.0,matched,1
4215055000,강원도 강릉시 교1동,3203055,강원도 강릉시 교1동,1121828.0,1974784.0,matched,1
4215056000,강원도 강릉시 교2동,3203056,강원도 강릉시 교2동,1122915.0,1975510.0,matched,1
4215057000,강원도 강릉시 포남동,,,,,name_not_found,0
4215057100,강원도 강릉시 포남1동,3203057,강원도 강릉시 포남1동,1124067.0,1974972.0,matched,1
4215057200,강원도 강릉시 포남2동,3203058,강원도 강릉시 포남2동,1123924.0,1976314.0,matched,1
4215058000,강원도 강릉시 초당동,3203059,강원도 강릉시 초당동,1124650.0,1977672.0,matched,1
4215059000,강원도 강릉시 송정동,3203060,강원도 강릉시 송정동,1125991.0,1976142.0,matched,1
4215060000,강원도 강릉시 내곡동,3203061,강원도 강릉시 내곡동,1121191.0,1971788.0,matched,1
4215061000,강원도 강릉시 장현동,,,,,name_not_found,0
4215061500,강원도 강릉시 강남동,3203062,강원도 강릉시 강남동,1124825.0,1971239.0,matched,1
4215062000,강원도 강릉시 노암동,,,,,name_not_found,0
4215063000,강원도 강릉시 월호평동,,,,,name_not_found,0
4215064000,강원도 강릉시 입암동,,,,,name_not_found,0
4215064500,강원도 강릉시 성덕동,3203065,강원도 강릉시 성덕동,1126226.0,1973969.0,matched,1
4215065000,강원도 강릉시 두산동,,,,,name_not_found,0
4215066000,강원도 강릉시 유천동,,,,,name_not_found,0
4215066500,강원도 강릉시 경포동,3203067,강원도 강릉시 경포동,1120906.0,1977460.0,matched,1
4215067000,강원도 강릉시 죽헌동,,,,,name_not_found,0
4215068000,강원도 강릉시 운정동,,,,,name_not_found,0
4215069000,강원도 강릉시 저동,,,,,name_not_found,0
4217000000,강원도 동해시,,,,,name_not_found,0
4217051000,강원도 동해시 천곡동,3204051,강원도 동해시 천곡동,1141287.0,1948319.0,matched,1
4217052000,강원도 동해시 송정동,3204052,강원도 동해시 송정동,1143700.0,1945619.0,matched,1
4217053000,강원도 동해시 북삼동,3204053,강원도 동해시 북삼동,1140261.0,1944653.0,matched,1
4217054000,강원도 동해시 부곡동,3204054,강원도 동해시 부곡동,1139183.0,1949741.0,matched,1
4217055000,강원도 동해시 동호동,3204055,강원도 동해시 동호동,1140384.0,1951033.0,matched,1
4217056000,강원도 동해시 향로동,,,,,name_not_found,0
4217057000,강원도 동해시 발한동,3204057,강원도 동해시 발한동,1142035.0,1950895.0,matched,1
4217058000,강원도 동해시 사문동,,,,,name_not_found,0
4217059000,강원도 동해시 묵호동,3204059,강원도 동해시 묵호동,1142423.0,1953390.0,matched,1
4217060000,강원도 동해시 북평동,3204060,강원도 동해시 북평동,1142945.0,1942629.0,matched,1
4217061000,강원도 동해시 이원동,,,,,name_not_found,0
4217062000,강원도 동해시 어달동,,,,,name_not_found,0
4217063000,강원도 동해시 망상동,3204063,강원도 동해시 망상동,1139215.0,1953551.0,matched,1
4217064000,강원도 동해시 삼흥동,,,,,name_not_found,0
4217065000,강원도 동해시 삼화동,3204065,강원도 동해시 삼화동,1134098.0,1944723.0,matched,1
4219000000,강원도 태백시,,,,,name_not_found,0
4219051000,강원도 태백시 황지1동,,,,,name_not_found,0
4219051500,강원도 태백시 황지동,3205051,강원도 태백시 황지동,1132790.0,1908980.0,matched,1
4219052000,강원도 태백시 황지2동,,,,,name_not_found,0
4219052500,강원도 태백시 황연동,3205052,강원도 태백시 황연동,1135396.0,1908777.0,matched,1
4219053000,강원도 태백시 황지3동,,,,,name_not_found,0
4219053500,강원도 태백시 삼수동,3205053,강원도 태백시 삼수동,1129843.0,1917688.0,matched,1
4219054000,강원도 태백시 상장동,3205054,강원도 태백시 상장동,1130282.0,1907292.0,matched,1
4219055000,강원도 태백시 장성동,3205056,강원도 태백시 장성동,1131710.0,1900582.0,matched,1
4219055500,강원도 태백시 장성1동,,,,,name_not_found,0
4219056000,강원도 태백시 화광동,,,,,name_not_found,0
4219056500,강원도 태백시 장성2동,,,,,name_not_found,0
4219057000,강원도 태백시 계산동,,,,,name_not_found,0
4219057500,강원도 태백시 장성3동,,,,,name_not_found,0
4219058000,강원도 태백시 철암1동,,,,,name_not_found,0
4219058500,강원도 태백시 문곡소도동,3205062,강원도 태백시 문곡소도동,1127548.0,1902941.0,matched,1
4219059000,강원도 태백시 철암2동,,,,,name_not_found,0
4219059500,강원도 태백시 장성동,3205056,강원도 태백시 장성동,1131710.0,1900582.0,matched,1
4219060000,강원도 태백시 연화동,,,,,name_not_found,0
4219060500,강원도 태백시 구문소동,3205055,강원도 태백시 구문소동,1137119.0,1900518.0,matched,1
4219061000,강원도 태백시 동점동,,,,,name_not_found,0
4219061500,강원도 태백시 철암동,3205058,강원도 태백시 철암동,1138473.0,1904081.0,matched,1
4219062000,강원도 태백시 문곡동,,,,,name_not_found,0
4219063000,강원도 태백시 소도동,,,,,name_not_found,0
4219064000,강원도 태백시 화전1동,,,,,name_not_found,0
4219065000,강원도 태백시 화전2동,,,,,name_not_found,0
4219066000,강원도 태백시 사조동,,,,,name_not_found,0
4221000000,강원도 속초시,,,,,name_not_found,0
4221051000,강원도 속초시 영랑동,3206051,강원도 속초시 영랑동,1092826.0,2024302.0,matched,1
4221052000,강원도 속초시 동명동,3206052,강원도 속초시 동명동,1095769.0,2024163.0,matched,1
4221053000,강원도 속초시 중앙동,,,,,name_not_found,0
4221054000,강원도 속초시 금호동,3206054,강원도 속초시 금호동,1094876.0,2023761.0,matched,1
4221055000,강원도 속초시 청학동,,,,,name_not_found,0
4221056000,강원도 속초시 교동,3206056,강원도 속초시 교동,1094736.0,2023162.0,matched,1
4221057000,강원도 속초시 노학동,3206057,강원도 속초시 노학동,1090523.0,2021750.0,matched,1
4221058000,강원도 속초시 조양동,3206058,강원도 속초시 조양동,1094597.0,2021015.0,matched,1
4221059000,강원도 속초시 청호동,3206059,강원도 속초시 청호동,1096047.0,2022164.0,matched,1
4221060000,강원도 속초시 대포동,3206060,강원도 속초시 대포동,1087678.0,2018671.0,matched,1
4221061000,강원도 속초시 도문동,,,,,name_not_found,0
4221062000,강원도 속초시 설악동,,,,,name_not_found,0
4221063000,강원도 속초시 장사동,,,,,name_not_found,0
4223000000,강원도 삼척시,,,,,name_not_found,0
4223025000,강원도 삼척시 도계읍,3207011,강원도 삼척시 도계읍,1139457.0,1915802.0,matched,1
4223025300,강원도 삼척시 원덕읍,3207012,강원도 삼척시 원덕읍,1158604.0,1910306.0,matched,1
4223025400,강원도 삼척시 원덕읍임원출장소,,,,,name_not_found,0
4223029000,강원도 삼척시 원덕읍임원출장소,,,,,name_not_found,0
4223031000,강원도 삼척시 근덕면,3207031,강원도 삼척시 근덕면,1153914.0,1925810.0,matched,1
4223032000,강원도 삼척시 하장면,3207032,강원도 삼척시 하장면,1126560.0,1929425.0,matched,1
4223032500,강원도 삼척시 하장면역둔출장소,,,,,name_not_found,0
4223033000,강원도 삼척시 노곡면,3207033,강원도 삼척시 노곡면,1147077.0,1922923.0,matched,1
4223033500,강원도 삼척시 노곡면마읍출장소,,,,,name_not_found,0
4223034000,강원도 삼척시 미로면,3207034,강원도 삼척시 미로면,1138677.0,1935139.0,matched,1
4223035000,강원도 삼척시 가곡면,3207035,강원도 삼척시 가곡면,1148226.0,1904120.0,matched,1
4223036000,강원도 삼척시 신기면,3207036,강원도 삼척시 신기면,1138146.0,1926822.0,matched,1
4223051000,강원도 삼척시 남양동,3207051,강원도 삼척시 남양동,1147303.0,1935919.0,matched,1
4223052000,강원도 삼척시 월계동,,,,,name_not_found,0
4223052100,강원도 삼척시 당저동,,,,,name_not_found,0
4223053000,강원도 삼척시 교동,3207053,강원도 삼척시 교동,1146947.0,1941165.0,matched,1
4223054000,강원도 삼척시 정라동,3207054,강원도 삼척시 정라동,1148769.0,1939173.0,matched,1
4223055000,강원도 삼척시 사직동,,,,,name_not_found,0
4223056000,강원도 삼척시 도원동,,,,,name_not_found,0
4223057000,강원도 삼척시 성내동,3207052,강원도 삼척시 성내동,1143893.0,1938994.0,matched,1
4271000000,강원도 춘성군,,,,,name_not_found,0
4271031000,강원도 춘성군 동면,,,,,name_not_found,0
4271031500,강원도 춘성군 동면상걸출장소,,,,,name_not_found,0
4271032000,강원도 춘성군 동산면,,,,,name_not_found,0
4271033000,강원도 춘성군 신동면,,,,,name_not_found,0
4271033500,강원도 춘성군 신동면신촌출장소,,,,,name_not_found,0
4271034000,강원도 춘성군 남면,,,,,name_not_found,0
4271034500,강원도 춘성군 남면발산출장소,,,,,name_not_found,0
4271035000,강원도 춘성군 서면,,,,,name_not_found,0
4271035500,강원도 춘성군 서면덕두원출장소,,,,,name_not_found,0
4271035600,강원도 춘성군 서면용산출장소,,,,,name_not_found,0
4271036000,강원도 춘성군 사북면,,,,,name_not_found,0
4271036500,강원도 춘성군 사북면용산출장소,,,,,name_not_found,0
4271037000,강원도 춘성군 신북면,,,,,name_not_found,0
4271038000,강원도 춘성군 북산면,,,,,name_not_found,0
4271038500,강원도 춘성군 북산면조교출장소,,,,,name_not_found,0
4271039000,강원도 춘성군 동내면,,,,,name_not_found,0
4271040000,강원도 춘성군 남산면,,,,,name_not_found,0
4271500000,강원도 춘천군,,,,,name_not_found,0
4271531000,강원도 춘천군 동면,,,,,name_not_found,0
4271531500,강원도 춘천군 동면상걸출장소,,,,,name_not_found,0
4271532000,강원도 춘천군 동산면,,,,,name_not_found,0
4271533000,강원도 춘천군 신동면,,,,,name_not_found,0
4271534000,강원도 춘천군 남면,,,,,name_not_found,0
4271535000,강원도 춘천군 서면,,,,,name_not_found,0
4271535500,강원도 춘천군 서면덕두원출장소,,,,,name_not_found,0
4271535600,강원도 춘천군 서면용산출장소,,,,,name_not_found,0
4271536000,강원도 춘천군 사북면,,,,,name_not_found,0
4271536500,강원도 춘천군 사북면용산출장소,,,,,name_not_found,0
4271537000,강원도 춘천군 신북면,,,,,name_not_found,0
4271538000,강원도 춘천군 북산면,,,,,name_not_found,0
4271538500,강원도 춘천군 북산면조교출장소,,,,,name_not_found,0
4271539000,강원도 춘천군 동내면,,,,,name_not_found,0
4271540000,강원도 춘천군 남산면,,,,,name_not_found,0
4272000000,강원도 홍천군,,,,,name_not_found,0
4272003000,강원도 홍천군 홍천면,,,,,name_not_found,0
4272025000,강원도 홍천군 홍천읍,3231011,강원도 홍천군 홍천읍,1032989.0,1962827.0,matched,1
4272031000,강원도 홍천군 화촌면,3231031,강원도 홍천군 화촌면,1042479.0,1974446.0,matched,1
4272032000,강원도 홍천군 두촌면,3231032,강원도 홍천군 두촌면,1046776.0,1985839.0,matched,1
4272033000,강원도 홍천군 내촌면,3231033,강원도 홍천군 내촌면,1053924.0,1979310.0,matched,1
4272034000,강원도 홍천군 서석면,3231034,강원도 홍천군 서석면,1062721.0,1968484.0,matched,1
4272035000,강원도 홍천군 동면,,,,,name_not_found,0
4272035200,강원도 홍천군 영귀미면,3231040,강원도 홍천군 영귀미면,1043478.0,1962775.0,matched,1
4272035500,강원도 홍천군 동면좌운출장소,,,,,name_not_found,0
4272036000,강원도 홍천군 남면,3231036,강원도 홍천군 남면,1025213.0,1957252.0,matched,1
4272036500,강원도 홍천군 남면시동출장소,,,,,name_not_found,0
4272037000,강원도 홍천군 서면,3231037,강원도 홍천군 서면,1011904.0,1963091.0,matched,1
4272037500,강원도 홍천군 서면모곡출장소,,,,,name_not_found,0
4272038000,강원도 홍천군 북방면,3231038,강원도 홍천군 북방면,1027563.0,1970294.0,matched,1
4272038500,강원도 홍천군 북방면역전평출장소,,,,,name_not_found,0
4272039000,강원도 홍천군 내면,3231039,강원도 홍천군 내면,1079974.0,1977615.0,matched,1
4272039500,강원도 홍천군 내면방내출장소,,,,,name_not_found,0
4273000000,강원도 횡성군,,,,,name_not_found,0
4273003000,강원도 횡성군 횡성면,,,,,name_not_found,0
4273025000,강원도 횡성군 횡성읍,3232011,강원도 횡성군 횡성읍,1043833.0,1943607.0,matched,1
4273031000,강원도 횡성군 우천면,3232031,강원도 횡성군 우천면,1052624.0,1941855.0,matched,1
4273031500,강원도 횡성군 우천면정금출장소,,,,,name_not_found,0
4273032000,강원도 횡성군 안흥면,3232032,강원도 횡성군 안흥면,1060377.0,1936274.0,matched,1
4273032500,강원도 횡성군 안흥면강림출장소,,,,,name_not_found,0
4273033000,강원도 횡성군 둔내면,3232033,강원도 횡성군 둔내면,1064947.0,1947386.0,matched,1
4273034000,강원도 횡성군 갑천면,3232034,강원도 횡성군 갑천면,1052115.0,1952320.0,matched,1
4273034500,강원도 횡성군 갑천면추동출장소,,,,,name_not_found,0
4273035000,강원도 횡성군 청일면,3232035,강원도 횡성군 청일면,1059356.0,1956641.0,matched,1
4273036000,강원도 횡성군 공근면,3232036,강원도 횡성군 공근면,1040623.0,1952369.0,matched,1
4273037000,강원도 횡성군 서원면,3232037,강원도 횡성군 서원면,1030737.0,1943610.0,matched,1
4273038000,강원도 횡성군 강림면,3232038,강원도 횡성군 강림면,1053800.0,1927994.0,matched,1
4274000000,강원도 원성군,,,,,name_not_found,0
4274031000,강원도 원성군 소초면,,,,,name_not_found,0
4274031500,강원도 원성군 소초면학곡출장소,,,,,name_not_found,0
4274032000,강원도 원성군 호저면,,,,,name_not_found,0
4274032500,강원도 원성군 호저면만종출장소,,,,,name_not_found,0
4274033000,강원도 원성군 지정면,,,,,name_not_found,0
4274034000,강원도 원성군 문막면,,,,,name_not_found,0
4274035000,강원도 원성군 부론면,,,,,name_not_found,0
4274035500,강원도 원성군 부론면단강출장소,,,,,name_not_found,0
4274036000,강원도 원성군 귀래면,,,,,name_not_found,0
4274037000,강원도 원성군 흥업면,,,,,name_not_found,0
4274038000,강원도 원성군 판부면,,,,,name_not_found,0
4274039000,강원도 원성군 신림면,,,,,name_not_found,0
4274039500,강원도 원성군 신림면황둔출장소,,,,,name_not_found,0
4274500000,강원도 원주군,,,,,name_not_found,0
4274531000,강원도 원주군 소초면,,,,,name_not_found,0
4274531500,강원도 원주군 소초면학곡출장소,,,,,name_not_found,0
4274532000,강원도 원주군 호저면,,,,,name_not_found,0
4274532500,강원도 원주군 호저면만종출장소,,,,,name_not_found,0
4274533000,강원도 원주군 지정면,,,,,name_not_found,0
4274534000,강원도 원주군 문막면,,,,,name_not_found,0
4274535000,강원도 원주군 부론면,,,,,name_not_found,0
4274535500,강원도 원주군 부론면단강출장소,,,,,name_not_found,0
4274536000,강원도 원주군 귀래면,,,,,name_not_found,0
4274537000,강원도 원주군 흥업면,,,,,name_not_found,0
4274538000,강원도 원주군 판부면,,,,,name_not_found,0
4274539000,강원도 원주군 신림면,,,,,name_not_found,0
4274539500,강원도 원주군 신림면황둔출장소,,,,,name_not_found,0
4275000000,강원도 영월군,,,,,name_not_found,0
4275003000,강원도 영월군 영월면,,,,,name_not_found,0
4275003500,강원도 영월군 상동면,,,,,name_not_found,0
4275011500,강원도 영월군 영월읍거운출장소,,,,,name_not_found,0
4275025000,강원도 영월군 영월읍,3233011,강원도 영월군 영월읍,1089708.0,1911942.0,matched,1
4275025300,강원도 영월군 상동읍,3233012,강원도 영월군 상동읍,1117229.0,1902817.0,matched,1
4275031000,강원도 영월군 중동면,,,,,name_not_found,0
4275031500,강원도 영월군 중동면석항출장소,,,,,name_not_found,0
4275032000,강원도 영월군 하동면,,,,,name_not_found,0
4275032500,강원도 영월군 김삿갓면,3233038,강원도 영월군 김삿갓면,1100885.0,1901129.0,matched,1
4275032900,강원도 영월군 하동면주문출장소,,,,,name_not_found,0
4275033000,강원도 영월군 북면,3233033,강원도 영월군 북면,1082722.0,1919661.0,matched,1
4275034000,강원도 영월군 남면,3233034,강원도 영월군 남면,1078509.0,1907794.0,matched,1
4275035000,강원도 영월군 서면,,,,,name_not_found,0
4275035500,강원도 영월군 한반도면,3233039,강원도 영월군 한반도면,1074717.0,1914440.0,matched,1
4275035900,강원도 영월군 한반도면쌍용출장소,,,,,name_not_found,0
4275036000,강원도 영월군 주천면,3233036,강원도 영월군 주천면,1069371.0,1920519.0,matched,1
4275037000,강원도 영월군 수주면,,,,,name_not_found,0
4275037500,강원도 영월군 수주면운학출장소,,,,,name_not_found,0
4275038000,강원도 영월군 무릉도원면,3233040,강원도 영월군 무릉도원면,1063830.0,1926329.0,matched,1
4276000000,강원도 평창군,,,,,name_not_found,0
4276003000,강원도 평창군 평창면,,,,,name_not_found,0
4276025000,강원도 평창군 평창읍,3234011,강원도 평창군 평창읍,1078930.0,1930666.0,matched,1
4276031000,강원도 평창군 미탄면,3234031,강원도 평창군 미탄면,1090206.0,1927243.0,matched,1
4276032000,강원도 평창군 방림면,3234032,강원도 평창군 방림면,1073094.0,1939543.0,matched,1
4276032500,강원도 평창군 방림면계촌출장소,,,,,name_not_found,0
4276033000,강원도 평창군 대화면,3234033,강원도 평창군 대화면,1083736.0,1944733.0,matched,1
4276034000,강원도 평창군 봉평면,3234034,강원도 평창군 봉평면,1074727.0,1957316.0,matched,1
4276034500,강원도 평창군 봉평면면온출장소,,,,,name_not_found,0
4276035000,강원도 평창군 용평면,3234035,강원도 평창군 용평면,1084043.0,1959489.0,matched,1
4276036000,강원도 평창군 진부면,3234036,강원도 평창군 진부면,1093803.0,1959773.0,matched,1
4276036500,강원도 평창군 진부면수항출장소,,,,,name_not_found,0
4276037000,강원도 평창군 도암면,,,,,name_not_found,0
4276037500,강원도 평창군 도암면유천출장소,,,,,name_not_found,0
4276038000,강원도 평창군 대관령면,3234037,강원도 평창군 대관령면,1103624.0,1966022.0,matched,1
4277000000,강원도 정선군,,,,,name_not_found,0
4277003000,강원도 정선군 신동면,,,,,name_not_found,0
4277003500,강원도 정선군 정선면,,,,,name_not_found,0
4277025000,강원도 정선군 정선읍,3235011,강원도 정선군 정선읍,1099408.0,1931848.0,matched,1
4277025300,강원도 정선군 고한읍,3235012,강원도 정선군 고한읍,1121653.0,1911259.0,matched,1
4277025600,강원도 정선군 사북읍,3235013,강원도 정선군 사북읍,1117358.0,1915828.0,matched,1
4277025900,강원도 정선군 신동읍,3235014,강원도 정선군 신동읍,1101829.0,1916061.0,matched,1
4277026000,강원도 정선군 신동읍함백출장소,,,,,name_not_found,0
4277029000,강원도 정선군 신동읍함백출장소,,,,,name_not_found,0
4277031000,강원도 정선군 동면,,,,,name_not_found,0
4277032000,강원도 정선군 남면,3235032,강원도 정선군 남면,1108970.0,1920859.0,matched,1
4277033000,강원도 정선군 북면,,,,,name_not_found,0
4277034000,강원도 정선군 북평면,3235034,강원도 정선군 북평면,1100337.0,1942767.0,matched,1
4277035000,강원도 정선군 임계면,3235035,강원도 정선군 임계면,1121448.0,1942463.0,matched,1
4277036000,강원도 정선군 화암면,3235036,강원도 정선군 화암면,1115862.0,1926396.0,matched,1
4277037000,강원도 정선군 여량면,3235037,강원도 정선군 여량면,1108697.0,1944330.0,matched,1
4278000000,강원도 철원군,,,,,name_not_found,0
4278003000,강원도 철원군 갈말면,,,,,name_not_found,0
4278003500,강원도 철원군 동송면,,,,,name_not_found,0
4278025000,강원도 철원군 철원읍,3236011,강원도 철원군 철원읍,971260.0,2029544.0,matched,1
4278025300,강원도 철원군 김화읍,3236012,강원도 철원군 김화읍,992128.0,2029806.0,matched,1
4278025600,강원도 철원군 갈말읍,3236013,강원도 철원군 갈말읍,985407.0,2027495.0,matched,1
4278025900,강원도 철원군 동송읍,3236014,강원도 철원군 동송읍,978100.0,2026857.0,matched,1
4278031000,강원도 철원군 서면,3236031,강원도 철원군 서면,993122.0,2019723.0,matched,1
4278031500,강원도 철원군 서면와수출장소,,,,,name_not_found,0
4278032000,강원도 철원군 근남면,3236032,강원도 철원군 근남면,1000233.0,2024524.0,matched,1
4278033000,강원도 철원군 근북면,3236021,강원도 철원군 근북면,991397.0,2034785.0,matched,1
4278034000,강원도 철원군 근동면,3236026,강원도 철원군 근동면,1003514.0,2033697.0,matched,1
4278035000,강원도 철원군 원동면,3236027,강원도 철원군 원동면,1022003.0,2034402.0,matched,1
4278036000,강원도 철원군 원남면,3236028,강원도 철원군 원남면,1012641.0,2032639.0,matched,1
4278037000,강원도 철원군 임남면,3236029,강원도 철원군 임남면,1030815.0,2033230.0,matched,1
4278091000,강원도 철원군 근북면,3236021,강원도 철원군 근북면,991397.0,2034785.0,matched,1
4278096000,강원도 철원군 임문면,,,,,name_not_found,0
4279000000,강원도 화천군,,,,,name_not_found,0
4279003000,강원도 화천군 화천면,,,,,name_not_found,0
4279025000,강원도 화천군 화천읍,3237011,강원도 화천군 화천읍,1024740.0,2020613.0,matched,1
4279031000,강원도 화천군 간동면,3237031,강원도 화천군 간동면,1027918.0,2007112.0,matched,1
4279031500,강원도 화천군 간동면구만출장소,,,,,name_not_found,0
4279032000,강원도 화천군 하남면,3237032,강원도 화천군 하남면,1013501.0,2009063.0,matched,1
4279032500,강원도 화천군 하남면강남출장소,,,,,name_not_found,0
4279033000,강원도 화천군 상서면,3237033,강원도 화천군 상서면,1010154.0,2021588.0,matched,1
4279034000,강원도 화천군 사내면,3237034,강원도 화천군 사내면,1000722.0,2008139.0,matched,1
4280000000,강원도 양구군,,,,,name_not_found,0
4280003000,강원도 양구군 양구면,,,,,name_not_found,0
4280025000,강원도 양구군 양구읍,3238011,강원도 양구군 양구읍,1039705.0,2012766.0,matched,1
4280031000,강원도 양구군 남면,,,,,name_not_found,0
4280031500,강원도 양구군 국토정중앙면,3238035,강원도 양구군 국토정중앙면,1048233.0,2009381.0,matched,1
4280032000,강원도 양구군 동면,3238032,강원도 양구군 동면,1048591.0,2026420.0,matched,1
4280033000,강원도 양구군 방산면,3238033,강원도 양구군 방산면,1037670.0,2026499.0,matched,1
4280034000,강원도 양구군 해안면,3238034,강원도 양구군 해안면,1054727.0,2031724.0,matched,1
4281000000,강원도 인제군,,,,,name_not_found,0
4281003000,강원도 인제군 인제면,,,,,name_not_found,0
4281025000,강원도 인제군 인제읍,3239011,강원도 인제군 인제읍,1065636.0,2007579.0,matched,1
4281025100,강원도 인제군 인제읍귀둔출장소,,,,,name_not_found,0
4281029000,강원도 인제군 인제읍귀둔출장소,,,,,name_not_found,0
4281031000,강원도 인제군 남면,3239031,강원도 인제군 남면,1053281.0,1997401.0,matched,1
4281032000,강원도 인제군 북면,3239032,강원도 인제군 북면,1071413.0,2018752.0,matched,1
4281033000,강원도 인제군 기린면,3239033,강원도 인제군 기린면,1078114.0,1996410.0,matched,1
4281034000,강원도 인제군 서화면,3239034,강원도 인제군 서화면,1063286.0,2030968.0,matched,1
4281035000,강원도 인제군 상남면,3239035,강원도 인제군 상남면,1067429.0,1987397.0,matched,1
4282000000,강원도 고성군,,,,,name_not_found,0
4282003000,강원도 고성군 간성면,,,,,name_not_found,0
4282003500,강원도 고성군 거진면,,,,,name_not_found,0
4282011500,강원도 고성군 간성읍흘리출장소,,,,,name_not_found,0
4282025000,강원도 고성군 간성읍,3240011,강원도 고성군 간성읍,1077950.0,2037309.0,matched,1
4282025300,강원도 고성군 거진읍,3240012,강원도 고성군 거진읍,1079286.0,2048180.0,matched,1
4282031000,강원도 고성군 현내면,3240031,강원도 고성군 현내면,1076479.0,2059494.0,matched,1
4282032000,강원도 고성군 죽왕면,3240032,강원도 고성군 죽왕면,1086419.0,2037049.0,matched,1
4282033000,강원도 고성군 토성면,3240033,강원도 고성군 토성면,1086870.0,2028159.0,matched,1
4282034000,강원도 고성군 수동면,3240026,강원도 고성군 수동면,1070493.0,2048982.0,matched,1
4283000000,강원도 양양군,,,,,name_not_found,0
4283001000,강원도 양양군 속초읍,,,,,name_not_found,0
4283003000,강원도 양양군 양양면,,,,,name_not_found,0
4283025000,강원도 양양군 양양읍,3241011,강원도 양양군 양양읍,1096555.0,2010731.0,matched,1
4283031000,강원도 양양군 서면,3241031,강원도 양양군 서면,1092986.0,2001709.0,matched,1
4283031500,강원도 양양군 서면서림출장소,,,,,name_not_found,0
4283032000,강원도 양양군 손양면,3241032,강원도 양양군 손양면,1101137.0,2005899.0,matched,1
4283033000,강원도 양양군 현북면,3241033,강원도 양양군 현북면,1101130.0,1996232.0,matched,1
4283033500,강원도 양양군 현북면어성전출장소,,,,,name_not_found,0
4283034000,강원도 양양군 현남면,3241034,강원도 양양군 현남면,1108895.0,1993850.0,matched,1
4283035000,강원도 양양군 강현면,3241035,강원도 양양군 강현면,1092962.0,2014871.0,matched,1
4284000000,강원도 명주군,,,,,name_not_found,0
4284001000,강원도 명주군 묵호읍,,,,,name_not_found,0
4284011000,강원도 명주군 주문진읍,,,,,name_not_found,0
4284031000,강원도 명주군 성산면,,,,,name_not_found,0
4284032000,강원도 명주군 왕산면,,,,,name_not_found,0
4284032500,강원도 명주군 왕산면고단출장소,,,,,name_not_found,0
4284033000,강원도 명주군 구정면,,,,,name_not_found,0
4284034000,강원도 명주군 강동면,,,,,name_not_found,0
4284034500,강원도 명주군 강동면정동출장소,,,,,name_not_found,0
4284035000,강원도 명주군 옥계면,,,,,name_not_found,0
4284036000,강원도 명주군 사천면,,,,,name_not_found,0
4284037000,강원도 명주군 연곡면,,,,,name_not_found,0
4284037500,강원도 명주군 연곡면삼산출장소,,,,,name_not_found,0
4285000000,강원도 삼척군,,,,,name_not_found,0
4285001000,강원도 삼척군 삼척읍,,,,,name_not_found,0
4285001500,강원도 삼척군 북평읍,,,,,name_not_found,0
4285002000,강원도 삼척군 황지읍,,,,,name_not_found,0
4285002500,강원도 삼척군 장성읍,,,,,name_not_found,0
4285003000,강원도 삼척군 소달면,,,,,name_not_found,0
4285003500,강원도 삼척군 원덕면,,,,,name_not_found,0
4285004000,강원도 삼척군 상장면,,,,,name_not_found,0
4285011000,강원도 삼척군 도계읍,,,,,name_not_found,0
4285011500,강원도 삼척군 도계읍신기출장소,,,,,name_not_found,0
4285012000,강원도 삼척군 원덕읍,,,,,name_not_found,0
4285012500,강원도 삼척군 원덕읍임원출장소,,,,,name_not_found,0
4285031000,강원도 삼척군 근덕면,,,,,name_not_found,0
4285032000,강원도 삼척군 하장면,,,,,name_not_found,0
4285032500,강원도 삼척군 하장면역둔출장소,,,,,name_not_found,0
4285033000,강원도 삼척군 노곡면,,,,,name_not_found,0
4285033500,강원도 삼척군 노곡면마읍출장소,,,,,name_not_found,0
4285034000,강원도 삼척군 미로면,,,,,name_not_found,0
4285035000,강원도 삼척군 가곡면,,,,,name_not_found,0
4285036000,강원도 삼척군 신기면,,,,,name_not_found,0
4300000000,충청북도,,,,,name_not_found,0
4305000000,충청북도 제천군,,,,,name_not_found,0
4305001000,충청북도 제천군 제천읍,,,,,name_not_found,0
4305003000,충청북도 제천군 금성면,,,,,name_not_found,0
4305003500,충청북도 제천군 청풍면,,,,,name_not_found,0
4305004000,충청북도 제천군 수산면,,,,,name_not_found,0
4305004500,충청북도 제천군 덕산면,,,,,name_not_found,0
4305005000,충청북도 제천군 한수면,,,,,name_not_found,0
4305005500,충청북도 제천군 백운면,,,,,name_not_found,0
4305006000,충청북도 제천군 봉양면,,,,,name_not_found,0
4305006500,충청북도 제천군 송학면,,,,,name_not_found,0
4311000000,충청북도 청주시,,,,,name_not_found,0
4311051000,충청북도 청주시 영북2북3가동,,,,,name_not_found,0
4311052000,충청북도 청주시 문화북1남2가동,,,,,name_not_found,0
4311053000,충청북도 청주시 서운남1가동,,,,,name_not_found,0
4311054000,충청북도 청주시 서문동,,,,,name_not_found,0
4311055000,충청북도 청주시 남주동,,,,,name_not_found,0
4311056000,충청북도 청주시 석교동,,,,,name_not_found,0
4311057000,충청북도 청주시 수동,,,,,name_not_found,0
4311058000,충청북도 청주시 우암동,,,,,name_not_found,0
4311059000,충청북도 청주시 내덕제1동,,,,,name_not_found,0
4311060000,충청북도 청주시 내덕제2동,,,,,name_not_found,0
4311061000,충청북도 청주시 율량.사천동,,,,,name_not_found,0
4311062000,충청북도 청주시 탑대성동,,,,,name_not_found,0
4311063000,충청북도 청주시 사직제1동,,,,,name_not_found,0
4311064000,충청북도 청주시 사직제2동,,,,,name_not_found,0
4311065000,충청북도 청주시 사창동,,,,,name_not_found,0
4311066000,충청북도 청주시 모충동,,,,,name_not_found,0
4311067000,충청북도 청주시 영운동,,,,,name_not_found,0
4311068000,충청북도 청주시 금천동,,,,,name_not_found,0
4311069000,충청북도 청주시 용담.명암.산성동,,,,,name_not_found,0
4311070000,충청북도 청주시 운천.신봉동,,,,,name_not_found,0
4311071000,충청북도 청주시 용암.용정.방서동,,,,,name_not_found,0
4311072000,충청북도 청주시 산미분수곡동,,,,,name_not_found,0
4311072100,충청북도 청주시 산미분장동,,,,,name_not_found,0
4311072600,충청북도 청주시 수곡동,,,,,name_not_found,0
4311073000,충청북도 청주시 농촌.개신.죽림동,,,,,name_not_found,0
4311074000,충청북도 청주시 가경.복대동,,,,,name_not_found,0
4311074100,충청북도 청주시 복대1동,,,,,name_not_found,0
4311074200,충청북도 청주시 복대2동,,,,,name_not_found,0
4311074600,충청북도 청주시 가경.복대2동,,,,,name_not_found,0
4311074700,충청북도 청주시 가경동,,,,,name_not_found,0
4311075000,충청북도 청주시 봉명.송정동,,,,,name_not_found,0
4311075100,충청북도 청주시 봉명1동,,,,,name_not_found,0
4311075600,충청북도 청주시 봉명2.송정동,,,,,name_not_found,0
4311076000,충청북도 청주시 강서제1동,,,,,name_not_found,0
4311077000,충청북도 청주시 강서제2동,,,,,name_not_found,0
4311078000,충청북도 청주시 성화.개신.죽림동,,,,,name_not_found,0
4311079000,충청북도 청주시 오근장동,,,,,name_not_found,0
4311100000,충청북도 청주시 상당구,,,,,name_not_found,0
4311131000,충청북도 청주시 상당구 낭성면,3304131,충청북도 청주시 상당구 낭성면,1008685.0,1848019.0,matched,1
4311132000,충청북도 청주시 상당구 미원면,3304132,충청북도 청주시 상당구 미원면,1015818.0,1850601.0,matched,1
4311133000,충청북도 청주시 상당구 가덕면,3304133,충청북도 청주시 상당구 가덕면,1006552.0,1840486.0,matched,1
4311134000,충청북도 청주시 상당구 남일면,3304134,충청북도 청주시 상당구 남일면,1001826.0,1841914.0,matched,1
4311135000,충청북도 청주시 상당구 문의면,3304135,충청북도 청주시 상당구 문의면,1000967.0,1832586.0,matched,1
4311151000,충청북도 청주시 상당구 영북2북3가동,,,,,name_not_found,0
4311152000,충청북도 청주시 상당구 문화북1남2가동,,,,,name_not_found,0
4311152500,충청북도 청주시 상당구 중앙동,3304151,충청북도 청주시 상당구 중앙동,999453.0,1849394.0,matched,1
4311153000,충청북도 청주시 상당구 서운남1가동,,,,,name_not_found,0
4311154000,충청북도 청주시 상당구 서문동,,,,,name_not_found,0
4311154500,충청북도 청주시 상당구 성안동,3304152,충청북도 청주시 상당구 성안동,999053.0,1848131.0,matched,1
4311155000,충청북도 청주시 상당구 남주동,,,,,name_not_found,0
4311156000,충청북도 청주시 상당구 석교동,,,,,name_not_found,0
4311157000,충청북도 청주시 상당구 수동,,,,,name_not_found,0
4311158000,충청북도 청주시 상당구 우암동,,,,,name_not_found,0
4311159000,충청북도 청주시 상당구 내덕제1동,,,,,name_not_found,0
4311160000,충청북도 청주시 상당구 내덕제2동,,,,,name_not_found,0
4311161000,충청북도 청주시 상당구 율량.사천동,,,,,name_not_found,0
4311162000,충청북도 청주시 상당구 탑대성동,,,,,name_not_found,0
4311167000,충청북도 청주시 상당구 영운동,3304154,충청북도 청주시 상당구 영운동,1000032.0,1846901.0,matched,1
4311168000,충청북도 청주시 상당구 금천동,3304155,충청북도 청주시 상당구 금천동,1000535.0,1847620.0,matched,1
4311169000,충청북도 청주시 상당구 용담.명암.산성동,,,,,name_not_found,0
4311171000,충청북도 청주시 상당구 용암.용정.방서동,,,,,name_not_found,0
4311172000,충청북도 청주시 상당구 용암1동,3304157,충청북도 청주시 상당구 용암1동,1002086.0,1847692.0,matched,1
4311173000,충청북도 청주시 상당구 용암2동,3304158,충청북도 청주시 상당구 용암2동,1002769.0,1845943.0,matched,1
4311179000,충청북도 청주시 상당구 오근장동,,,,,name_not_found,0
4311200000,충청북도 청주시 서원구,,,,,name_not_found,0
4311231000,충청북도 청주시 서원구 남이면,3304231,충청북도 청주시 서원구 남이면,993614.0,1840979.0,matched,1
4311232000,충청북도 청주시 서원구 현도면,3304232,충청북도 청주시 서원구 현도면,994128.0,1832413.0,matched,1
4311251000,충청북도 청주시 서원구 사직1동,3304251,충청북도 청주시 서원구 사직1동,997949.0,1849170.0,matched,1
4311252000,충청북도 청주시 서원구 사직2동,3304252,충청북도 청주시 서원구 사직2동,997790.0,1848382.0,matched,1
4311253000,충청북도 청주시 서원구 사창동,3304253,충청북도 청주시 서원구 사창동,996680.0,1848544.0,matched,1
4311254000,충청북도 청주시 서원구 모충동,3304254,충청북도 청주시 서원구 모충동,998325.0,1847467.0,matched,1
4311255000,충청북도 청주시 서원구 산남동,3304255,충청북도 청주시 서원구 산남동,997234.0,1845638.0,matched,1
4311256000,충청북도 청주시 서원구 분평동,3304256,충청북도 청주시 서원구 분평동,998837.0,1844335.0,matched,1
4311257000,충청북도 청주시 서원구 수곡1동,3304257,충청북도 청주시 서원구 수곡1동,998735.0,1846580.0,matched,1
4311258000,충청북도 청주시 서원구 수곡2동,3304258,충청북도 청주시 서원구 수곡2동,997662.0,1846775.0,matched,1
4311259000,충청북도 청주시 서원구 성화.개신.죽림동,,,,,name_not_found,0
4311300000,충청북도 청주시 흥덕구,,,,,name_not_found,0
4311325000,충청북도 청주시 흥덕구 오송읍,3304311,충청북도 청주시 흥덕구 오송읍,983867.0,1847956.0,matched,1
4311331000,충청북도 청주시 흥덕구 강내면,3304331,충청북도 청주시 흥덕구 강내면,987215.0,1844615.0,matched,1
4311332000,충청북도 청주시 흥덕구 옥산면,3304332,충청북도 청주시 흥덕구 옥산면,987228.0,1854384.0,matched,1
4311363000,충청북도 청주시 흥덕구 사직제1동,,,,,name_not_found,0
4311364000,충청북도 청주시 흥덕구 사직제2동,,,,,name_not_found,0
4311365000,충청북도 청주시 흥덕구 사창동,,,,,name_not_found,0
4311366000,충청북도 청주시 흥덕구 모충동,,,,,name_not_found,0
4311370000,충청북도 청주시 흥덕구 운천.신봉동,,,,,name_not_found,0
4311372100,충청북도 청주시 흥덕구 산미분장동,,,,,name_not_found,0
4311372200,충청북도 청주시 흥덕구 산남동,,,,,name_not_found,0
4311372300,충청북도 청주시 흥덕구 분평동,,,,,name_not_found,0
4311372600,충청북도 청주시 흥덕구 수곡동,,,,,name_not_found,0
4311372700,충청북도 청주시 흥덕구 수곡1동,,,,,name_not_found,0
4311372800,충청북도 청주시 흥덕구 수곡2동,,,,,name_not_found,0
4311374100,충청북도 청주시 흥덕구 복대1동,3304352,충청북도 청주시 흥덕구 복대1동,994161.0,1848855.0,matched,1
4311374200,충청북도 청주시 흥덕구 복대2동,3304353,충청북도 청주시 흥덕구 복대2동,995181.0,1848005.0,matched,1
4311374700,충청북도 청주시 흥덕구 가경동,3304354,충청북도 청주시 흥덕구 가경동,994121.0,1846933.0,matched,1
4311375100,충청북도 청주시 흥덕구 봉명1동,3304355,충청북도 청주시 흥덕구 봉명1동,996445.0,1849271.0,matched,1
4311375600,충청북도 청주시 흥덕구 봉명2.송정동,,,,,name_not_found,0
4311376000,충청북도 청주시 흥덕구 강서제1동,,,,,name_not_found,0
4311377000,충청북도 청주시 흥덕구 강서제2동,,,,,name_not_found,0
4311378000,충청북도 청주시 흥덕구 성화.개신.죽림동,,,,,name_not_found,0
4311400000,충청북도 청주시 청원구,,,,,name_not_found,0
4311425000,충청북도 청주시 청원구 내수읍,3304411,충청북도 청주시 청원구 내수읍,1004229.0,1856108.0,matched,1
4311425300,충청북도 청주시 청원구 오창읍,3304412,충청북도 청주시 청원구 오창읍,993016.0,1859522.0,matched,1
4311431000,충청북도 청주시 청원구 북이면,3304431,충청북도 청주시 청원구 북이면,1004265.0,1860905.0,matched,1
4311451000,충청북도 청주시 청원구 우암동,3304452,충청북도 청주시 청원구 우암동,999030.0,1850273.0,matched,1
4311452000,충청북도 청주시 청원구 내덕1동,3304453,충청북도 청주시 청원구 내덕1동,998350.0,1851301.0,matched,1
4311453000,충청북도 청주시 청원구 내덕2동,3304454,충청북도 청주시 청원구 내덕2동,999544.0,1851108.0,matched,1
4311454000,충청북도 청주시 청원구 율량.사천동,,,,,name_not_found,0
4311455000,충청북도 청주시 청원구 오근장동,3304451,충청북도 청주시 청원구 오근장동,998145.0,1854938.0,matched,1
4311500000,충청북도 청주시동부출장소,,,,,name_not_found,0
4311600000,충청북도 청주시서부출장소,,,,,name_not_found,0
4313000000,충청북도 충주시,,,,,name_not_found,0
4313025000,충청북도 충주시 주덕읍,3302011,충청북도 충주시 주덕읍,1025186.0,1887568.0,matched,1
4313031000,충청북도 충주시 살미면,3302031,충청북도 충주시 살미면,1044157.0,1879494.0,matched,1
4313032000,충청북도 충주시 상모면,,,,,name_not_found,0
4313032500,충청북도 충주시 수안보면,3302032,충청북도 충주시 수안보면,1046919.0,1871907.0,matched,1
4313033000,충청북도 충주시 이류면,,,,,name_not_found,0
4313033500,충청북도 충주시 대소원면,3302043,충청북도 충주시 대소원면,1031364.0,1883513.0,matched,1
4313034000,충청북도 충주시 주덕면,,,,,name_not_found,0
4313035000,충청북도 충주시 신니면,3302034,충청북도 충주시 신니면,1018709.0,1888952.0,matched,1
4313036000,충청북도 충주시 노은면,3302035,충청북도 충주시 노은면,1022270.0,1894878.0,matched,1
4313037000,충청북도 충주시 앙성면,3302036,충청북도 충주시 앙성면,1022637.0,1902648.0,matched,1
4313038000,충청북도 충주시 가금면,,,,,name_not_found,0
4313038500,충청북도 충주시 중앙탑면,3302044,충청북도 충주시 중앙탑면,1030524.0,1893230.0,matched,1
4313039000,충청북도 충주시 금가면,3302038,충청북도 충주시 금가면,1035167.0,1892625.0,matched,1
4313040000,충청북도 충주시 동량면,3302039,충청북도 충주시 동량면,1046316.0,1890865.0,matched,1
4313041000,충청북도 충주시 산척면,3302040,충청북도 충주시 산척면,1044871.0,1898465.0,matched,1
4313042000,충청북도 충주시 엄정면,3302041,충청북도 충주시 엄정면,1037792.0,1902270.0,matched,1
4313043000,충청북도 충주시 소태면,3302042,충청북도 충주시 소태면,1031433.0,1902680.0,matched,1
4313051000,충청북도 충주시 성내.성남.성서동,,,,,name_not_found,0
4313051500,충청북도 충주시 성내.충인동,,,,,name_not_found,0
4313052000,충청북도 충주시 충인.충의동,,,,,name_not_found,0
4313053000,충청북도 충주시 교현1동,,,,,name_not_found,0
4313053500,충청북도 충주시 교현.안림동,,,,,name_not_found,0
4313054000,충청북도 충주시 교현2동,3302054,충청북도 충주시 교현2동,1038191.0,1886863.0,matched,1
4313055000,충청북도 충주시 용산동,3302055,충청북도 충주시 용산동,1039664.0,1884853.0,matched,1
4313056000,충청북도 충주시 지현동,3302056,충청북도 충주시 지현동,1038465.0,1885041.0,matched,1
4313057000,충청북도 충주시 역전동,,,,,name_not_found,0
4313057100,충청북도 충주시 문화동,3302057,충청북도 충주시 문화동,1037661.0,1885772.0,matched,1
4313058000,충청북도 충주시 호암.직동,,,,,name_not_found,0
4313059000,충청북도 충주시 단월.풍.가주동,,,,,name_not_found,0
4313060000,충청북도 충주시 용관.용두.달천동,,,,,name_not_found,0
4313060500,충청북도 충주시 달천동,3302060,충청북도 충주시 달천동,1035640.0,1882890.0,matched,1
4313061000,충청북도 충주시 봉방동,3302061,충청북도 충주시 봉방동,1036016.0,1886456.0,matched,1
4313062000,충청북도 충주시 칠금.금능동,,,,,name_not_found,0
4313062500,충청북도 충주시 칠금.금릉동,,,,,name_not_found,0
4313063000,충청북도 충주시 연수동,3302063,충청북도 충주시 연수동,1039565.0,1888096.0,matched,1
4313064000,충청북도 충주시 목행.용탄동,,,,,name_not_found,0
4313065000,충청북도 충주시 종민.안림.목벌동,,,,,name_not_found,0
4315000000,충청북도 제천시,,,,,name_not_found,0
4315025000,충청북도 제천시 봉양읍,3303011,충청북도 제천시 봉양읍,1054656.0,1905704.0,matched,1
4315031000,충청북도 제천시 금성면,3303031,충청북도 제천시 금성면,1060839.0,1896315.0,matched,1
4315032000,충청북도 제천시 청풍면,3303032,충청북도 제천시 청풍면,1057346.0,1890285.0,matched,1
4315033000,충청북도 제천시 수산면,3303033,충청북도 제천시 수산면,1063088.0,1883615.0,matched,1
4315034000,충청북도 제천시 덕산면,3303034,충청북도 제천시 덕산면,1059245.0,1875451.0,matched,1
4315035000,충청북도 제천시 한수면,3303035,충청북도 제천시 한수면,1051528.0,1878450.0,matched,1
4315036000,충청북도 제천시 백운면,3303036,충청북도 제천시 백운면,1044007.0,1909200.0,matched,1
4315037000,충청북도 제천시 봉양면,,,,,name_not_found,0
4315038000,충청북도 제천시 송학면,3303037,충청북도 제천시 송학면,1066041.0,1911760.0,matched,1
4315051000,충청북도 제천시 교동,3303051,충청북도 제천시 교동,1064614.0,1905673.0,matched,1
4315051500,충청북도 제천시 고암.모산동,,,,,name_not_found,0
4315051700,충청북도 제천시 의암동,,,,,name_not_found,0
4315051800,충청북도 제천시 의림지동,3303073,충청북도 제천시 의림지동,1063619.0,1908470.0,matched,1
4315052000,충청북도 제천시 중앙동,3303074,충청북도 제천시 중앙동,1062985.0,1904763.0,matched,1
4315052500,충청북도 제천시 중앙.의림.명동,,,,,name_not_found,0
4315052700,충청북도 제천시 인성동,,,,,name_not_found,0
4315052800,충청북도 제천시 중앙동,3303074,충청북도 제천시 중앙동,1062985.0,1904763.0,matched,1
4315053000,충청북도 제천시 남천동,,,,,name_not_found,0
4315053500,충청북도 제천시 남천.동현동,,,,,name_not_found,0
4315053700,충청북도 제천시 남현동,3303070,충청북도 제천시 남현동,1063902.0,1904177.0,matched,1
4315054000,충청북도 제천시 명서동,,,,,name_not_found,0
4315054500,충청북도 제천시 서부.영천동,,,,,name_not_found,0
4315054700,충청북도 제천시 영서동,3303071,충청북도 제천시 영서동,1060242.0,1903378.0,matched,1
4315055000,충청북도 제천시 의림동,,,,,name_not_found,0
4315056000,충청북도 제천시 용두동,3303056,충청북도 제천시 용두동,1060637.0,1906777.0,matched,1
4315057000,충청북도 제천시 동현동,,,,,name_not_found,0
4315057500,충청북도 제천시 신백.두학동,,,,,name_not_found,0
4315057700,충청북도 제천시 신백동,3303072,충청북도 제천시 신백동,1067776.0,1902709.0,matched,1
4315058000,충청북도 제천시 두학동,,,,,name_not_found,0
4315059000,충청북도 제천시 청전동,3303059,충청북도 제천시 청전동,1062988.0,1905964.0,matched,1
4315060000,충청북도 제천시 화산1동,,,,,name_not_found,0
4315060500,충청북도 제천시 화산동,3303060,충청북도 제천시 화산동,1062310.0,1901541.0,matched,1
4315061000,충청북도 제천시 화산2동,,,,,name_not_found,0
4315062000,충청북도 제천시 영천1동,,,,,name_not_found,0
4315062500,충청북도 제천시 영천동,,,,,name_not_found,0
4315063000,충청북도 제천시 영천2동,,,,,name_not_found,0
4371000000,충청북도 청원군,,,,,name_not_found,0
4371003000,충청북도 청원군 강서면,,,,,name_not_found,0
4371003500,충청북도 청원군 사주면,,,,,name_not_found,0
4371025000,충청북도 청원군 내수읍,,,,,name_not_found,0
4371025300,충청북도 청원군 오창읍,,,,,name_not_found,0
4371025600,충청북도 청원군 오송읍,,,,,name_not_found,0
4371031000,충청북도 청원군 낭성면,,,,,name_not_found,0
4371032000,충청북도 청원군 미원면,,,,,name_not_found,0
4371033000,충청북도 청원군 가덕면,,,,,name_not_found,0
4371034000,충청북도 청원군 남일면,,,,,name_not_found,0
4371035000,충청북도 청원군 남이면,,,,,name_not_found,0
4371036000,충청북도 청원군 문의면,,,,,name_not_found,0
4371037000,충청북도 청원군 현도면,,,,,name_not_found,0
4371038000,충청북도 청원군 부용면,,,,,name_not_found,0
4371039000,충청북도 청원군 강내면,,,,,name_not_found,0
4371040000,충청북도 청원군 강외면,,,,,name_not_found,0
4371041000,충청북도 청원군 옥산면,,,,,name_not_found,0
4371042000,충청북도 청원군 오창면,,,,,name_not_found,0
4371043000,충청북도 청원군 북이면,,,,,name_not_found,0
4371044000,충청북도 청원군 북일면,,,,,name_not_found,0
4372000000,충청북도 보은군,,,,,name_not_found,0
4372003000,충청북도 보은군 보은면,,,,,name_not_found,0
4372025000,충청북도 보은군 보은읍,3332011,충청북도 보은군 보은읍,1019986.0,1833526.0,matched,1
4372031000,충청북도 보은군 내속리면,,,,,name_not_found,0
4372031500,충청북도 보은군 속리산면,3332031,충청북도 보은군 속리산면,1029899.0,1836378.0,matched,1
4372032000,충청북도 보은군 외속리면,,,,,name_not_found,0
4372032500,충청북도 보은군 장안면,3332032,충청북도 보은군 장안면,1026885.0,1831123.0,matched,1
4372033000,충청북도 보은군 마로면,3332033,충청북도 보은군 마로면,1030298.0,1824445.0,matched,1
4372034000,충청북도 보은군 탄부면,3332034,충청북도 보은군 탄부면,1024947.0,1826654.0,matched,1
4372035000,충청북도 보은군 삼승면,3332035,충청북도 보은군 삼승면,1021062.0,1824450.0,matched,1
4372036000,충청북도 보은군 수한면,3332036,충청북도 보은군 수한면,1015106.0,1829120.0,matched,1
4372037000,충청북도 보은군 회남면,3332037,충청북도 보은군 회남면,1006638.0,1826224.0,matched,1
4372038000,충청북도 보은군 회북면,,,,,name_not_found,0
4372038500,충청북도 보은군 회인면,3332038,충청북도 보은군 회인면,1009182.0,1833621.0,matched,1
4372039000,충청북도 보은군 내북면,3332039,충청북도 보은군 내북면,1014147.0,1839588.0,matched,1
4372040000,충청북도 보은군 산외면,3332040,충청북도 보은군 산외면,1022106.0,1841556.0,matched,1
4373000000,충청북도 옥천군,,,,,name_not_found,0
4373025000,충청북도 옥천군 옥천읍,3333011,충청북도 옥천군 옥천읍,1007516.0,1811582.0,matched,1
4373031000,충청북도 옥천군 동이면,3333031,충청북도 옥천군 동이면,1013102.0,1810887.0,matched,1
4373032000,충청북도 옥천군 안남면,3333032,충청북도 옥천군 안남면,1016248.0,1817504.0,matched,1
4373033000,충청북도 옥천군 안내면,3333033,충청북도 옥천군 안내면,1013403.0,1822462.0,matched,1
4373034000,충청북도 옥천군 청성면,3333034,충청북도 옥천군 청성면,1020929.0,1814172.0,matched,1
4373035000,충청북도 옥천군 청산면,3333035,충청북도 옥천군 청산면,1028317.0,1816476.0,matched,1
4373036000,충청북도 옥천군 이원면,3333036,충청북도 옥천군 이원면,1011878.0,1803437.0,matched,1
4373037000,충청북도 옥천군 군서면,3333037,충청북도 옥천군 군서면,1002309.0,1808335.0,matched,1
4373038000,충청북도 옥천군 군북면,3333038,충청북도 옥천군 군북면,1005385.0,1817701.0,matched,1
4374000000,충청북도 영동군,,,,,name_not_found,0
4374025000,충청북도 영동군 영동읍,3334011,충청북도 영동군 영동읍,1027936.0,1797865.0,matched,1
4374031000,충청북도 영동군 용산면,3334031,충청북도 영동군 용산면,1027386.0,1807336.0,matched,1
4374032000,충청북도 영동군 황간면,3334032,충청북도 영동군 황간면,1035653.0,1804383.0,matched,1
4374033000,충청북도 영동군 황금면,,,,,name_not_found,0
4374033500,충청북도 영동군 추풍령면,3334033,충청북도 영동군 추풍령면,1044730.0,1803641.0,matched,1
4374034000,충청북도 영동군 매곡면,3334034,충청북도 영동군 매곡면,1040754.0,1796695.0,matched,1
4374035000,충청북도 영동군 상촌면,3334035,충청북도 영동군 상촌면,1035572.0,1789299.0,matched,1
4374036000,충청북도 영동군 양강면,3334036,충청북도 영동군 양강면,1023502.0,1791799.0,matched,1
4374037000,충청북도 영동군 용화면,3334037,충청북도 영동군 용화면,1024937.0,1783421.0,matched,1
4374038000,충청북도 영동군 학산면,3334038,충청북도 영동군 학산면,1016821.0,1787818.0,matched,1
4374039000,충청북도 영동군 양산면,3334039,충청북도 영동군 양산면,1012841.0,1794458.0,matched,1
4374040000,충청북도 영동군 심천면,3334040,충청북도 영동군 심천면,1018839.0,1802048.0,matched,1
4374500000,충청북도 증평군,,,,,name_not_found,0
4374525000,충청북도 증평군 증평읍,3339014,충청북도 증평군 증평읍,1009273.0,1863202.0,matched,1
4374531000,충청북도 증평군 도안면,3339031,충청북도 증평군 도안면,1009463.0,1869931.0,matched,1
4375000000,충청북도 진천군,,,,,name_not_found,0
4375003000,충청북도 진천군 진천면,,,,,name_not_found,0
4375025000,충청북도 진천군 진천읍,3335011,충청북도 진천군 진천읍,992338.0,1872182.0,matched,1
4375025300,충청북도 진천군 덕산읍,3335012,충청북도 진천군 덕산읍,1000647.0,1877751.0,matched,1
4375025400,충청북도 진천군 덕산읍혁신도시출장소,,,,,name_not_found,0
4375031000,충청북도 진천군 덕산면,,,,,name_not_found,0
4375032000,충청북도 진천군 초평면,3335032,충청북도 진천군 초평면,1002833.0,1870108.0,matched,1
4375033000,충청북도 진천군 문백면,3335033,충청북도 진천군 문백면,995627.0,1866869.0,matched,1
4375034000,충청북도 진천군 백곡면,3335034,충청북도 진천군 백곡면,986738.0,1877944.0,matched,1
4375035000,충청북도 진천군 이월면,3335035,충청북도 진천군 이월면,994047.0,1880075.0,matched,1
4375036000,충청북도 진천군 만승면,,,,,name_not_found,0
4375037000,충청북도 진천군 광혜원면,3335036,충청북도 진천군 광혜원면,993211.0,1886472.0,matched,1
4376000000,충청북도 괴산군,,,,,name_not_found,0
4376003000,충청북도 괴산군 괴산면,,,,,name_not_found,0
4376003500,충청북도 괴산군 상모면,,,,,name_not_found,0
4376012000,충청북도 괴산군 증평읍,,,,,name_not_found,0
4376012500,충청북도 괴산군 증천지소,,,,,name_not_found,0
4376012600,충청북도 괴산군 장평지소,,,,,name_not_found,0
4376025000,충청북도 괴산군 괴산읍,3336011,충청북도 괴산군 괴산읍,1027222.0,1869916.0,matched,1
4376025300,충청북도 괴산군 증평읍,,,,,name_not_found,0
4376025400,충청북도 괴산군 증천지소,,,,,name_not_found,0
4376025500,충청북도 괴산군 장평지소,,,,,name_not_found,0
4376031000,충청북도 괴산군 감물면,3336031,충청북도 괴산군 감물면,1034139.0,1871252.0,matched,1
4376032000,충청북도 괴산군 장연면,3336032,충청북도 괴산군 장연면,1039742.0,1870855.0,matched,1
4376033000,충청북도 괴산군 연풍면,3336033,충청북도 괴산군 연풍면,1044898.0,1863306.0,matched,1
4376034000,충청북도 괴산군 칠성면,3336034,충청북도 괴산군 칠성면,1034139.0,1861765.0,matched,1
4376035000,충청북도 괴산군 문광면,3336035,충청북도 괴산군 문광면,1024417.0,1863784.0,matched,1
4376036000,충청북도 괴산군 청천면,3336036,충청북도 괴산군 청천면,1028197.0,1852899.0,matched,1
4376036500,충청북도 괴산군 청천면덕평출장소,,,,,name_not_found,0
4376036600,충청북도 괴산군 청천면송면출장소,,,,,name_not_found,0
4376037000,충청북도 괴산군 청안면,3336037,충청북도 괴산군 청안면,1016262.0,1861241.0,matched,1
4376037500,충청북도 괴산군 청안면부흥출장소,,,,,name_not_found,0
4376038000,충청북도 괴산군 도안면,,,,,name_not_found,0
4376038500,충청북도 괴산군 도안지소,,,,,name_not_found,0
4376039000,충청북도 괴산군 사리면,3336038,충청북도 괴산군 사리면,1016181.0,1868617.0,matched,1
4376040000,충청북도 괴산군 소수면,3336039,충청북도 괴산군 소수면,1020247.0,1872357.0,matched,1
4376041000,충청북도 괴산군 불정면,3336040,충청북도 괴산군 불정면,1028838.0,1877253.0,matched,1
4377000000,충청북도 음성군,,,,,name_not_found,0
4377003000,충청북도 음성군 금왕면,,,,,name_not_found,0
4377025000,충청북도 음성군 음성읍,3337011,충청북도 음성군 음성읍,1013745.0,1882598.0,matched,1
4377025300,충청북도 음성군 금왕읍,3337012,충청북도 음성군 금왕읍,1006550.0,1887751.0,matched,1
4377031000,충청북도 음성군 소이면,3337031,충청북도 음성군 소이면,1022445.0,1879395.0,matched,1
4377032000,충청북도 음성군 원남면,3337032,충청북도 음성군 원남면,1013169.0,1875907.0,matched,1
4377033000,충청북도 음성군 맹동면,3337033,충청북도 음성군 맹동면,1005186.0,1880047.0,matched,1
4377034000,충청북도 음성군 대소면,3337034,충청북도 음성군 대소면,999249.0,1884751.0,matched,1
4377035000,충청북도 음성군 삼성면,3337035,충청북도 음성군 삼성면,999445.0,1891183.0,matched,1
4377036000,충청북도 음성군 생극면,3337036,충청북도 음성군 생극면,1009967.0,1893046.0,matched,1
4377037000,충청북도 음성군 감곡면,3337037,충청북도 음성군 감곡면,1014462.0,1899805.0,matched,1
4378000000,충청북도 중원군,,,,,name_not_found,0
4378031000,충청북도 중원군 살미면,,,,,name_not_found,0
4378032000,충청북도 중원군 상모면,,,,,name_not_found,0
4378033000,충청북도 중원군 이류면,,,,,name_not_found,0
4378034000,충청북도 중원군 주덕면,,,,,name_not_found,0
4378035000,충청북도 중원군 신니면,,,,,name_not_found,0
4378036000,충청북도 중원군 노은면,,,,,name_not_found,0
4378037000,충청북도 중원군 앙성면,,,,,name_not_found,0
4378038000,충청북도 중원군 가금면,,,,,name_not_found,0
4378039000,충청북도 중원군 금가면,,,,,name_not_found,0
4378040000,충청북도 중원군 동량면,,,,,name_not_found,0
4378041000,충청북도 중원군 산척면,,,,,name_not_found,0
4378042000,충청북도 중원군 엄정면,,,,,name_not_found,0
4378043000,충청북도 중원군 소태면,,,,,name_not_found,0
4379000000,충청북도 제원군,,,,,name_not_found,0
4379031000,충청북도 제원군 금성면,,,,,name_not_found,0
4379032000,충청북도 제원군 청풍면,,,,,name_not_found,0
4379033000,충청북도 제원군 수산면,,,,,name_not_found,0
4379034000,충청북도 제원군 덕산면,,,,,name_not_found,0
4379035000,충청북도 제원군 한수면,,,,,name_not_found,0
4379036000,충청북도 제원군 백운면,,,,,name_not_found,0
4379037000,충청북도 제원군 봉양면,,,,,name_not_found,0
4379038000,충청북도 제원군 송학면,,,,,name_not_found,0
4379500000,충청북도 제천군,,,,,name_not_found,0
4379531000,충청북도 제천군 금성면,,,,,name_not_found,0
4379532000,충청북도 제천군 청풍면,,,,,name_not_found,0
4379533000,충청북도 제천군 수산면,,,,,name_not_found,0
4379534000,충청북도 제천군 덕산면,,,,,name_not_found,0
4379535000,충청북도 제천군 한수면,,,,,name_not_found,0
4379536000,충청북도 제천군 백운면,,,,,name_not_found,0
4379537000,충청북도 제천군 봉양면,,,,,name_not_found,0
4379538000,충청북도 제천군 송학면,,,,,name_not_found,0
4380000000,충청북도 단양군,,,,,name_not_found,0
4380003000,충청북도 단양군 단양면,,,,,name_not_found,0
4380003500,충청북도 단양군 매포면,,,,,name_not_found,0
4380011500,충청북도 단양군 단양읍구단양출장소,,,,,name_not_found,0
4380025000,충청북도 단양군 단양읍,3338011,충청북도 단양군 단양읍,1079335.0,1885096.0,matched,1
4380025300,충청북도 단양군 매포읍,3338012,충청북도 단양군 매포읍,1071295.0,1894482.0,matched,1
4380031000,충청북도 단양군 대강면,3338032,충청북도 단양군 대강면,1078419.0,1874811.0,matched,1
4380032000,충청북도 단양군 가곡면,3338033,충청북도 단양군 가곡면,1082864.0,1891086.0,matched,1
4380033000,충청북도 단양군 영춘면,3338034,충청북도 단양군 영춘면,1088911.0,1897096.0,matched,1
4380033500,충청북도 단양군 영춘면별방출장소,,,,,name_not_found,0
4380034000,충청북도 단양군 어상천면,3338035,충청북도 단양군 어상천면,1075239.0,1900186.0,matched,1
4380035000,충청북도 단양군 적성면,3338036,충청북도 단양군 적성면,1069032.0,1888800.0,matched,1
4380035500,충청북도 단양군 적성면각기출장소,,,,,name_not_found,0
4380036000,충청북도 단양군 단성면,3338031,충청북도 단양군 단성면,1070396.0,1878000.0,matched,1
4395000000,충청북도 증평출장소,,,,,name_not_found,0
4400000000,충청남도,,,,,name_not_found,0
4405000000,충청남도 천안군,,,,,name_not_found,0
4405001000,충청남도 천안군 천안읍,,,,,name_not_found,0
4405003000,충청남도 천안군 환성면,,,,,name_not_found,0
4405003500,충청남도 천안군 풍세면,,,,,name_not_found,0
4405004000,충청남도 천안군 광덕면,,,,,name_not_found,0
4405004500,충청남도 천안군 목천면,,,,,name_not_found,0
4405005000,충청남도 천안군 북면,,,,,name_not_found,0
4405005500,충청남도 천안군 성남면,,,,,name_not_found,0
4405006000,충청남도 천안군 수신면,,,,,name_not_found,0
4405006500,충청남도 천안군 병천면,,,,,name_not_found,0
4405007000,충청남도 천안군 동면,,,,,name_not_found,0
4405007500,충청남도 천안군 직산면,,,,,name_not_found,0
4405008000,충청남도 천안군 성거면,,,,,name_not_found,0
4411000000,충청남도 대전시,,,,,name_not_found,0
4411100000,충청남도 대전시 동구,,,,,name_not_found,0
4411151000,충청남도 대전시 동구 원동,,,,,name_not_found,0
4411152000,충청남도 대전시 동구 인동,,,,,name_not_found,0
4411153000,충청남도 대전시 동구 효동,,,,,name_not_found,0
4411154000,충청남도 대전시 동구 신흥동,,,,,name_not_found,0
4411155000,충청남도 대전시 동구 판암동,,,,,name_not_found,0
4411156000,충청남도 대전시 동구 용운동,,,,,name_not_found,0
4411157000,충청남도 대전시 동구 대동1동,,,,,name_not_found,0
4411158000,충청남도 대전시 동구 대동2동,,,,,name_not_found,0
4411159000,충청남도 대전시 동구 자양동,,,,,name_not_found,0
4411160000,충청남도 대전시 동구 신안동,,,,,name_not_found,0
4411161000,충청남도 대전시 동구 소제동,,,,,name_not_found,0
4411162000,충청남도 대전시 동구 가양1동,,,,,name_not_found,0
4411163000,충청남도 대전시 동구 가양2동,,,,,name_not_found,0
4411164000,충청남도 대전시 동구 용전동,,,,,name_not_found,0
4411165000,충청남도 대전시 동구 성남1동,,,,,name_not_found,0
4411166000,충청남도 대전시 동구 성남2동,,,,,name_not_found,0
4411167000,충청남도 대전시 동구 홍도동,,,,,name_not_found,0
4411168000,충청남도 대전시 동구 오정동,,,,,name_not_found,0
4411169000,충청남도 대전시 동구 대화동,,,,,name_not_found,0
4411170000,충청남도 대전시 동구 삼성1동,,,,,name_not_found,0
4411171000,충청남도 대전시 동구 삼성2동,,,,,name_not_found,0
4411172000,충청남도 대전시 동구 정동,,,,,name_not_found,0
4411173000,충청남도 대전시 동구 중동,,,,,name_not_found,0
4411174000,충청남도 대전시 동구 회덕1동,,,,,name_not_found,0
4411175000,충청남도 대전시 동구 회덕2동,,,,,name_not_found,0
4411300000,충청남도 대전시 중구,,,,,name_not_found,0
4411351000,충청남도 대전시 중구 은행동,,,,,name_not_found,0
4411352000,충청남도 대전시 중구 선화1동,,,,,name_not_found,0
4411353000,충청남도 대전시 중구 선화2동,,,,,name_not_found,0
4411354000,충청남도 대전시 중구 선화3동,,,,,name_not_found,0
4411355000,충청남도 대전시 중구 목동,,,,,name_not_found,0
4411356000,충청남도 대전시 중구 중촌동,,,,,name_not_found,0
4411357000,충청남도 대전시 중구 대흥1동,,,,,name_not_found,0
4411358000,충청남도 대전시 중구 대흥2동,,,,,name_not_found,0
4411359000,충청남도 대전시 중구 대흥3동,,,,,name_not_found,0
4411360000,충청남도 대전시 중구 문창1동,,,,,name_not_found,0
4411361000,충청남도 대전시 중구 문창2동,,,,,name_not_found,0
4411362000,충청남도 대전시 중구 석교동,,,,,name_not_found,0
4411363000,충청남도 대전시 중구 대사동,,,,,name_not_found,0
4411364000,충청남도 대전시 중구 부사동,,,,,name_not_found,0
4411365000,충청남도 대전시 중구 용두1동,,,,,name_not_found,0
4411366000,충청남도 대전시 중구 용두2동,,,,,name_not_found,0
4411367000,충청남도 대전시 중구 오류동,,,,,name_not_found,0
4411368000,충청남도 대전시 중구 태평1동,,,,,name_not_found,0
4411369000,충청남도 대전시 중구 태평2동,,,,,name_not_found,0
4411370000,충청남도 대전시 중구 유천1동,,,,,name_not_found,0
4411371000,충청남도 대전시 중구 유천2동,,,,,name_not_found,0
4411372000,충청남도 대전시 중구 문화1동,,,,,name_not_found,0
4411373000,충청남도 대전시 중구 문화2동,,,,,name_not_found,0
4411374000,충청남도 대전시 중구 산성동,,,,,name_not_found,0
4411500000,충청남도 대전시 서구,,,,,name_not_found,0
4411551000,충청남도 대전시 서구 복수동,,,,,name_not_found,0
4411552000,충청남도 대전시 서구 도마1동,,,,,name_not_found,0
4411553000,충청남도 대전시 서구 도마2동,,,,,name_not_found,0
4411554000,충청남도 대전시 서구 변동,,,,,name_not_found,0
4411555000,충청남도 대전시 서구 용문동,,,,,name_not_found,0
4411556000,충청남도 대전시 서구 괴정동,,,,,name_not_found,0
4411557000,충청남도 대전시 서구 가장동,,,,,name_not_found,0
4411558000,충청남도 대전시 서구 갈마동,,,,,name_not_found,0
4411559000,충청남도 대전시 서구 가수원동,,,,,name_not_found,0
4411560000,충청남도 대전시 서구 온천1동,,,,,name_not_found,0
4411561000,충청남도 대전시 서구 온천2동,,,,,name_not_found,0
4411562000,충청남도 대전시 서구 문지동,,,,,name_not_found,0
4411563000,충청남도 대전시 서구 신성동,,,,,name_not_found,0
4411564000,충청남도 대전시 서구 원내동,,,,,name_not_found,0
4413000000,충청남도 천안시,,,,,name_not_found,0
4413025000,충청남도 천안시 성환읍,,,,,name_not_found,0
4413025300,충청남도 천안시 성거읍,,,,,name_not_found,0
4413025600,충청남도 천안시 직산읍,,,,,name_not_found,0
4413025900,충청남도 천안시 목천읍,,,,,name_not_found,0
4413031000,충청남도 천안시 풍세면,,,,,name_not_found,0
4413032000,충청남도 천안시 광덕면,,,,,name_not_found,0
4413033000,충청남도 천안시 목천면,,,,,name_not_found,0
4413034000,충청남도 천안시 북면,,,,,name_not_found,0
4413035000,충청남도 천안시 성남면,,,,,name_not_found,0
4413036000,충청남도 천안시 수신면,,,,,name_not_found,0
4413037000,충청남도 천안시 병천면,,,,,name_not_found,0
4413038000,충청남도 천안시 동면,,,,,name_not_found,0
4413039000,충청남도 천안시 직산면,,,,,name_not_found,0
4413040000,충청남도 천안시 입장면,,,,,name_not_found,0
4413051000,충청남도 천안시 대룡동,,,,,name_not_found,0
4413051500,충청남도 천안시 중앙동,,,,,name_not_found,0
4413052000,충청남도 천안시 문성동,,,,,name_not_found,0
4413053000,충청남도 천안시 남산동,,,,,name_not_found,0
4413054000,충청남도 천안시 원성1동,,,,,name_not_found,0
4413055000,충청남도 천안시 원성2동,,,,,name_not_found,0
4413056000,충청남도 천안시 성촌동,,,,,name_not_found,0
4413056100,충청남도 천안시 성정1동,,,,,name_not_found,0
4413056200,충청남도 천안시 성정2동,,,,,name_not_found,0
4413057000,충청남도 천안시 쌍봉동,,,,,name_not_found,0
4413057500,충청남도 천안시 봉명동,,,,,name_not_found,0
4413057700,충청남도 천안시 쌍용동,,,,,name_not_found,0
4413057800,충청남도 천안시 쌍용1동,,,,,name_not_found,0
4413057900,충청남도 천안시 쌍용2동,,,,,name_not_found,0
4413058000,충청남도 천안시 신용동,,,,,name_not_found,0
4413058100,충청남도 천안시 쌍용3동,,,,,name_not_found,0
4413058200,충청남도 천안시 백석동,,,,,name_not_found,0
4413058500,충청남도 천안시 신용동,,,,,name_not_found,0
4413059000,충청남도 천안시 청룡동,,,,,name_not_found,0
4413060000,충청남도 천안시 신안동,,,,,name_not_found,0
4413061000,충청남도 천안시 부성동,,,,,name_not_found,0
4413062000,충청남도 천안시 일봉동,,,,,name_not_found,0
4413063000,충청남도 천안시 신방동,,,,,name_not_found,0
4413100000,충청남도 천안시 동남구,,,,,name_not_found,0
4413125000,충청남도 천안시 동남구 목천읍,3401111,충청남도 천안시 동남구 목천읍,974359.0,1865626.0,matched,1
4413131000,충청남도 천안시 동남구 풍세면,3401131,충청남도 천안시 동남구 풍세면,966283.0,1860018.0,matched,1
4413132000,충청남도 천안시 동남구 광덕면,3401132,충청남도 천안시 동남구 광덕면,963610.0,1853267.0,matched,1
4413133000,충청남도 천안시 동남구 북면,3401133,충청남도 천안시 동남구 북면,979657.0,1870783.0,matched,1
4413134000,충청남도 천안시 동남구 성남면,3401134,충청남도 천안시 동남구 성남면,976475.0,1859365.0,matched,1
4413135000,충청남도 천안시 동남구 수신면,3401135,충청남도 천안시 동남구 수신면,980879.0,1858593.0,matched,1
4413136000,충청남도 천안시 동남구 병천면,3401136,충청남도 천안시 동남구 병천면,983315.0,1866375.0,matched,1
4413137000,충청남도 천안시 동남구 동면,3401137,충청남도 천안시 동남구 동면,988147.0,1864782.0,matched,1
4413151000,충청남도 천안시 동남구 중앙동,3401151,충청남도 천안시 동남구 중앙동,968741.0,1867275.0,matched,1
4413152000,충청남도 천안시 동남구 문성동,3401152,충청남도 천안시 동남구 문성동,968984.0,1868338.0,matched,1
4413153000,충청남도 천안시 동남구 원성1동,3401153,충청남도 천안시 동남구 원성1동,971686.0,1868538.0,matched,1
4413154000,충청남도 천안시 동남구 원성2동,3401154,충청남도 천안시 동남구 원성2동,969557.0,1867207.0,matched,1
4413155000,충청남도 천안시 동남구 봉명동,3401155,충청남도 천안시 동남구 봉명동,967558.0,1867983.0,matched,1
4413156000,충청남도 천안시 동남구 일봉동,3401156,충청남도 천안시 동남구 일봉동,967988.0,1866146.0,matched,1
4413157000,충청남도 천안시 동남구 신방동,3401157,충청남도 천안시 동남구 신방동,966821.0,1864530.0,matched,1
4413158000,충청남도 천안시 동남구 청룡동,3401158,충청남도 천안시 동남구 청룡동,969767.0,1864671.0,matched,1
4413159000,충청남도 천안시 동남구 신안동,3401159,충청남도 천안시 동남구 신안동,971522.0,1870658.0,matched,1
4413300000,충청남도 천안시 서북구,,,,,name_not_found,0
4413325000,충청남도 천안시 서북구 성환읍,3401211,충청남도 천안시 서북구 성환읍,966892.0,1881588.0,matched,1
4413325300,충청남도 천안시 서북구 성거읍,3401212,충청남도 천안시 서북구 성거읍,972847.0,1875114.0,matched,1
4413325600,충청남도 천안시 서북구 직산읍,3401213,충청남도 천안시 서북구 직산읍,967733.0,1876390.0,matched,1
4413331000,충청남도 천안시 서북구 입장면,3401231,충청남도 천안시 서북구 입장면,975556.0,1879168.0,matched,1
4413351000,충청남도 천안시 서북구 성정1동,3401251,충청남도 천안시 서북구 성정1동,968058.0,1868423.0,matched,1
4413352000,충청남도 천안시 서북구 성정2동,3401252,충청남도 천안시 서북구 성정2동,967898.0,1869597.0,matched,1
4413353000,충청남도 천안시 서북구 쌍용1동,3401253,충청남도 천안시 서북구 쌍용1동,967009.0,1867115.0,matched,1
4413354000,충청남도 천안시 서북구 쌍용2동,3401254,충청남도 천안시 서북구 쌍용2동,965954.0,1866297.0,matched,1
4413355000,충청남도 천안시 서북구 쌍용3동,3401255,충청남도 천안시 서북구 쌍용3동,966320.0,1867815.0,matched,1
4413356000,충청남도 천안시 서북구 백석동,3401258,충청남도 천안시 서북구 백석동,965779.0,1869994.0,matched,1
4413356500,충청남도 천안시 서북구 불당동,,,,,name_not_found,0
4413357000,충청남도 천안시 서북구 부성동,,,,,name_not_found,0
4413358000,충청남도 천안시 서북구 부성1동,3401260,충청남도 천안시 서북구 부성1동,968731.0,1872426.0,matched,1
4413359000,충청남도 천안시 서북구 부성2동,3401261,충청남도 천안시 서북구 부성2동,966307.0,1871756.0,matched,1
4415000000,충청남도 공주시,,,,,name_not_found,0
4415025000,충청남도 공주시 유구읍,3402011,충청남도 공주시 유구읍,952441.0,1844428.0,matched,1
4415031000,충청남도 공주시 이인면,3402031,충청남도 공주시 이인면,961398.0,1819793.0,matched,1
4415032000,충청남도 공주시 탄천면,3402032,충청남도 공주시 탄천면,957767.0,1814405.0,matched,1
4415033000,충청남도 공주시 계룡면,3402033,충청남도 공주시 계룡면,969301.0,1819048.0,matched,1
4415034000,충청남도 공주시 반포면,3402034,충청남도 공주시 반포면,976563.0,1820762.0,matched,1
4415035000,충청남도 공주시 장기면,,,,,name_not_found,0
4415036000,충청남도 공주시 의당면,3402036,충청남도 공주시 의당면,969509.0,1838565.0,matched,1
4415037000,충청남도 공주시 정안면,3402037,충청남도 공주시 정안면,964054.0,1844685.0,matched,1
4415038000,충청남도 공주시 우성면,3402038,충청남도 공주시 우성면,960412.0,1830873.0,matched,1
4415039000,충청남도 공주시 사곡면,3402039,충청남도 공주시 사곡면,958260.0,1838008.0,matched,1
4415040000,충청남도 공주시 신풍면,3402040,충청남도 공주시 신풍면,950372.0,1834408.0,matched,1
4415041000,충청남도 공주시 유구면,,,,,name_not_found,0
4415051000,충청남도 공주시 중학동,3402051,충청남도 공주시 중학동,966149.0,1828160.0,matched,1
4415052000,충청남도 공주시 봉황동,,,,,name_not_found,0
4415053000,충청남도 공주시 산성동,,,,,name_not_found,0
4415054000,충청남도 공주시 웅진동,3402058,충청남도 공주시 웅진동,965247.0,1829106.0,matched,1
4415055000,충청남도 공주시 금학동,3402055,충청남도 공주시 금학동,964235.0,1825270.0,matched,1
4415056000,충청남도 공주시 옥룡동,3402056,충청남도 공주시 옥룡동,969557.0,1826640.0,matched,1
4415057000,충청남도 공주시 신관동,3402057,충청남도 공주시 신관동,966412.0,1831298.0,matched,1
4415058000,충청남도 공주시 금흥동,,,,,name_not_found,0
4415059000,충청남도 공주시 월송동,3402059,충청남도 공주시 월송동,970623.0,1830450.0,matched,1
4417000000,충청남도 대천시,,,,,name_not_found,0
4417051000,충청남도 대천시 원동,,,,,name_not_found,0
4417052000,충청남도 대천시 대관동,,,,,name_not_found,0
4417053000,충청남도 대천시 대신동,,,,,name_not_found,0
4417054000,충청남도 대천시 흥덕동,,,,,name_not_found,0
4417055000,충청남도 대천시 왕대동,,,,,name_not_found,0
4417056000,충청남도 대천시 현포동,,,,,name_not_found,0
4418000000,충청남도 보령시,,,,,name_not_found,0
4418025000,충청남도 보령시 웅천읍,3403011,충청남도 보령시 웅천읍,917061.0,1804348.0,matched,1
4418031000,충청남도 보령시 주포면,3403031,충청남도 보령시 주포면,917499.0,1824048.0,matched,1
4418032000,충청남도 보령시 오천면,3403033,충청남도 보령시 오천면,912838.0,1825516.0,matched,1
4418032500,충청남도 보령시 오천면어항출장소,,,,,name_not_found,0
4418032700,충청남도 보령시 오천면원산도출장소,,,,,name_not_found,0
4418032800,충청남도 보령시 원산도출장소,,,,,name_not_found,0
4418033000,충청남도 보령시 천북면,3403034,충청남도 보령시 천북면,913263.0,1832711.0,matched,1
4418034000,충청남도 보령시 청소면,3403035,충청남도 보령시 청소면,919920.0,1828531.0,matched,1
4418035000,충청남도 보령시 청라면,3403036,충청남도 보령시 청라면,924645.0,1823201.0,matched,1
4418036000,충청남도 보령시 남포면,3403037,충청남도 보령시 남포면,917260.0,1811405.0,matched,1
4418037000,충청남도 보령시 웅천면,,,,,name_not_found,0
4418038000,충청남도 보령시 주산면,3403038,충청남도 보령시 주산면,920942.0,1800997.0,matched,1
4418039000,충청남도 보령시 미산면,3403039,충청남도 보령시 미산면,926557.0,1805401.0,matched,1
4418040000,충청남도 보령시 성주면,3403040,충청남도 보령시 성주면,924674.0,1814993.0,matched,1
4418041000,충청남도 보령시 주교면,3403032,충청남도 보령시 주교면,915270.0,1820812.0,matched,1
4418051000,충청남도 보령시 원동,,,,,name_not_found,0
4418051500,충청남도 보령시 대천1동,3403051,충청남도 보령시 대천1동,919835.0,1818892.0,matched,1
4418052000,충청남도 보령시 대관동,,,,,name_not_found,0
4418052500,충청남도 보령시 대천2동,3403052,충청남도 보령시 대천2동,917093.0,1818002.0,matched,1
4418053000,충청남도 보령시 대신동,,,,,name_not_found,0
4418053500,충청남도 보령시 대천3동,3403053,충청남도 보령시 대천3동,921263.0,1818029.0,matched,1
4418054000,충청남도 보령시 흥덕동,,,,,name_not_found,0
4418054500,충청남도 보령시 대천4동,3403054,충청남도 보령시 대천4동,920426.0,1815665.0,matched,1
4418055000,충청남도 보령시 왕대동,,,,,name_not_found,0
4418056000,충청남도 보령시 현포동,,,,,name_not_found,0
4418056500,충청남도 보령시 대천5동,3403056,충청남도 보령시 대천5동,914864.0,1815206.0,matched,1
4419000000,충청남도 온양시,,,,,name_not_found,0
4419051000,충청남도 온양시 온천1동,,,,,name_not_found,0
4419052000,충청남도 온양시 온천2동,,,,,name_not_found,0
4419053000,충청남도 온양시 권곡동,,,,,name_not_found,0
4419054000,충청남도 온양시 신정동,,,,,name_not_found,0
4419055000,충청남도 온양시 용화동,,,,,name_not_found,0
4419056000,충청남도 온양시 온주동,,,,,name_not_found,0
4420000000,충청남도 아산시,,,,,name_not_found,0
4420025000,충청남도 아산시 염치읍,3404011,충청남도 아산시 염치읍,953824.0,1869413.0,matched,1
4420025300,충청남도 아산시 배방읍,3404012,충청남도 아산시 배방읍,961481.0,1861869.0,matched,1
4420031000,충청남도 아산시 송악면,3404031,충청남도 아산시 송악면,954822.0,1856281.0,matched,1
4420032000,충청남도 아산시 배방면,,,,,name_not_found,0
4420033000,충청남도 아산시 탕정면,3404033,충청남도 아산시 탕정면,961506.0,1867963.0,matched,1
4420035000,충청남도 아산시 음봉면,3404034,충청남도 아산시 음봉면,959694.0,1873411.0,matched,1
4420036000,충청남도 아산시 둔포면,3404035,충청남도 아산시 둔포면,958935.0,1879274.0,matched,1
4420037000,충청남도 아산시 영인면,3404036,충청남도 아산시 영인면,952112.0,1876446.0,matched,1
4420038000,충청남도 아산시 인주면,3404037,충청남도 아산시 인주면,945189.0,1873703.0,matched,1
4420039000,충청남도 아산시 선장면,3404038,충청남도 아산시 선장면,943715.0,1866300.0,matched,1
4420040000,충청남도 아산시 도고면,3404039,충청남도 아산시 도고면,946795.0,1860476.0,matched,1
4420041000,충청남도 아산시 신창면,3404040,충청남도 아산시 신창면,949481.0,1866005.0,matched,1
4420051000,충청남도 아산시 온천1동,,,,,name_not_found,0
4420051500,충청남도 아산시 온양온천1동,,,,,name_not_found,0
4420052000,충청남도 아산시 온천2동,,,,,name_not_found,0
4420052500,충청남도 아산시 온양온천2동,,,,,name_not_found,0
4420053000,충청남도 아산시 권곡동,,,,,name_not_found,0
4420054000,충청남도 아산시 신정동,,,,,name_not_found,0
4420055000,충청남도 아산시 용화동,,,,,name_not_found,0
4420056000,충청남도 아산시 온주동,,,,,name_not_found,0
4420057000,충청남도 아산시 온양1동,3404051,충청남도 아산시 온양1동,955443.0,1865760.0,matched,1
4420058000,충청남도 아산시 온양2동,3404052,충청남도 아산시 온양2동,955525.0,1864804.0,matched,1
4420059000,충청남도 아산시 온양3동,3404053,충청남도 아산시 온양3동,957333.0,1865597.0,matched,1
4420060000,충청남도 아산시 온양4동,3404054,충청남도 아산시 온양4동,953431.0,1865028.0,matched,1
4420061000,충청남도 아산시 온양5동,3404055,충청남도 아산시 온양5동,953902.0,1861910.0,matched,1
4420062000,충청남도 아산시 온양6동,3404056,충청남도 아산시 온양6동,956894.0,1862370.0,matched,1
4421000000,충청남도 서산시,,,,,name_not_found,0
4421025000,충청남도 서산시 대산읍,3405011,충청남도 서산시 대산읍,904891.0,1886551.0,matched,1
4421031000,충청남도 서산시 인지면,3405031,충청남도 서산시 인지면,903362.0,1861720.0,matched,1
4421032000,충청남도 서산시 부석면,3405032,충청남도 서산시 부석면,901363.0,1854170.0,matched,1
4421033000,충청남도 서산시 팔봉면,3405033,충청남도 서산시 팔봉면,899452.0,1868735.0,matched,1
4421034000,충청남도 서산시 지곡면,3405034,충청남도 서산시 지곡면,904644.0,1875846.0,matched,1
4421036000,충청남도 서산시 성연면,3405035,충청남도 서산시 성연면,907306.0,1871154.0,matched,1
4421037000,충청남도 서산시 음암면,3405036,충청남도 서산시 음암면,912231.0,1866923.0,matched,1
4421038000,충청남도 서산시 운산면,3405037,충청남도 서산시 운산면,919053.0,1864825.0,matched,1
4421039000,충청남도 서산시 해미면,3405038,충청남도 서산시 해미면,914261.0,1857738.0,matched,1
4421040000,충청남도 서산시 고북면,3405039,충청남도 서산시 고북면,911685.0,1852505.0,matched,1
4421051000,충청남도 서산시 부춘동,3405051,충청남도 서산시 부춘동,904960.0,1866612.0,matched,1
4421052000,충청남도 서산시 동문동,,,,,name_not_found,0
4421052500,충청남도 서산시 동문1동,3405052,충청남도 서산시 동문1동,908202.0,1866464.0,matched,1
4421053000,충청남도 서산시 활성동,,,,,name_not_found,0
4421053500,충청남도 서산시 동문2동,3405053,충청남도 서산시 동문2동,907300.0,1865265.0,matched,1
4421054000,충청남도 서산시 수석동,3405054,충청남도 서산시 수석동,909273.0,1863892.0,matched,1
4421055000,충청남도 서산시 석남동,3405055,충청남도 서산시 석남동,907401.0,1861086.0,matched,1
4421056000,충청남도 서산시 오산동,,,,,name_not_found,0
4423000000,충청남도 논산시,,,,,name_not_found,0
4423025000,충청남도 논산시 강경읍,3406011,충청남도 논산시 강경읍,956667.0,1795177.0,matched,1
4423025300,충청남도 논산시 연무읍,3406012,충청남도 논산시 연무읍,964282.0,1790411.0,matched,1
4423031000,충청남도 논산시 성동면,3406031,충청남도 논산시 성동면,957541.0,1800372.0,matched,1
4423032000,충청남도 논산시 광석면,3406032,충청남도 논산시 광석면,962560.0,1805045.0,matched,1
4423033000,충청남도 논산시 노성면,3406033,충청남도 논산시 노성면,964644.0,1810171.0,matched,1
4423034000,충청남도 논산시 상월면,3406034,충청남도 논산시 상월면,969841.0,1810576.0,matched,1
4423035000,충청남도 논산시 부적면,3406035,충청남도 논산시 부적면,968034.0,1801053.0,matched,1
4423036000,충청남도 논산시 연산면,3406036,충청남도 논산시 연산면,972956.0,1803656.0,matched,1
4423037000,충청남도 논산시 두마면,,,,,name_not_found,0
4423037500,충청남도 논산시 두마면남선출장소,,,,,name_not_found,0
4423038000,충청남도 논산시 벌곡면,3406037,충청남도 논산시 벌곡면,980852.0,1799076.0,matched,1
4423039000,충청남도 논산시 양촌면,3406038,충청남도 논산시 양촌면,976052.0,1793539.0,matched,1
4423040000,충청남도 논산시 가야곡면,3406039,충청남도 논산시 가야곡면,970208.0,1793766.0,matched,1
4423041000,충청남도 논산시 은진면,3406040,충청남도 논산시 은진면,965080.0,1796369.0,matched,1
4423042000,충청남도 논산시 채운면,3406041,충청남도 논산시 채운면,959934.0,1796069.0,matched,1
4423051000,충청남도 논산시 취암동,3406051,충청남도 논산시 취암동,964371.0,1799985.0,matched,1
4423052000,충청남도 논산시 부창동,3406052,충청남도 논산시 부창동,961994.0,1799466.0,matched,1
4425000000,충청남도 계룡시,,,,,name_not_found,0
4425031000,충청남도 계룡시 두마면,3407031,충청남도 계룡시 두마면,978440.0,1806208.0,matched,1
4425031500,충청남도 계룡시 엄사면,3407033,충청남도 계룡시 엄사면,974975.0,1808886.0,matched,1
4425032000,충청남도 계룡시 남선면,,,,,name_not_found,0
4425033000,충청남도 계룡시 신도안면,3407034,충청남도 계룡시 신도안면,975714.0,1813774.0,matched,1
4425051000,충청남도 계룡시 금암동,3407051,충청남도 계룡시 금암동,977721.0,1808366.0,matched,1
4427000000,충청남도 당진시,,,,,name_not_found,0
4427025000,충청남도 당진시 합덕읍,3408011,충청남도 당진시 합덕읍,935263.0,1866354.0,matched,1
4427025300,충청남도 당진시 송악읍,3408012,충청남도 당진시 송악읍,932252.0,1881208.0,matched,1
4427031000,충청남도 당진시 고대면,3408031,충청남도 당진시 고대면,917827.0,1883096.0,matched,1
4427032000,충청남도 당진시 석문면,3408032,충청남도 당진시 석문면,913739.0,1891420.0,matched,1
4427033000,충청남도 당진시 대호지면,3408033,충청남도 당진시 대호지면,912231.0,1879989.0,matched,1
4427034000,충청남도 당진시 정미면,3408034,충청남도 당진시 정미면,916705.0,1873854.0,matched,1
4427035000,충청남도 당진시 면천면,3408035,충청남도 당진시 면천면,925101.0,1868858.0,matched,1
4427036000,충청남도 당진시 순성면,3408036,충청남도 당진시 순성면,929408.0,1872148.0,matched,1
4427037000,충청남도 당진시 우강면,3408037,충청남도 당진시 우강면,938292.0,1870375.0,matched,1
4427038000,충청남도 당진시 신평면,3408038,충청남도 당진시 신평면,938283.0,1881284.0,matched,1
4427039000,충청남도 당진시 송산면,3408039,충청남도 당진시 송산면,927028.0,1884483.0,matched,1
4427051000,충청남도 당진시 당진1동,3408051,충청남도 당진시 당진1동,923846.0,1877497.0,matched,1
4427052000,충청남도 당진시 당진2동,3408052,충청남도 당진시 당진2동,921980.0,1874038.0,matched,1
4427053000,충청남도 당진시 당진3동,3408053,충청남도 당진시 당진3동,924010.0,1879785.0,matched,1
4471000000,충청남도 금산군,,,,,name_not_found,0
4471025000,충청남도 금산군 금산읍,3431011,충청남도 금산군 금산읍,997476.0,1788773.0,matched,1
4471031000,충청남도 금산군 금성면,3431031,충청남도 금산군 금성면,996949.0,1793260.0,matched,1
4471032000,충청남도 금산군 제원면,3431032,충청남도 금산군 제원면,1005889.0,1792464.0,matched,1
4471033000,충청남도 금산군 부리면,3431033,충청남도 금산군 부리면,1007111.0,1784721.0,matched,1
4471034000,충청남도 금산군 군북면,3431034,충청남도 금산군 군북면,1003821.0,1798280.0,matched,1
4471034500,충청남도 금산군 군북면내부출장소,,,,,name_not_found,0
4471035000,충청남도 금산군 남일면,3431035,충청남도 금산군 남일면,1000745.0,1781312.0,matched,1
4471036000,충청남도 금산군 남이면,3431036,충청남도 금산군 남이면,993742.0,1783631.0,matched,1
4471037000,충청남도 금산군 진산면,3431037,충청남도 금산군 진산면,988772.0,1793761.0,matched,1
4471038000,충청남도 금산군 복수면,3431038,충청남도 금산군 복수면,990763.0,1800401.0,matched,1
4471039000,충청남도 금산군 추부면,3431039,충청남도 금산군 추부면,999247.0,1800827.0,matched,1
4472000000,충청남도 대덕군,,,,,name_not_found,0
4472001000,충청남도 대덕군 유성읍,,,,,name_not_found,0
4472003000,충청남도 대덕군 회덕면,,,,,name_not_found,0
4472003500,충청남도 대덕군 북면,,,,,name_not_found,0
4472004000,충청남도 대덕군 유성면,,,,,name_not_found,0
4472004500,충청남도 대덕군 유천면,,,,,name_not_found,0
4472011000,충청남도 대덕군 신탄진읍,,,,,name_not_found,0
4472031000,충청남도 대덕군 산내면,,,,,name_not_found,0
4472032000,충청남도 대덕군 동면,,,,,name_not_found,0
4472032500,충청남도 대덕군 동면세천출장소,,,,,name_not_found,0
4472033000,충청남도 대덕군 구즉면,,,,,name_not_found,0
4472034000,충청남도 대덕군 탄동면,,,,,name_not_found,0
4472035000,충청남도 대덕군 진잠면,,,,,name_not_found,0
4472036000,충청남도 대덕군 기성면,,,,,name_not_found,0
4473000000,충청남도 연기군,,,,,name_not_found,0
4473011000,충청남도 연기군 조치원읍,,,,,name_not_found,0
4473025000,충청남도 연기군 조치원읍,,,,,name_not_found,0
4473031000,충청남도 연기군 동면,,,,,name_not_found,0
4473032000,충청남도 연기군 서면,,,,,name_not_found,0
4473032500,충청남도 연기군 서면봉암출장소,,,,,name_not_found,0
4473033000,충청남도 연기군 남면,,,,,name_not_found,0
4473033500,충청남도 연기군 남면첫마을출장소,,,,,name_not_found,0
4473034000,충청남도 연기군 금남면,,,,,name_not_found,0
4473035000,충청남도 연기군 전의면,,,,,name_not_found,0
4473035500,충청남도 연기군 전의면소정출장소,,,,,name_not_found,0
4473036000,충청남도 연기군 전동면,,,,,name_not_found,0
4473037000,충청남도 연기군 소정면,,,,,name_not_found,0
4474000000,충청남도 공주군,,,,,name_not_found,0
4474001000,충청남도 공주군 공주읍,,,,,name_not_found,0
4474031000,충청남도 공주군 이인면,,,,,name_not_found,0
4474032000,충청남도 공주군 탄천면,,,,,name_not_found,0
4474033000,충청남도 공주군 계룡면,,,,,name_not_found,0
4474034000,충청남도 공주군 반포면,,,,,name_not_found,0
4474035000,충청남도 공주군 장기면,,,,,name_not_found,0
4474036000,충청남도 공주군 의당면,,,,,name_not_found,0
4474037000,충청남도 공주군 정안면,,,,,name_not_found,0
4474038000,충청남도 공주군 우성면,,,,,name_not_found,0
4474039000,충청남도 공주군 사곡면,,,,,name_not_found,0
4474040000,충청남도 공주군 신풍면,,,,,name_not_found,0
4474041000,충청남도 공주군 유구면,,,,,name_not_found,0
4475000000,충청남도 논산군,,,,,name_not_found,0
4475003000,충청남도 논산군 구자곡면,,,,,name_not_found,0
4475011000,충청남도 논산군 논산읍,,,,,name_not_found,0
4475012000,충청남도 논산군 강경읍,,,,,name_not_found,0
4475013000,충청남도 논산군 연무읍,,,,,name_not_found,0
4475031000,충청남도 논산군 성동면,,,,,name_not_found,0
4475032000,충청남도 논산군 광석면,,,,,name_not_found,0
4475033000,충청남도 논산군 노성면,,,,,name_not_found,0
4475034000,충청남도 논산군 상월면,,,,,name_not_found,0
4475035000,충청남도 논산군 부적면,,,,,name_not_found,0
4475036000,충청남도 논산군 연산면,,,,,name_not_found,0
4475037000,충청남도 논산군 두마면,,,,,name_not_found,0
4475037500,충청남도 논산군 두마면남선출장소,,,,,name_not_found,0
4475038000,충청남도 논산군 벌곡면,,,,,name_not_found,0
4475039000,충청남도 논산군 양촌면,,,,,name_not_found,0
4475040000,충청남도 논산군 가야곡면,,,,,name_not_found,0
4475041000,충청남도 논산군 은진면,,,,,name_not_found,0
4475042000,충청남도 논산군 채운면,,,,,name_not_found,0
4476000000,충청남도 부여군,,,,,name_not_found,0
4476003000,충청남도 부여군 부여면,,,,,name_not_found,0
4476025000,충청남도 부여군 부여읍,3433011,충청남도 부여군 부여읍,950403.0,1810025.0,matched,1
4476031000,충청남도 부여군 규암면,3433031,충청남도 부여군 규암면,943946.0,1809968.0,matched,1
4476032000,충청남도 부여군 은산면,3433032,충청남도 부여군 은산면,938715.0,1814742.0,matched,1
4476033000,충청남도 부여군 외산면,3433033,충청남도 부여군 외산면,930096.0,1814124.0,matched,1
4476034000,충청남도 부여군 내산면,3433034,충청남도 부여군 내산면,933793.0,1809423.0,matched,1
4476035000,충청남도 부여군 구룡면,3433035,충청남도 부여군 구룡면,938649.0,1806399.0,matched,1
4476036000,충청남도 부여군 홍산면,3433036,충청남도 부여군 홍산면,933618.0,1803873.0,matched,1
4476037000,충청남도 부여군 옥산면,3433037,충청남도 부여군 옥산면,930759.0,1800499.0,matched,1
4476038000,충청남도 부여군 남면,3433038,충청남도 부여군 남면,937701.0,1801961.0,matched,1
4476039000,충청남도 부여군 충화면,3433039,충청남도 부여군 충화면,939403.0,1797566.0,matched,1
4476040000,충청남도 부여군 양화면,3433040,충청남도 부여군 양화면,941987.0,1791393.0,matched,1
4476041000,충청남도 부여군 임천면,3433041,충청남도 부여군 임천면,945193.0,1797518.0,matched,1
4476042000,충청남도 부여군 장암면,3433042,충청남도 부여군 장암면,945569.0,1804818.0,matched,1
4476043000,충청남도 부여군 세도면,3433043,충청남도 부여군 세도면,951232.0,1798329.0,matched,1
4476044000,충청남도 부여군 석성면,3433044,충청남도 부여군 석성면,954632.0,1804516.0,matched,1
4476045000,충청남도 부여군 초촌면,3433045,충청남도 부여군 초촌면,957253.0,1808235.0,matched,1
4477000000,충청남도 서천군,,,,,name_not_found,0
4477003000,충청남도 서천군 서천면,,,,,name_not_found,0
4477011000,충청남도 서천군 장항읍,3434011,충청남도 서천군 장항읍,926608.0,1781209.0,matched,1
4477025000,충청남도 서천군 장항읍,3434011,충청남도 서천군 장항읍,926608.0,1781209.0,matched,1
4477025300,충청남도 서천군 서천읍,3434012,충청남도 서천군 서천읍,928115.0,1787902.0,matched,1
4477031000,충청남도 서천군 마서면,3434031,충청남도 서천군 마서면,927200.0,1784469.0,matched,1
4477032000,충청남도 서천군 화양면,3434032,충청남도 서천군 화양면,935717.0,1784068.0,matched,1
4477033000,충청남도 서천군 기산면,3434033,충청남도 서천군 기산면,933340.0,1787139.0,matched,1
4477034000,충청남도 서천군 한산면,3434034,충청남도 서천군 한산면,939327.0,1788023.0,matched,1
4477035000,충청남도 서천군 마산면,3434035,충청남도 서천군 마산면,936148.0,1793549.0,matched,1
4477036000,충청남도 서천군 시초면,3434036,충청남도 서천군 시초면,932813.0,1791444.0,matched,1
4477037000,충청남도 서천군 문산면,3434037,충청남도 서천군 문산면,931495.0,1795177.0,matched,1
4477038000,충청남도 서천군 판교면,3434038,충청남도 서천군 판교면,926253.0,1795568.0,matched,1
4477039000,충청남도 서천군 종천면,3434039,충청남도 서천군 종천면,924459.0,1790738.0,matched,1
4477040000,충청남도 서천군 비인면,3434040,충청남도 서천군 비인면,920209.0,1794222.0,matched,1
4477041000,충청남도 서천군 서면,3434041,충청남도 서천군 서면,915178.0,1796637.0,matched,1
4478000000,충청남도 보령군,,,,,name_not_found,0
4478001000,충청남도 보령군 대천읍,,,,,name_not_found,0
4478003000,충청남도 보령군 대천면,,,,,name_not_found,0
4478031000,충청남도 보령군 주포면,,,,,name_not_found,0
4478031500,충청남도 보령군 주포면주교출장소,,,,,name_not_found,0
4478032000,충청남도 보령군 오천면,,,,,name_not_found,0
4478032500,충청남도 보령군 오천면어항출장소,,,,,name_not_found,0
4478032700,충청남도 보령군 오천면원산도출장소,,,,,name_not_found,0
4478033000,충청남도 보령군 천북면,,,,,name_not_found,0
4478034000,충청남도 보령군 청소면,,,,,name_not_found,0
4478035000,충청남도 보령군 청라면,,,,,name_not_found,0
4478036000,충청남도 보령군 남포면,,,,,name_not_found,0
4478037000,충청남도 보령군 웅천면,,,,,name_not_found,0
4478038000,충청남도 보령군 주산면,,,,,name_not_found,0
4478039000,충청남도 보령군 미산면,,,,,name_not_found,0
4478040000,충청남도 보령군 성주면,,,,,name_not_found,0
4478041000,충청남도 보령군 주교면,,,,,name_not_found,0
4479000000,충청남도 청양군,,,,,name_not_found,0
4479003000,충청남도 청양군 적곡면,,,,,name_not_found,0
4479003500,충청남도 청양군 사양면,,,,,name_not_found,0
4479004000,충청남도 청양군 청양면,,,,,name_not_found,0
4479025000,충청남도 청양군 청양읍,3435011,충청남도 청양군 청양읍,936394.0,1828148.0,matched,1
4479031000,충청남도 청양군 운곡면,3435031,충청남도 청양군 운곡면,942163.0,1836833.0,matched,1
4479032000,충청남도 청양군 대치면,3435032,충청남도 청양군 대치면,942621.0,1827928.0,matched,1
4479033000,충청남도 청양군 정산면,3435033,충청남도 청양군 정산면,949536.0,1825254.0,matched,1
4479034000,충청남도 청양군 목면,3435034,충청남도 청양군 목면,954643.0,1824127.0,matched,1
4479035000,충청남도 청양군 청남면,3435035,충청남도 청양군 청남면,950499.0,1817002.0,matched,1
4479036000,충청남도 청양군 장평면,3435036,충청남도 청양군 장평면,944747.0,1818844.0,matched,1
4479037000,충청남도 청양군 남양면,3435037,충청남도 청양군 남양면,934675.0,1821794.0,matched,1
4479038000,충청남도 청양군 화성면,3435038,충청남도 청양군 화성면,929705.0,1827555.0,matched,1
4479039000,충청남도 청양군 비봉면,3435039,충청남도 청양군 비봉면,935684.0,1833702.0,matched,1
4480000000,충청남도 홍성군,,,,,name_not_found,0
4480003000,충청남도 홍성군 홍성면,,,,,name_not_found,0
4480025000,충청남도 홍성군 홍성읍,3436011,충청남도 홍성군 홍성읍,925095.0,1844230.0,matched,1
4480025300,충청남도 홍성군 광천읍,3436012,충청남도 홍성군 광천읍,922860.0,1834906.0,matched,1
4480025600,충청남도 홍성군 홍북읍,3436013,충청남도 홍성군 홍북읍,927178.0,1849576.0,matched,1
4480031000,충청남도 홍성군 홍북면,,,,,name_not_found,0
4480032000,충청남도 홍성군 금마면,3436032,충청남도 홍성군 금마면,931171.0,1845853.0,matched,1
4480033000,충청남도 홍성군 홍동면,3436033,충청남도 홍성군 홍동면,928819.0,1840178.0,matched,1
4480034000,충청남도 홍성군 장곡면,3436034,충청남도 홍성군 장곡면,929098.0,1834145.0,matched,1
4480035000,충청남도 홍성군 은하면,3436035,충청남도 홍성군 은하면,918350.0,1837390.0,matched,1
4480036000,충청남도 홍성군 결성면,3436036,충청남도 홍성군 결성면,914791.0,1839571.0,matched,1
4480037000,충청남도 홍성군 서부면,3436037,충청남도 홍성군 서부면,910024.0,1842265.0,matched,1
4480038000,충청남도 홍성군 갈산면,3436038,충청남도 홍성군 갈산면,914860.0,1847166.0,matched,1
4480039000,충청남도 홍성군 구항면,3436039,충청남도 홍성군 구항면,921158.0,1842069.0,matched,1
4481000000,충청남도 예산군,,,,,name_not_found,0
4481003000,충청남도 예산군 삽교면,,,,,name_not_found,0
4481025000,충청남도 예산군 예산읍,3437011,충청남도 예산군 예산읍,942385.0,1856389.0,matched,1
4481025300,충청남도 예산군 삽교읍,3437012,충청남도 예산군 삽교읍,929853.0,1855088.0,matched,1
4481031000,충청남도 예산군 대술면,3437031,충청남도 예산군 대술면,947979.0,1852242.0,matched,1
4481032000,충청남도 예산군 신양면,3437032,충청남도 예산군 신양면,944519.0,1845150.0,matched,1
4481033000,충청남도 예산군 광시면,3437033,충청남도 예산군 광시면,936782.0,1840897.0,matched,1
4481034000,충청남도 예산군 대흥면,3437034,충청남도 예산군 대흥면,939313.0,1848556.0,matched,1
4481035000,충청남도 예산군 응봉면,3437035,충청남도 예산군 응봉면,935174.0,1850006.0,matched,1
4481036000,충청남도 예산군 덕산면,3437036,충청남도 예산군 덕산면,921982.0,1853665.0,matched,1
4481037000,충청남도 예산군 봉산면,3437037,충청남도 예산군 봉산면,925693.0,1861025.0,matched,1
4481038000,충청남도 예산군 고덕면,3437038,충청남도 예산군 고덕면,930725.0,1862261.0,matched,1
4481039000,충청남도 예산군 신암면,3437039,충청남도 예산군 신암면,938035.0,1860951.0,matched,1
4481040000,충청남도 예산군 오가면,3437040,충청남도 예산군 오가면,936651.0,1855201.0,matched,1
4482000000,충청남도 서산군,,,,,name_not_found,0
4482003000,충청남도 서산군 태안면,,,,,name_not_found,0
4482003500,충청남도 서산군 안면면,,,,,name_not_found,0
4482004000,충청남도 서산군 이북면,,,,,name_not_found,0
4482011000,충청남도 서산군 서산읍,,,,,name_not_found,0
4482012000,충청남도 서산군 태안읍,,,,,name_not_found,0
4482013000,충청남도 서산군 안면읍,,,,,name_not_found,0
4482014000,충청남도 서산군 대산읍,,,,,name_not_found,0
4482031000,충청남도 서산군 인지면,,,,,name_not_found,0
4482032000,충청남도 서산군 부석면,,,,,name_not_found,0
4482033000,충청남도 서산군 팔봉면,,,,,name_not_found,0
4482034000,충청남도 서산군 지곡면,,,,,name_not_found,0
4482035000,충청남도 서산군 대산면,,,,,name_not_found,0
4482036000,충청남도 서산군 성연면,,,,,name_not_found,0
4482037000,충청남도 서산군 음암면,,,,,name_not_found,0
4482038000,충청남도 서산군 운산면,,,,,name_not_found,0
4482039000,충청남도 서산군 해미면,,,,,name_not_found,0
4482040000,충청남도 서산군 고북면,,,,,name_not_found,0
4482041000,충청남도 서산군 고남면,,,,,name_not_found,0
4482042000,충청남도 서산군 남면,,,,,name_not_found,0
4482043000,충청남도 서산군 근흥면,,,,,name_not_found,0
4482044000,충청남도 서산군 소원면,,,,,name_not_found,0
4482045000,충청남도 서산군 원북면,,,,,name_not_found,0
4482046000,충청남도 서산군 이원면,,,,,name_not_found,0
4482500000,충청남도 태안군,,,,,name_not_found,0
4482525000,충청남도 태안군 태안읍,3438011,충청남도 태안군 태안읍,894002.0,1862385.0,matched,1
4482525300,충청남도 태안군 안면읍,3438012,충청남도 태안군 안면읍,897698.0,1836533.0,matched,1
4482531000,충청남도 태안군 고남면,3438031,충청남도 태안군 고남면,901272.0,1827308.0,matched,1
4482532000,충청남도 태안군 남면,3438032,충청남도 태안군 남면,895034.0,1851083.0,matched,1
4482533000,충청남도 태안군 근흥면,3438033,충청남도 태안군 근흥면,885052.0,1856939.0,matched,1
4482534000,충청남도 태안군 소원면,3438034,충청남도 태안군 소원면,882407.0,1866646.0,matched,1
4482535000,충청남도 태안군 원북면,3438035,충청남도 태안군 원북면,886791.0,1872641.0,matched,1
4482536000,충청남도 태안군 이원면,3438036,충청남도 태안군 이원면,893246.0,1878347.0,matched,1
4483000000,충청남도 당진군,,,,,name_not_found,0
4483003000,충청남도 당진군 당진면,,,,,name_not_found,0
4483003500,충청남도 당진군 합덕면,,,,,name_not_found,0
4483025000,충청남도 당진군 당진읍,,,,,name_not_found,0
4483025300,충청남도 당진군 합덕읍,,,,,name_not_found,0
4483025600,충청남도 당진군 송악읍,,,,,name_not_found,0
4483031000,충청남도 당진군 고대면,,,,,name_not_found,0
4483032000,충청남도 당진군 석문면,,,,,name_not_found,0
4483033000,충청남도 당진군 대호지면,,,,,name_not_found,0
4483034000,충청남도 당진군 정미면,,,,,name_not_found,0
4483035000,충청남도 당진군 면천면,,,,,name_not_found,0
4483036000,충청남도 당진군 순성면,,,,,name_not_found,0
4483037000,충청남도 당진군 우강면,,,,,name_not_found,0
4483038000,충청남도 당진군 신평면,,,,,name_not_found,0
4483039000,충청남도 당진군 송악면,,,,,name_not_found,0
4483040000,충청남도 당진군 송산면,,,,,name_not_found,0
4484000000,충청남도 아산군,,,,,name_not_found,0
4484001000,충청남도 아산군 온양읍,,,,,name_not_found,0
4484011000,충청남도 아산군 염치읍,,,,,name_not_found,0
4484031000,충청남도 아산군 송악면,,,,,name_not_found,0
4484032000,충청남도 아산군 배방면,,,,,name_not_found,0
4484033000,충청남도 아산군 탕정면,,,,,name_not_found,0
4484034000,충청남도 아산군 염치면,,,,,name_not_found,0
4484035000,충청남도 아산군 음봉면,,,,,name_not_found,0
4484036000,충청남도 아산군 둔포면,,,,,name_not_found,0
4484037000,충청남도 아산군 영인면,,,,,name_not_found,0
4484038000,충청남도 아산군 인주면,,,,,name_not_found,0
4484039000,충청남도 아산군 선장면,,,,,name_not_found,0
4484040000,충청남도 아산군 도고면,,,,,name_not_found,0
4484041000,충청남도 아산군 신창면,,,,,name_not_found,0
4485000000,충청남도 천원군,,,,,name_not_found,0
4485003000,충청남도 천원군 성거면,,,,,name_not_found,0
4485003500,충청남도 천원군 성환면,,,,,name_not_found,0
4485011000,충청남도 천원군 성환읍,,,,,name_not_found,0
4485012000,충청남도 천원군 성거읍,,,,,name_not_found,0
4485031000,충청남도 천원군 풍세면,,,,,name_not_found,0
4485032000,충청남도 천원군 광덕면,,,,,name_not_found,0
4485033000,충청남도 천원군 목천면,,,,,name_not_found,0
4485034000,충청남도 천원군 북면,,,,,name_not_found,0
4485035000,충청남도 천원군 성남면,,,,,name_not_found,0
4485036000,충청남도 천원군 수신면,,,,,name_not_found,0
4485037000,충청남도 천원군 병천면,,,,,name_not_found,0
4485038000,충청남도 천원군 동면,,,,,name_not_found,0
4485039000,충청남도 천원군 직산면,,,,,name_not_found,0
4485040000,충청남도 천원군 입장면,,,,,name_not_found,0
4485049100,충청남도 천원군 입장면,,,,,name_not_found,0
4486000000,충청남도 천안군,,,,,name_not_found,0
4486011000,충청남도 천안군 성환읍,,,,,name_not_found,0
4486012000,충청남도 천안군 성거읍,,,,,name_not_found,0
4486031000,충청남도 천안군 풍세면,,,,,name_not_found,0
4486032000,충청남도 천안군 광덕면,,,,,name_not_found,0
4486033000,충청남도 천안군 목천면,,,,,name_not_found,0
4486034000,충청남도 천안군 북면,,,,,name_not_found,0
4486035000,충청남도 천안군 성남면,,,,,name_not_found,0
4486036000,충청남도 천안군 수신면,,,,,name_not_found,0
4486037000,충청남도 천안군 병천면,,,,,name_not_found,0
4486038000,충청남도 천안군 동면,,,,,name_not_found,0
4486039000,충청남도 천안군 직산면,,,,,name_not_found,0
4486040000,충청남도 천안군 입장면,,,,,name_not_found,0
4500000000,전라북도,,,,,name_not_found,0
4505000000,전라북도 금산군,,,,,name_not_found,0
4505001000,전라북도 금산군 금산읍,,,,,name_not_found,0
4505003000,전라북도 금산군 금성면,,,,,name_not_found,0
4505003500,전라북도 금산군 제원면,,,,,name_not_found,0
4505004000,전라북도 금산군 부리면,,,,,name_not_found,0
4505004500,전라북도 금산군 군북면,,,,,name_not_found,0
4505005000,전라북도 금산군 남일면,,,,,name_not_found,0
4505005500,전라북도 금산군 남이면,,,,,name_not_found,0
4505006000,전라북도 금산군 진산면,,,,,name_not_found,0
4505006500,전라북도 금산군 복수면,,,,,name_not_found,0
4505007000,전라북도 금산군 추부면,,,,,name_not_found,0
4511000000,전라북도 전주시,,,,,name_not_found,0
4511051000,전라북도 전주시 중앙동,,,,,name_not_found,0
4511052000,전라북도 전주시 경원동,,,,,name_not_found,0
4511053000,전라북도 전주시 풍남동,,,,,name_not_found,0
4511054000,전라북도 전주시 전동,,,,,name_not_found,0
4511055000,전라북도 전주시 다가동,,,,,name_not_found,0
4511056000,전라북도 전주시 고사동,,,,,name_not_found,0
4511057000,전라북도 전주시 교동,,,,,name_not_found,0
4511058000,전라북도 전주시 태평1가동,,,,,name_not_found,0
4511059000,전라북도 전주시 태평2가동,,,,,name_not_found,0
4511060000,전라북도 전주시 중노송1가동,,,,,name_not_found,0
4511061000,전라북도 전주시 중노송2가동,,,,,name_not_found,0
4511062000,전라북도 전주시 남노송동,,,,,name_not_found,0
4511063000,전라북도 전주시 서노송동,,,,,name_not_found,0
4511064000,전라북도 전주시 진북1동,,,,,name_not_found,0
4511065000,전라북도 전주시 진북2동,,,,,name_not_found,0
4511066000,전라북도 전주시 동완산동,,,,,name_not_found,0
4511067000,전라북도 전주시 서완산동,,,,,name_not_found,0
4511068000,전라북도 전주시 동서학동,,,,,name_not_found,0
4511069000,전라북도 전주시 서서학동,,,,,name_not_found,0
4511070000,전라북도 전주시 중화산동,,,,,name_not_found,0
4511071000,전라북도 전주시 인후1가동,,,,,name_not_found,0
4511072000,전라북도 전주시 인후2가동,,,,,name_not_found,0
4511073000,전라북도 전주시 인후3가동,,,,,name_not_found,0
4511074000,전라북도 전주시 덕진동,,,,,name_not_found,0
4511075000,전라북도 전주시 금암1동,,,,,name_not_found,0
4511076000,전라북도 전주시 금암2동,,,,,name_not_found,0
4511077000,전라북도 전주시 서신동,,,,,name_not_found,0
4511078000,전라북도 전주시 팔복동,,,,,name_not_found,0
4511079000,전라북도 전주시 우아동,,,,,name_not_found,0
4511080000,전라북도 전주시 호성동,,,,,name_not_found,0
4511081000,전라북도 전주시 전미동,,,,,name_not_found,0
4511082000,전라북도 전주시 평화동,,,,,name_not_found,0
4511083000,전라북도 전주시 삼천동,,,,,name_not_found,0
4511084000,전라북도 전주시 효자동,,,,,name_not_found,0
4511085000,전라북도 전주시 송천동,,,,,name_not_found,0
4511086000,전라북도 전주시 남고동,,,,,name_not_found,0
4511087000,전라북도 전주시 조촌동,,,,,name_not_found,0
4511088000,전라북도 전주시 동산동,,,,,name_not_found,0
4511100000,전라북도 전주시 완산구,,,,,name_not_found,0
4511151000,전라북도 전주시 완산구 중앙동,3501174,전라북도 전주시 완산구 중앙동,967584.0,1758295.0,matched,1
4511152000,전라북도 전주시 완산구 경원동,,,,,name_not_found,0
4511153000,전라북도 전주시 완산구 풍남동,3501175,전라북도 전주시 완산구 풍남동,969010.0,1757598.0,matched,1
4511154000,전라북도 전주시 완산구 전동,,,,,name_not_found,0
4511155000,전라북도 전주시 완산구 다가동,,,,,name_not_found,0
4511156000,전라북도 전주시 완산구 고사동,,,,,name_not_found,0
4511157000,전라북도 전주시 완산구 교동,,,,,name_not_found,0
4511158000,전라북도 전주시 완산구 태평1동,,,,,name_not_found,0
4511158500,전라북도 전주시 완산구 태평동,,,,,name_not_found,0
4511159000,전라북도 전주시 완산구 태평2동,,,,,name_not_found,0
4511160000,전라북도 전주시 완산구 중노송1동,,,,,name_not_found,0
4511160500,전라북도 전주시 완산구 노송동,3501176,전라북도 전주시 완산구 노송동,968865.0,1758565.0,matched,1
4511161000,전라북도 전주시 완산구 중노송2동,,,,,name_not_found,0
4511162000,전라북도 전주시 완산구 남노송동,,,,,name_not_found,0
4511163000,전라북도 전주시 완산구 동완산동,,,,,name_not_found,0
4511163500,전라북도 전주시 완산구 완산동,3501177,전라북도 전주시 완산구 완산동,967517.0,1757086.0,matched,1
4511164000,전라북도 전주시 완산구 서완산동,,,,,name_not_found,0
4511165000,전라북도 전주시 완산구 동서학동,3501160,전라북도 전주시 완산구 동서학동,971362.0,1755449.0,matched,1
4511166000,전라북도 전주시 완산구 서서학동,3501161,전라북도 전주시 완산구 서서학동,968620.0,1755270.0,matched,1
4511167000,전라북도 전주시 완산구 중화산동,,,,,name_not_found,0
4511167100,전라북도 전주시 완산구 중화산1동,3501162,전라북도 전주시 완산구 중화산1동,966614.0,1757559.0,matched,1
4511167200,전라북도 전주시 완산구 중화산2동,3501163,전라북도 전주시 완산구 중화산2동,965707.0,1758186.0,matched,1
4511168000,전라북도 전주시 완산구 서신동,3501166,전라북도 전주시 완산구 서신동,965321.0,1759604.0,matched,1
4511169000,전라북도 전주시 완산구 평화동,,,,,name_not_found,0
4511169100,전라북도 전주시 완산구 평화1동,3501164,전라북도 전주시 완산구 평화1동,967608.0,1755490.0,matched,1
4511169200,전라북도 전주시 완산구 평화2동,3501165,전라북도 전주시 완산구 평화2동,966276.0,1753008.0,matched,1
4511170000,전라북도 전주시 완산구 삼천동,,,,,name_not_found,0
4511170100,전라북도 전주시 완산구 삼천1동,3501167,전라북도 전주시 완산구 삼천1동,966197.0,1756148.0,matched,1
4511170200,전라북도 전주시 완산구 삼천2동,3501168,전라북도 전주시 완산구 삼천2동,965935.0,1755576.0,matched,1
4511170300,전라북도 전주시 완산구 삼천3동,3501169,전라북도 전주시 완산구 삼천3동,962470.0,1752877.0,matched,1
4511171000,전라북도 전주시 완산구 효자동,,,,,name_not_found,0
4511171100,전라북도 전주시 완산구 효자1동,3501170,전라북도 전주시 완산구 효자1동,966809.0,1756655.0,matched,1
4511171200,전라북도 전주시 완산구 효자2동,3501171,전라북도 전주시 완산구 효자2동,965608.0,1756913.0,matched,1
4511171300,전라북도 전주시 완산구 효자3동,3501172,전라북도 전주시 완산구 효자3동,965083.0,1756659.0,matched,1
4511171400,전라북도 전주시 완산구 효자4동,3501178,전라북도 전주시 완산구 효자4동,962863.0,1757176.0,matched,1
4511172000,전라북도 전주시 완산구 남고동,,,,,name_not_found,0
4511173000,전라북도 전주시 완산구 효자5동,3501179,전라북도 전주시 완산구 효자5동,963627.0,1758921.0,matched,1
4511300000,전라북도 전주시 덕진구,,,,,name_not_found,0
4511351000,전라북도 전주시 덕진구 서노송동,,,,,name_not_found,0
4511352000,전라북도 전주시 덕진구 진북1동,,,,,name_not_found,0
4511352500,전라북도 전주시 덕진구 진북동,3501269,전라북도 전주시 덕진구 진북동,966947.0,1759209.0,matched,1
4511353000,전라북도 전주시 덕진구 진북2동,,,,,name_not_found,0
4511354000,전라북도 전주시 덕진구 인후1동,3501254,전라북도 전주시 덕진구 인후1동,968780.0,1760221.0,matched,1
4511355000,전라북도 전주시 덕진구 인후2동,3501255,전라북도 전주시 덕진구 인후2동,968190.0,1760533.0,matched,1
4511356000,전라북도 전주시 덕진구 인후3동,3501256,전라북도 전주시 덕진구 인후3동,969593.0,1759266.0,matched,1
4511357000,전라북도 전주시 덕진구 덕진동,3501257,전라북도 전주시 덕진구 덕진동,966219.0,1761273.0,matched,1
4511358000,전라북도 전주시 덕진구 금암1동,3501258,전라북도 전주시 덕진구 금암1동,966867.0,1760312.0,matched,1
4511359000,전라북도 전주시 덕진구 금암2동,3501259,전라북도 전주시 덕진구 금암2동,967617.0,1760776.0,matched,1
4511360000,전라북도 전주시 덕진구 팔복동,3501260,전라북도 전주시 덕진구 팔복동,963681.0,1762089.0,matched,1
4511361000,전라북도 전주시 덕진구 우아동,,,,,name_not_found,0
4511361100,전라북도 전주시 덕진구 우아1동,3501261,전라북도 전주시 덕진구 우아1동,969299.0,1761578.0,matched,1
4511361200,전라북도 전주시 덕진구 우아2동,3501262,전라북도 전주시 덕진구 우아2동,972268.0,1759202.0,matched,1
4511362000,전라북도 전주시 덕진구 호성동,3501263,전라북도 전주시 덕진구 호성동,968130.0,1764456.0,matched,1
4511363000,전라북도 전주시 덕진구 전미동,,,,,name_not_found,0
4511364000,전라북도 전주시 덕진구 송천동,,,,,name_not_found,0
4511364100,전라북도 전주시 덕진구 송천1동,3501265,전라북도 전주시 덕진구 송천1동,966719.0,1763285.0,matched,1
4511364200,전라북도 전주시 덕진구 송천2동,3501266,전라북도 전주시 덕진구 송천2동,965132.0,1765175.0,matched,1
4511365000,전라북도 전주시 덕진구 조촌동,3501267,전라북도 전주시 덕진구 조촌동,958376.0,1764845.0,matched,1
4511366000,전라북도 전주시 덕진구 동산동,,,,,name_not_found,0
4511366500,전라북도 전주시 덕진구 여의동,3501271,전라북도 전주시 덕진구 여의동,961608.0,1762772.0,matched,1
4511367000,전라북도 전주시 덕진구 혁신동,3501270,전라북도 전주시 덕진구 혁신동,960536.0,1759866.0,matched,1
4511800000,전라북도 전주시효자출장소,,,,,name_not_found,0
4513000000,전라북도 군산시,,,,,name_not_found,0
4513025000,전라북도 군산시 옥구읍,3502011,전라북도 군산시 옥구읍,926997.0,1767975.0,matched,1
4513031000,전라북도 군산시 옥산면,3502031,전라북도 군산시 옥산면,931766.0,1771242.0,matched,1
4513032000,전라북도 군산시 회현면,3502032,전라북도 군산시 회현면,933224.0,1767521.0,matched,1
4513033000,전라북도 군산시 임피면,3502033,전라북도 군산시 임피면,942271.0,1775243.0,matched,1
4513034000,전라북도 군산시 서수면,3502034,전라북도 군산시 서수면,944046.0,1778373.0,matched,1
4513035000,전라북도 군산시 대야면,3502035,전라북도 군산시 대야면,939657.0,1771284.0,matched,1
4513036000,전라북도 군산시 개정면,3502036,전라북도 군산시 개정면,935627.0,1773996.0,matched,1
4513037000,전라북도 군산시 성산면,3502037,전라북도 군산시 성산면,936076.0,1778410.0,matched,1
4513038000,전라북도 군산시 나포면,3502038,전라북도 군산시 나포면,939924.0,1781501.0,matched,1
4513039000,전라북도 군산시 옥도면,3502039,전라북도 군산시 옥도면,907105.0,1758629.0,matched,1
4513040000,전라북도 군산시 옥서면,3502040,전라북도 군산시 옥서면,921658.0,1768696.0,matched,1
4513051000,전라북도 군산시 해망동,,,,,name_not_found,0
4513051500,전라북도 군산시 해신동,3502051,전라북도 군산시 해신동,926057.0,1777353.0,matched,1
4513052000,전라북도 군산시 신흥동,,,,,name_not_found,0
4513053000,전라북도 군산시 월명동,3502053,전라북도 군산시 월명동,928862.0,1776824.0,matched,1
4513054000,전라북도 군산시 오룡동,,,,,name_not_found,0
4513055000,전라북도 군산시 신풍동,3502055,전라북도 군산시 신풍동,928093.0,1775865.0,matched,1
4513056000,전라북도 군산시 삼학동,3502056,전라북도 군산시 삼학동,928772.0,1776011.0,matched,1
4513057000,전라북도 군산시 선양동,,,,,name_not_found,0
4513058000,전라북도 군산시 명산동,,,,,name_not_found,0
4513059000,전라북도 군산시 중앙로1가동,,,,,name_not_found,0
4513060000,전라북도 군산시 중앙로2가동,,,,,name_not_found,0
4513060500,전라북도 군산시 중앙동,3502060,전라북도 군산시 중앙동,929830.0,1776769.0,matched,1
4513061000,전라북도 군산시 중앙로3가동,,,,,name_not_found,0
4513061500,전라북도 군산시 중미동,,,,,name_not_found,0
4513062000,전라북도 군산시 미원동,,,,,name_not_found,0
4513063000,전라북도 군산시 중동,,,,,name_not_found,0
4513064000,전라북도 군산시 흥남동,3502064,전라북도 군산시 흥남동,929581.0,1775786.0,matched,1
4513065000,전라북도 군산시 조촌동,3502065,전라북도 군산시 조촌동,931432.0,1775354.0,matched,1
4513066000,전라북도 군산시 경암동,3502066,전라북도 군산시 경암동,930692.0,1776218.0,matched,1
4513067000,전라북도 군산시 구암동,3502067,전라북도 군산시 구암동,932966.0,1777534.0,matched,1
4513068000,전라북도 군산시 개정동,3502068,전라북도 군산시 개정동,932945.0,1774512.0,matched,1
4513069000,전라북도 군산시 수송동,3502069,전라북도 군산시 수송동,929425.0,1773982.0,matched,1
4513070000,전라북도 군산시 나운동,,,,,name_not_found,0
4513070100,전라북도 군산시 나운1동,3502070,전라북도 군산시 나운1동,927499.0,1775000.0,matched,1
4513070200,전라북도 군산시 나운2동,3502071,전라북도 군산시 나운2동,928312.0,1774620.0,matched,1
4513070300,전라북도 군산시 나운3동,3502074,전라북도 군산시 나운3동,926523.0,1772561.0,matched,1
4513071000,전라북도 군산시 소룡동,3502072,전라북도 군산시 소룡동,915157.0,1773480.0,matched,1
4513072000,전라북도 군산시 미성동,3502073,전라북도 군산시 미성동,922759.0,1773214.0,matched,1
4514000000,전라북도 익산시,,,,,name_not_found,0
4514025000,전라북도 익산시 함열읍,3503011,전라북도 익산시 함열읍,951762.0,1785083.0,matched,1
4514031000,전라북도 익산시 오산면,3503031,전라북도 익산시 오산면,945855.0,1771365.0,matched,1
4514032000,전라북도 익산시 황등면,3503032,전라북도 익산시 황등면,949380.0,1780195.0,matched,1
4514033000,전라북도 익산시 함라면,3503033,전라북도 익산시 함라면,946417.0,1782749.0,matched,1
4514034000,전라북도 익산시 웅포면,3503034,전라북도 익산시 웅포면,945216.0,1788622.0,matched,1
4514035000,전라북도 익산시 성당면,3503035,전라북도 익산시 성당면,948655.0,1788949.0,matched,1
4514036000,전라북도 익산시 용안면,3503036,전라북도 익산시 용안면,950994.0,1791826.0,matched,1
4514037000,전라북도 익산시 낭산면,3503037,전라북도 익산시 낭산면,956842.0,1784950.0,matched,1
4514038000,전라북도 익산시 망성면,3503038,전라북도 익산시 망성면,957359.0,1791370.0,matched,1
4514039000,전라북도 익산시 여산면,3503039,전라북도 익산시 여산면,963179.0,1783900.0,matched,1
4514040000,전라북도 익산시 금마면,3503040,전라북도 익산시 금마면,958703.0,1779034.0,matched,1
4514041000,전라북도 익산시 왕궁면,3503041,전라북도 익산시 왕궁면,962490.0,1775246.0,matched,1
4514042000,전라북도 익산시 춘포면,3503042,전라북도 익산시 춘포면,957008.0,1770123.0,matched,1
4514043000,전라북도 익산시 삼기면,3503043,전라북도 익산시 삼기면,954367.0,1780511.0,matched,1
4514044000,전라북도 익산시 용동면,3503044,전라북도 익산시 용동면,954602.0,1790059.0,matched,1
4514051000,전라북도 익산시 창인동,,,,,name_not_found,0
4514052000,전라북도 익산시 중앙동,3503051,전라북도 익산시 중앙동,950332.0,1771687.0,matched,1
4514053000,전라북도 익산시 평화동,3503053,전라북도 익산시 평화동,948664.0,1769915.0,matched,1
4514054000,전라북도 익산시 갈산동,,,,,name_not_found,0
4514055000,전라북도 익산시 주현동,,,,,name_not_found,0
4514056000,전라북도 익산시 인화동,3503055,전라북도 익산시 인화동,950462.0,1770147.0,matched,1
4514057000,전라북도 익산시 동산동,3503057,전라북도 익산시 동산동,952486.0,1769058.0,matched,1
4514058000,전라북도 익산시 마동,3503058,전라북도 익산시 마동,951717.0,1771627.0,matched,1
4514059000,전라북도 익산시 남중1가동,,,,,name_not_found,0
4514059500,전라북도 익산시 남중동,3503059,전라북도 익산시 남중동,951007.0,1772668.0,matched,1
4514060000,전라북도 익산시 남중2가동,,,,,name_not_found,0
4514061000,전라북도 익산시 모현동,3503061,전라북도 익산시 모현동,949681.0,1773118.0,matched,1
4514062000,전라북도 익산시 송학동,3503062,전라북도 익산시 송학동,948920.0,1771672.0,matched,1
4514063000,전라북도 익산시 목천동,,,,,name_not_found,0
4514064000,전라북도 익산시 계문동,,,,,name_not_found,0
4514064500,전라북도 익산시 영등동,,,,,name_not_found,0
4514064600,전라북도 익산시 영등1동,3503066,전라북도 익산시 영등1동,952333.0,1772942.0,matched,1
4514064700,전라북도 익산시 영등2동,3503071,전라북도 익산시 영등2동,952498.0,1774325.0,matched,1
4514065000,전라북도 익산시 북일동,,,,,name_not_found,0
4514065100,전라북도 익산시 어양동,3503072,전라북도 익산시 어양동,953307.0,1773561.0,matched,1
4514065200,전라북도 익산시 어양동,3503072,전라북도 익산시 어양동,953307.0,1773561.0,matched,1
4514065600,전라북도 익산시 신동,3503065,전라북도 익산시 신동,949742.0,1775299.0,matched,1
4514066000,전라북도 익산시 신흥동,,,,,name_not_found,0
4514067000,전라북도 익산시 팔봉동,3503069,전라북도 익산시 팔봉동,956032.0,1773830.0,matched,1
4514069000,전라북도 익산시 삼성동,3503070,전라북도 익산시 삼성동,953632.0,1775902.0,matched,1
4514500000,전라북도 익산시함열출장소,,,,,name_not_found,0
4515000000,전라북도 이리시,,,,,name_not_found,0
4515051000,전라북도 이리시 창인동,,,,,name_not_found,0
4515052000,전라북도 이리시 중앙동,,,,,name_not_found,0
4515053000,전라북도 이리시 평화동,,,,,name_not_found,0
4515054000,전라북도 이리시 갈산동,,,,,name_not_found,0
4515055000,전라북도 이리시 주현동,,,,,name_not_found,0
4515056000,전라북도 이리시 인화동,,,,,name_not_found,0
4515057000,전라북도 이리시 동산동,,,,,name_not_found,0
4515058000,전라북도 이리시 마동,,,,,name_not_found,0
4515059000,전라북도 이리시 남중1가동,,,,,name_not_found,0
4515060000,전라북도 이리시 남중2가동,,,,,name_not_found,0
4515061000,전라북도 이리시 모현동,,,,,name_not_found,0
4515062000,전라북도 이리시 송학동,,,,,name_not_found,0
4515063000,전라북도 이리시 목천동,,,,,name_not_found,0
4515064000,전라북도 이리시 계문동,,,,,name_not_found,0
4515065000,전라북도 이리시 북일동,,,,,name_not_found,0
4515065600,전라북도 이리시 신동,,,,,name_not_found,0
4515066000,전라북도 이리시 신흥동,,,,,name_not_found,0
4515067000,전라북도 이리시 팔봉동,,,,,name_not_found,0
4515069000,전라북도 이리시 삼성동,,,,,name_not_found,0
4517000000,전라북도 정주시,,,,,name_not_found,0
4517051000,전라북도 정주시 수성동,,,,,name_not_found,0
4517052000,전라북도 정주시 장명동,,,,,name_not_found,0
4517053000,전라북도 정주시 상동,,,,,name_not_found,0
4517054000,전라북도 정주시 시기1동,,,,,name_not_found,0
4517055000,전라북도 정주시 시기2동,,,,,name_not_found,0
4517056000,전라북도 정주시 시기3동,,,,,name_not_found,0
4517057000,전라북도 정주시 연지동,,,,,name_not_found,0
4517058000,전라북도 정주시 농소동,,,,,name_not_found,0
4517059000,전라북도 정주시 상평동,,,,,name_not_found,0
4517060000,전라북도 정주시 과교동,,,,,name_not_found,0
4517061000,전라북도 정주시 내장동,,,,,name_not_found,0
4517062000,전라북도 정주시 정일동,,,,,name_not_found,0
4518000000,전라북도 정읍시,,,,,name_not_found,0
4518025000,전라북도 정읍시 신태인읍,3504011,전라북도 정읍시 신태인읍,943162.0,1745200.0,matched,1
4518031000,전라북도 정읍시 북면,3504031,전라북도 정읍시 북면,946204.0,1733522.0,matched,1
4518032000,전라북도 정읍시 입암면,3504032,전라북도 정읍시 입암면,936393.0,1723269.0,matched,1
4518033000,전라북도 정읍시 소성면,3504033,전라북도 정읍시 소성면,934823.0,1729550.0,matched,1
4518034000,전라북도 정읍시 고부면,3504034,전라북도 정읍시 고부면,932796.0,1734677.0,matched,1
4518035000,전라북도 정읍시 영원면,3504035,전라북도 정읍시 영원면,933769.0,1739694.0,matched,1
4518036000,전라북도 정읍시 덕천면,3504036,전라북도 정읍시 덕천면,939111.0,1737304.0,matched,1
4518037000,전라북도 정읍시 이평면,3504037,전라북도 정읍시 이평면,939291.0,1741378.0,matched,1
4518038000,전라북도 정읍시 정우면,3504038,전라북도 정읍시 정우면,944417.0,1739133.0,matched,1
4518039000,전라북도 정읍시 태인면,3504039,전라북도 정읍시 태인면,949011.0,1740230.0,matched,1
4518040000,전라북도 정읍시 감곡면,3504040,전라북도 정읍시 감곡면,948314.0,1746828.0,matched,1
4518041000,전라북도 정읍시 옹동면,3504041,전라북도 정읍시 옹동면,953516.0,1739349.0,matched,1
4518042000,전라북도 정읍시 칠보면,3504042,전라북도 정읍시 칠보면,951505.0,1731620.0,matched,1
4518043000,전라북도 정읍시 산내면,3504043,전라북도 정읍시 산내면,959174.0,1728454.0,matched,1
4518044000,전라북도 정읍시 산외면,3504044,전라북도 정읍시 산외면,959657.0,1736739.0,matched,1
4518051000,전라북도 정읍시 수성동,3504051,전라북도 정읍시 수성동,942151.0,1732461.0,matched,1
4518052000,전라북도 정읍시 장명동,3504052,전라북도 정읍시 장명동,944026.0,1730706.0,matched,1
4518053000,전라북도 정읍시 상동,,,,,name_not_found,0
4518053500,전라북도 정읍시 내장상동,3504053,전라북도 정읍시 내장상동,945816.0,1725065.0,matched,1
4518054000,전라북도 정읍시 시기1동,,,,,name_not_found,0
4518054500,전라북도 정읍시 시기동,3504054,전라북도 정읍시 시기동,941492.0,1730019.0,matched,1
4518055000,전라북도 정읍시 시기2동,,,,,name_not_found,0
4518056000,전라북도 정읍시 시기3동,,,,,name_not_found,0
4518056500,전라북도 정읍시 초산동,3504060,전라북도 정읍시 초산동,941441.0,1729031.0,matched,1
4518057000,전라북도 정읍시 연지동,3504057,전라북도 정읍시 연지동,940508.0,1730925.0,matched,1
4518058000,전라북도 정읍시 농소동,3504058,전라북도 정읍시 농소동,939386.0,1733662.0,matched,1
4518059000,전라북도 정읍시 상평동,,,,,name_not_found,0
4518059500,전라북도 정읍시 상교동,3504059,전라북도 정읍시 상교동,940680.0,1724997.0,matched,1
4518060000,전라북도 정읍시 과교동,,,,,name_not_found,0
4518061000,전라북도 정읍시 내장동,,,,,name_not_found,0
4518062000,전라북도 정읍시 정일동,,,,,name_not_found,0
4519000000,전라북도 남원시,,,,,name_not_found,0
4519025000,전라북도 남원시 운봉읍,3505011,전라북도 남원시 운봉읍,1003214.0,1714974.0,matched,1
4519031000,전라북도 남원시 주천면,3505031,전라북도 남원시 주천면,995845.0,1709448.0,matched,1
4519032000,전라북도 남원시 수지면,3505032,전라북도 남원시 수지면,988651.0,1704243.0,matched,1
4519033000,전라북도 남원시 송동면,3505033,전라북도 남원시 송동면,985805.0,1706854.0,matched,1
4519034000,전라북도 남원시 주생면,3505034,전라북도 남원시 주생면,982186.0,1709927.0,matched,1
4519035000,전라북도 남원시 금지면,3505035,전라북도 남원시 금지면,980092.0,1704959.0,matched,1
4519036000,전라북도 남원시 대강면,3505036,전라북도 남원시 대강면,975528.0,1707545.0,matched,1
4519037000,전라북도 남원시 대산면,3505037,전라북도 남원시 대산면,983232.0,1714420.0,matched,1
4519038000,전라북도 남원시 사매면,3505038,전라북도 남원시 사매면,986564.0,1720280.0,matched,1
4519039000,전라북도 남원시 덕과면,3505039,전라북도 남원시 덕과면,988203.0,1725472.0,matched,1
4519040000,전라북도 남원시 보절면,3505040,전라북도 남원시 보절면,992426.0,1724433.0,matched,1
4519041000,전라북도 남원시 산동면,3505041,전라북도 남원시 산동면,997538.0,1722308.0,matched,1
4519042000,전라북도 남원시 이백면,3505042,전라북도 남원시 이백면,996326.0,1715038.0,matched,1
4519043000,전라북도 남원시 운봉면,,,,,name_not_found,0
4519044000,전라북도 남원시 동면,,,,,name_not_found,0
4519045000,전라북도 남원시 아영면,3505044,전라북도 남원시 아영면,1008486.0,1723886.0,matched,1
4519046000,전라북도 남원시 산내면,3505045,전라북도 남원시 산내면,1008421.0,1709266.0,matched,1
4519047000,전라북도 남원시 인월면,3505043,전라북도 남원시 인월면,1010239.0,1718809.0,matched,1
4519051000,전라북도 남원시 동충동,3505051,전라북도 남원시 동충동,989336.0,1712906.0,matched,1
4519052000,전라북도 남원시 죽항동,3505052,전라북도 남원시 죽항동,989502.0,1712398.0,matched,1
4519053000,전라북도 남원시 쌍교동,,,,,name_not_found,0
4519054000,전라북도 남원시 노암동,3505054,전라북도 남원시 노암동,989959.0,1711010.0,matched,1
4519055000,전라북도 남원시 금동,3505055,전라북도 남원시 금동,988043.0,1711524.0,matched,1
4519056000,전라북도 남원시 왕정동,3505056,전라북도 남원시 왕정동,987010.0,1712983.0,matched,1
4519057000,전라북도 남원시 향교동,3505057,전라북도 남원시 향교동,988640.0,1716032.0,matched,1
4519058000,전라북도 남원시 용정동,,,,,name_not_found,0
4519059000,전라북도 남원시 도통동,3505059,전라북도 남원시 도통동,991838.0,1716322.0,matched,1
4521000000,전라북도 김제시,,,,,name_not_found,0
4521025000,전라북도 김제시 만경읍,3506011,전라북도 김제시 만경읍,938917.0,1763779.0,matched,1
4521032000,전라북도 김제시 죽산면,3506031,전라북도 김제시 죽산면,937456.0,1753323.0,matched,1
4521033000,전라북도 김제시 백산면,3506032,전라북도 김제시 백산면,944684.0,1761199.0,matched,1
4521034000,전라북도 김제시 용지면,3506033,전라북도 김제시 용지면,952227.0,1761038.0,matched,1
4521035000,전라북도 김제시 백구면,3506034,전라북도 김제시 백구면,951570.0,1765819.0,matched,1
4521036000,전라북도 김제시 부량면,3506035,전라북도 김제시 부량면,940729.0,1749368.0,matched,1
4521037000,전라북도 김제시 만경면,,,,,name_not_found,0
4521038000,전라북도 김제시 공덕면,3506036,전라북도 김제시 공덕면,946259.0,1765657.0,matched,1
4521039000,전라북도 김제시 청하면,3506037,전라북도 김제시 청하면,941402.0,1765847.0,matched,1
4521040000,전라북도 김제시 성덕면,3506038,전라북도 김제시 성덕면,937737.0,1758201.0,matched,1
4521041000,전라북도 김제시 진봉면,3506039,전라북도 김제시 진봉면,932537.0,1762434.0,matched,1
4521042000,전라북도 김제시 금구면,3506040,전라북도 김제시 금구면,956438.0,1753936.0,matched,1
4521043000,전라북도 김제시 봉남면,3506041,전라북도 김제시 봉남면,950896.0,1749740.0,matched,1
4521044000,전라북도 김제시 황산면,3506042,전라북도 김제시 황산면,951240.0,1754848.0,matched,1
4521045000,전라북도 김제시 금산면,3506043,전라북도 김제시 금산면,957450.0,1746627.0,matched,1
4521046000,전라북도 김제시 광활면,3506044,전라북도 김제시 광활면,930922.0,1758926.0,matched,1
4521051000,전라북도 김제시 요촌동,3506051,전라북도 김제시 요촌동,944916.0,1758140.0,matched,1
4521052000,전라북도 김제시 신풍동,3506052,전라북도 김제시 신풍동,947317.0,1753240.0,matched,1
4521053000,전라북도 김제시 봉황동,,,,,name_not_found,0
4521054000,전라북도 김제시 검산동,3506054,전라북도 김제시 검산동,947918.0,1757550.0,matched,1
4521055000,전라북도 김제시 서흥동,,,,,name_not_found,0
4521056000,전라북도 김제시 교동,,,,,name_not_found,0
4521056500,전라북도 김제시 교동월촌동,,,,,name_not_found,0
4521057000,전라북도 김제시 월촌동,,,,,name_not_found,0
4521058000,전라북도 김제시 교월동,3506058,전라북도 김제시 교월동,942511.0,1754517.0,matched,1
4571000000,전라북도 완주군,,,,,name_not_found,0
4571001000,전라북도 완주군 조촌읍,,,,,name_not_found,0
4571003000,전라북도 완주군 봉동면,,,,,name_not_found,0
4571003500,전라북도 완주군 조촌면,,,,,name_not_found,0
4571025000,전라북도 완주군 삼례읍,3531011,전라북도 완주군 삼례읍,962576.0,1768553.0,matched,1
4571025300,전라북도 완주군 봉동읍,3531012,전라북도 완주군 봉동읍,967325.0,1772652.0,matched,1
4571025600,전라북도 완주군 용진읍,3531013,전라북도 완주군 용진읍,971205.0,1766760.0,matched,1
4571031000,전라북도 완주군 용진면,,,,,name_not_found,0
4571032000,전라북도 완주군 상관면,3531032,전라북도 완주군 상관면,975579.0,1751625.0,matched,1
4571033000,전라북도 완주군 이서면,3531033,전라북도 완주군 이서면,957721.0,1758917.0,matched,1
4571034000,전라북도 완주군 소양면,3531034,전라북도 완주군 소양면,977940.0,1762384.0,matched,1
4571035000,전라북도 완주군 구이면,3531035,전라북도 완주군 구이면,965587.0,1745658.0,matched,1
4571036000,전라북도 완주군 고산면,3531036,전라북도 완주군 고산면,975881.0,1774998.0,matched,1
4571037000,전라북도 완주군 비봉면,3531037,전라북도 완주군 비봉면,969153.0,1779448.0,matched,1
4571038000,전라북도 완주군 운주면,3531038,전라북도 완주군 운주면,983341.0,1786169.0,matched,1
4571038500,전라북도 완주군 운주면경천출장소,,,,,name_not_found,0
4571039000,전라북도 완주군 화산면,3531039,전라북도 완주군 화산면,972878.0,1783789.0,matched,1
4571040000,전라북도 완주군 동상면,3531040,전라북도 완주군 동상면,982237.0,1771410.0,matched,1
4571041000,전라북도 완주군 경천면,3531041,전라북도 완주군 경천면,979919.0,1782540.0,matched,1
4572000000,전라북도 진안군,,,,,name_not_found,0
4572003000,전라북도 진안군 진안면,,,,,name_not_found,0
4572025000,전라북도 진안군 진안읍,3532011,전라북도 진안군 진안읍,994925.0,1753373.0,matched,1
4572031000,전라북도 진안군 용담면,3532031,전라북도 진안군 용담면,999096.0,1772694.0,matched,1
4572032000,전라북도 진안군 안천면,3532032,전라북도 진안군 안천면,1004243.0,1767272.0,matched,1
4572033000,전라북도 진안군 동향면,3532033,전라북도 진안군 동향면,1006650.0,1760013.0,matched,1
4572034000,전라북도 진안군 상전면,3532034,전라북도 진안군 상전면,999740.0,1761244.0,matched,1
4572035000,전라북도 진안군 백운면,3532035,전라북도 진안군 백운면,993492.0,1742769.0,matched,1
4572036000,전라북도 진안군 성수면,3532036,전라북도 진안군 성수면,983620.0,1747223.0,matched,1
4572037000,전라북도 진안군 마령면,3532037,전라북도 진안군 마령면,987461.0,1750009.0,matched,1
4572038000,전라북도 진안군 부귀면,3532038,전라북도 진안군 부귀면,987342.0,1760248.0,matched,1
4572039000,전라북도 진안군 정천면,3532039,전라북도 진안군 정천면,994419.0,1765992.0,matched,1
4572040000,전라북도 진안군 주천면,3532040,전라북도 진안군 주천면,991009.0,1774515.0,matched,1
4573000000,전라북도 무주군,,,,,name_not_found,0
4573003000,전라북도 무주군 무주면,,,,,name_not_found,0
4573025000,전라북도 무주군 무주읍,3533011,전라북도 무주군 무주읍,1014055.0,1779419.0,matched,1
4573031000,전라북도 무주군 무풍면,3533031,전라북도 무주군 무풍면,1031335.0,1770674.0,matched,1
4573032000,전라북도 무주군 설천면,3533032,전라북도 무주군 설천면,1025530.0,1773105.0,matched,1
4573032500,전라북도 무주군 설천면구천출장소,,,,,name_not_found,0
4573033000,전라북도 무주군 적상면,3533033,전라북도 무주군 적상면,1015594.0,1770920.0,matched,1
4573033500,전라북도 무주군 적상면상곡출장소,,,,,name_not_found,0
4573034000,전라북도 무주군 안성면,3533034,전라북도 무주군 안성면,1016164.0,1761193.0,matched,1
4573035000,전라북도 무주군 부남면,3533035,전라북도 무주군 부남면,1006294.0,1774685.0,matched,1
4573035500,전라북도 무주군 부남면가정출장소,,,,,name_not_found,0
4574000000,전라북도 장수군,,,,,name_not_found,0
4574003000,전라북도 장수군 장수면,,,,,name_not_found,0
4574011500,전라북도 장수군 장수읍대성출장소,,,,,name_not_found,0
4574025000,전라북도 장수군 장수읍,3534011,전라북도 장수군 장수읍,1001045.0,1736397.0,matched,1
4574031000,전라북도 장수군 산서면,3534031,전라북도 장수군 산서면,991798.0,1731809.0,matched,1
4574032000,전라북도 장수군 번암면,3534032,전라북도 장수군 번암면,1004063.0,1728832.0,matched,1
4574033000,전라북도 장수군 계내면,,,,,name_not_found,0
4574033500,전라북도 장수군 장계면,3534033,전라북도 장수군 장계면,1010684.0,1747778.0,matched,1
4574034000,전라북도 장수군 천천면,3534034,전라북도 장수군 천천면,1001942.0,1748539.0,matched,1
4574035000,전라북도 장수군 계남면,3534035,전라북도 장수군 계남면,1007230.0,1743426.0,matched,1
4574036000,전라북도 장수군 계북면,3534036,전라북도 장수군 계북면,1011826.0,1754828.0,matched,1
4575000000,전라북도 임실군,,,,,name_not_found,0
4575003000,전라북도 임실군 임실면,,,,,name_not_found,0
4575025000,전라북도 임실군 임실읍,3535011,전라북도 임실군 임실읍,978874.0,1732976.0,matched,1
4575031000,전라북도 임실군 청웅면,3535031,전라북도 임실군 청웅면,974529.0,1729966.0,matched,1
4575032000,전라북도 임실군 운암면,3535032,전라북도 임실군 운암면,968445.0,1735199.0,matched,1
4575032500,전라북도 임실군 운암면하운암출장소,,,,,name_not_found,0
4575033000,전라북도 임실군 신평면,3535033,전라북도 임실군 신평면,975766.0,1739071.0,matched,1
4575034000,전라북도 임실군 성수면,3535034,전라북도 임실군 성수면,987334.0,1736785.0,matched,1
4575035000,전라북도 임실군 둔남면,,,,,name_not_found,0
4575035500,전라북도 임실군 오수면,3535035,전라북도 임실군 오수면,983572.0,1727276.0,matched,1
4575036000,전라북도 임실군 신덕면,3535036,전라북도 임실군 신덕면,971053.0,1743922.0,matched,1
4575037000,전라북도 임실군 삼계면,3535037,전라북도 임실군 삼계면,978821.0,1723583.0,matched,1
4575038000,전라북도 임실군 관촌면,3535038,전라북도 임실군 관촌면,980301.0,1744370.0,matched,1
4575039000,전라북도 임실군 강진면,3535039,전라북도 임실군 강진면,967690.0,1727908.0,matched,1
4575040000,전라북도 임실군 덕치면,3535040,전라북도 임실군 덕치면,970137.0,1722673.0,matched,1
4575041000,전라북도 임실군 지사면,3535041,전라북도 임실군 지사면,986747.0,1731448.0,matched,1
4576000000,전라북도 남원군,,,,,name_not_found,0
4576001000,전라북도 남원군 남원읍,,,,,name_not_found,0
4576031000,전라북도 남원군 주천면,,,,,name_not_found,0
4576032000,전라북도 남원군 수지면,,,,,name_not_found,0
4576033000,전라북도 남원군 송동면,,,,,name_not_found,0
4576034000,전라북도 남원군 주생면,,,,,name_not_found,0
4576035000,전라북도 남원군 금지면,,,,,name_not_found,0
4576036000,전라북도 남원군 대강면,,,,,name_not_found,0
4576037000,전라북도 남원군 대산면,,,,,name_not_found,0
4576038000,전라북도 남원군 사매면,,,,,name_not_found,0
4576039000,전라북도 남원군 덕과면,,,,,name_not_found,0
4576040000,전라북도 남원군 보절면,,,,,name_not_found,0
4576041000,전라북도 남원군 산동면,,,,,name_not_found,0
4576042000,전라북도 남원군 이백면,,,,,name_not_found,0
4576043000,전라북도 남원군 운봉면,,,,,name_not_found,0
4576044000,전라북도 남원군 동면,,,,,name_not_found,0
4576045000,전라북도 남원군 아영면,,,,,name_not_found,0
4576046000,전라북도 남원군 산내면,,,,,name_not_found,0
4577000000,전라북도 순창군,,,,,name_not_found,0
4577003000,전라북도 순창군 순창면,,,,,name_not_found,0
4577025000,전라북도 순창군 순창읍,3536011,전라북도 순창군 순창읍,966709.0,1708377.0,matched,1
4577031000,전라북도 순창군 인계면,3536031,전라북도 순창군 인계면,969045.0,1714188.0,matched,1
4577032000,전라북도 순창군 동계면,3536032,전라북도 순창군 동계면,977262.0,1717888.0,matched,1
4577033000,전라북도 순창군 풍산면,3536035,전라북도 순창군 풍산면,967509.0,1704203.0,matched,1
4577034000,전라북도 순창군 금과면,3536036,전라북도 순창군 금과면,962214.0,1704298.0,matched,1
4577035000,전라북도 순창군 팔덕면,3536037,전라북도 순창군 팔덕면,962298.0,1711024.0,matched,1
4577036000,전라북도 순창군 쌍치면,3536039,전라북도 순창군 쌍치면,953930.0,1723382.0,matched,1
4577037000,전라북도 순창군 복흥면,3536038,전라북도 순창군 복흥면,948833.0,1716751.0,matched,1
4577038000,전라북도 순창군 적성면,3536033,전라북도 순창군 적성면,973527.0,1714280.0,matched,1
4577039000,전라북도 순창군 유등면,3536034,전라북도 순창군 유등면,971711.0,1708792.0,matched,1
4577040000,전라북도 순창군 구림면,3536040,전라북도 순창군 구림면,962546.0,1718633.0,matched,1
4578000000,전라북도 정읍군,,,,,name_not_found,0
4578001000,전라북도 정읍군 정주읍,,,,,name_not_found,0
4578003000,전라북도 정읍군 내장면,,,,,name_not_found,0
4578011000,전라북도 정읍군 신태인읍,,,,,name_not_found,0
4578031000,전라북도 정읍군 북면,,,,,name_not_found,0
4578032000,전라북도 정읍군 입암면,,,,,name_not_found,0
4578033000,전라북도 정읍군 소성면,,,,,name_not_found,0
4578034000,전라북도 정읍군 고부면,,,,,name_not_found,0
4578035000,전라북도 정읍군 영원면,,,,,name_not_found,0
4578036000,전라북도 정읍군 덕천면,,,,,name_not_found,0
4578037000,전라북도 정읍군 이평면,,,,,name_not_found,0
4578038000,전라북도 정읍군 정우면,,,,,name_not_found,0
4578039000,전라북도 정읍군 태인면,,,,,name_not_found,0
4578040000,전라북도 정읍군 감곡면,,,,,name_not_found,0
4578041000,전라북도 정읍군 옹동면,,,,,name_not_found,0
4578042000,전라북도 정읍군 칠보면,,,,,name_not_found,0
4578043000,전라북도 정읍군 산내면,,,,,name_not_found,0
4578044000,전라북도 정읍군 산외면,,,,,name_not_found,0
4579000000,전라북도 고창군,,,,,name_not_found,0
4579025000,전라북도 고창군 고창읍,3537011,전라북도 고창군 고창읍,927740.0,1715436.0,matched,1
4579031000,전라북도 고창군 고수면,3537031,전라북도 고창군 고수면,925663.0,1710800.0,matched,1
4579032000,전라북도 고창군 아산면,3537032,전라북도 고창군 아산면,919383.0,1719413.0,matched,1
4579033000,전라북도 고창군 무장면,3537033,전라북도 고창군 무장면,915990.0,1713306.0,matched,1
4579034000,전라북도 고창군 공음면,3537034,전라북도 고창군 공음면,911604.0,1710149.0,matched,1
4579035000,전라북도 고창군 상하면,3537035,전라북도 고창군 상하면,907196.0,1717443.0,matched,1
4579036000,전라북도 고창군 해리면,3537036,전라북도 고창군 해리면,910362.0,1720358.0,matched,1
4579037000,전라북도 고창군 성송면,3537037,전라북도 고창군 성송면,921495.0,1708052.0,matched,1
4579038000,전라북도 고창군 대산면,3537038,전라북도 고창군 대산면,915787.0,1705271.0,matched,1
4579039000,전라북도 고창군 심원면,3537039,전라북도 고창군 심원면,913586.0,1723987.0,matched,1
4579040000,전라북도 고창군 흥덕면,3537040,전라북도 고창군 흥덕면,927411.0,1727109.0,matched,1
4579041000,전라북도 고창군 성내면,3537041,전라북도 고창군 성내면,931537.0,1726871.0,matched,1
4579042000,전라북도 고창군 신림면,3537042,전라북도 고창군 신림면,929434.0,1720397.0,matched,1
4579043000,전라북도 고창군 부안면,3537043,전라북도 고창군 부안면,921771.0,1726531.0,matched,1
4580000000,전라북도 부안군,,,,,name_not_found,0
4580003000,전라북도 부안군 산내면,,,,,name_not_found,0
4580025000,전라북도 부안군 부안읍,3538011,전라북도 부안군 부안읍,931693.0,1746078.0,matched,1
4580031000,전라북도 부안군 주산면,3538031,전라북도 부안군 주산면,928426.0,1741275.0,matched,1
4580032000,전라북도 부안군 동진면,3538032,전라북도 부안군 동진면,932013.0,1751914.0,matched,1
4580033000,전라북도 부안군 행안면,3538033,전라북도 부안군 행안면,928184.0,1747691.0,matched,1
4580034000,전라북도 부안군 계화면,3538034,전라북도 부안군 계화면,925437.0,1753343.0,matched,1
4580035000,전라북도 부안군 보안면,3538035,전라북도 부안군 보안면,924413.0,1736355.0,matched,1
4580036000,전라북도 부안군 변산면,3538036,전라북도 부안군 변산면,912600.0,1740074.0,matched,1
4580037000,전라북도 부안군 진서면,3538037,전라북도 부안군 진서면,915905.0,1734678.0,matched,1
4580038000,전라북도 부안군 백산면,3538038,전라북도 부안군 백산면,936016.0,1745303.0,matched,1
4580039000,전라북도 부안군 상서면,3538039,전라북도 부안군 상서면,922685.0,1741764.0,matched,1
4580040000,전라북도 부안군 하서면,3538040,전라북도 부안군 하서면,921105.0,1746661.0,matched,1
4580041000,전라북도 부안군 줄포면,3538041,전라북도 부안군 줄포면,927010.0,1733236.0,matched,1
4580042000,전라북도 부안군 위도면,3538042,전라북도 부안군 위도면,889273.0,1733754.0,matched,1
4581000000,전라북도 김제군,,,,,name_not_found,0
4581011000,전라북도 김제군 김제읍,,,,,name_not_found,0
4581031000,전라북도 김제군 월촌면,,,,,name_not_found,0
4581032000,전라북도 김제군 죽산면,,,,,name_not_found,0
4581033000,전라북도 김제군 백산면,,,,,name_not_found,0
4581034000,전라북도 김제군 용지면,,,,,name_not_found,0
4581035000,전라북도 김제군 백구면,,,,,name_not_found,0
4581036000,전라북도 김제군 부량면,,,,,name_not_found,0
4581037000,전라북도 김제군 만경면,,,,,name_not_found,0
4581038000,전라북도 김제군 공덕면,,,,,name_not_found,0
4581039000,전라북도 김제군 청하면,,,,,name_not_found,0
4581040000,전라북도 김제군 성덕면,,,,,name_not_found,0
4581041000,전라북도 김제군 진봉면,,,,,name_not_found,0
4581042000,전라북도 김제군 금구면,,,,,name_not_found,0
4581043000,전라북도 김제군 봉남면,,,,,name_not_found,0
4581044000,전라북도 김제군 황산면,,,,,name_not_found,0
4581045000,전라북도 김제군 금산면,,,,,name_not_found,0
4581046000,전라북도 김제군 광활면,,,,,name_not_found,0
4582000000,전라북도 옥구군,,,,,name_not_found,0
4582003000,전라북도 옥구군 미면,,,,,name_not_found,0
4582003500,전라북도 옥구군 옥구면,,,,,name_not_found,0
4582011000,전라북도 옥구군 미성읍,,,,,name_not_found,0
4582012000,전라북도 옥구군 옥구읍,,,,,name_not_found,0
4582012500,전라북도 옥구군 옥구읍서부출장소,,,,,name_not_found,0
4582031000,전라북도 옥구군 옥산면,,,,,name_not_found,0
4582032000,전라북도 옥구군 회현면,,,,,name_not_found,0
4582033000,전라북도 옥구군 임피면,,,,,name_not_found,0
4582034000,전라북도 옥구군 서수면,,,,,name_not_found,0
4582035000,전라북도 옥구군 대야면,,,,,name_not_found,0
4582036000,전라북도 옥구군 개정면,,,,,name_not_found,0
4582037000,전라북도 옥구군 성산면,,,,,name_not_found,0
4582038000,전라북도 옥구군 나포면,,,,,name_not_found,0
4582039000,전라북도 옥구군 옥도면,,,,,name_not_found,0
4582040000,전라북도 옥구군 옥서면,,,,,name_not_found,0
4583000000,전라북도 익산군,,,,,name_not_found,0
4583003000,전라북도 익산군 함열면,,,,,name_not_found,0
4583003500,전라북도 익산군 팔봉면,,,,,name_not_found,0
4583004000,전라북도 익산군 북일면,,,,,name_not_found,0
4583004500,전라북도 익산군 황화면,,,,,name_not_found,0
4583011000,전라북도 익산군 함열읍,,,,,name_not_found,0
4583031000,전라북도 익산군 오산면,,,,,name_not_found,0
4583032000,전라북도 익산군 황등면,,,,,name_not_found,0
4583033000,전라북도 익산군 함라면,,,,,name_not_found,0
4583034000,전라북도 익산군 웅포면,,,,,name_not_found,0
4583035000,전라북도 익산군 성당면,,,,,name_not_found,0
4583036000,전라북도 익산군 용안면,,,,,name_not_found,0
4583037000,전라북도 익산군 낭산면,,,,,name_not_found,0
4583038000,전라북도 익산군 망성면,,,,,name_not_found,0
4583039000,전라북도 익산군 여산면,,,,,name_not_found,0
4583040000,전라북도 익산군 금마면,,,,,name_not_found,0
4583041000,전라북도 익산군 왕궁면,,,,,name_not_found,0
4583042000,전라북도 익산군 춘포면,,,,,name_not_found,0
4583043000,전라북도 익산군 삼기면,,,,,name_not_found,0
4583044000,전라북도 익산군 용동면,,,,,name_not_found,0
4600000000,전라남도,,,,,name_not_found,0
4601000000,전라남도 광주시,,,,,name_not_found,0
4601100000,전라남도 광주시 동구,,,,,name_not_found,0
4601200000,전라남도 광주시 서구,,,,,name_not_found,0
4601300000,전라남도 광주시 북구,,,,,name_not_found,0
4602000000,전라남도 금성시,,,,,name_not_found,0
4603000000,전라남도 송정시,,,,,name_not_found,0
4605000000,전라남도 광산군,,,,,name_not_found,0
4605001000,전라남도 광산군 송정읍,,,,,name_not_found,0
4605003000,전라남도 광산군 비아면,,,,,name_not_found,0
4605003500,전라남도 광산군 하남면,,,,,name_not_found,0
4605004000,전라남도 광산군 임곡면,,,,,name_not_found,0
4605004500,전라남도 광산군 동곡면,,,,,name_not_found,0
4605005000,전라남도 광산군 평동면,,,,,name_not_found,0
4605005500,전라남도 광산군 삼도면,,,,,name_not_found,0
4605006000,전라남도 광산군 본양면,,,,,name_not_found,0
4605006500,전라남도 광산군 대촌면,,,,,name_not_found,0
4605007000,전라남도 광산군 서창면,,,,,name_not_found,0
4611000000,전라남도 목포시,,,,,name_not_found,0
4611051000,전라남도 목포시 용당1동,3601051,전라남도 목포시 용당1동,898751.0,1646351.0,matched,1
4611052000,전라남도 목포시 용당2동,3601052,전라남도 목포시 용당2동,899391.0,1645636.0,matched,1
4611053000,전라남도 목포시 산정1동,,,,,name_not_found,0
4611053500,전라남도 목포시 연동,3601053,전라남도 목포시 연동,898748.0,1645332.0,matched,1
4611054000,전라남도 목포시 산정2동,,,,,name_not_found,0
4611054500,전라남도 목포시 산정동,3601055,전라남도 목포시 산정동,897875.0,1646387.0,matched,1
4611055000,전라남도 목포시 산정3동,,,,,name_not_found,0
4611055400,전라남도 목포시 연산동,3601056,전라남도 목포시 연산동,897813.0,1647755.0,matched,1
4611055800,전라남도 목포시 원산동,3601057,전라남도 목포시 원산동,897182.0,1646635.0,matched,1
4611056000,전라남도 목포시 대성1동,,,,,name_not_found,0
4611056500,전라남도 목포시 대성동,3601058,전라남도 목포시 대성동,897795.0,1645584.0,matched,1
4611057000,전라남도 목포시 대성2동,,,,,name_not_found,0
4611058000,전라남도 목포시 양동,,,,,name_not_found,0
4611058500,전라남도 목포시 남양동,,,,,name_not_found,0
4611059000,전라남도 목포시 북교동,,,,,name_not_found,0
4611059500,전라남도 목포시 목원동,3601060,전라남도 목포시 목원동,897654.0,1644840.0,matched,1
4611060000,전라남도 목포시 남교동,,,,,name_not_found,0
4611061000,전라남도 목포시 호남동,,,,,name_not_found,0
4611062000,전라남도 목포시 죽동,,,,,name_not_found,0
4611063000,전라남도 목포시 무안동,,,,,name_not_found,0
4611064000,전라남도 목포시 동명동,3601062,전라남도 목포시 동명동,898838.0,1644585.0,matched,1
4611064500,전라남도 목포시 삼학동,3601063,전라남도 목포시 삼학동,899551.0,1644659.0,matched,1
4611065000,전라남도 목포시 영해동,,,,,name_not_found,0
4611065500,전라남도 목포시 만호동,3601064,전라남도 목포시 만호동,898898.0,1643971.0,matched,1
4611066000,전라남도 목포시 유달동,3601065,전라남도 목포시 유달동,896805.0,1644396.0,matched,1
4611067000,전라남도 목포시 만호동,3601064,전라남도 목포시 만호동,898898.0,1643971.0,matched,1
4611068000,전라남도 목포시 서산동,,,,,name_not_found,0
4611069000,전라남도 목포시 온금동,,,,,name_not_found,0
4611069500,전라남도 목포시 죽교동,3601067,전라남도 목포시 죽교동,896885.0,1645588.0,matched,1
4611070000,전라남도 목포시 죽교1동,,,,,name_not_found,0
4611070500,전라남도 목포시 북항동,3601068,전라남도 목포시 북항동,896581.0,1646266.0,matched,1
4611071000,전라남도 목포시 죽교2동,,,,,name_not_found,0
4611071500,전라남도 목포시 죽교동,3601067,전라남도 목포시 죽교동,896885.0,1645588.0,matched,1
4611072000,전라남도 목포시 죽교3동,,,,,name_not_found,0
4611073000,전라남도 목포시 달성동,,,,,name_not_found,0
4611074000,전라남도 목포시 대반동,,,,,name_not_found,0
4611074500,전라남도 목포시 용해동,3601069,전라남도 목포시 용해동,899462.0,1647445.0,matched,1
4611075000,전라남도 목포시 이로동,3601070,전라남도 목포시 이로동,900506.0,1645256.0,matched,1
4611075100,전라남도 목포시 용해동,3601069,전라남도 목포시 용해동,899462.0,1647445.0,matched,1
4611075600,전라남도 목포시 상동,3601071,전라남도 목포시 상동,900773.0,1647688.0,matched,1
4611075700,전라남도 목포시 하당동,3601072,전라남도 목포시 하당동,901225.0,1646595.0,matched,1
4611075800,전라남도 목포시 신흥동,3601073,전라남도 목포시 신흥동,901672.0,1645537.0,matched,1
4611076000,전라남도 목포시 충무동,,,,,name_not_found,0
4611077000,전라남도 목포시 연동,3601053,전라남도 목포시 연동,898748.0,1645332.0,matched,1
4611078000,전라남도 목포시 삼향동,3601074,전라남도 목포시 삼향동,900809.0,1649409.0,matched,1
4611079000,전라남도 목포시 옥암동,3601075,전라남도 목포시 옥암동,902716.0,1647202.0,matched,1
4611080000,전라남도 목포시 부흥동,3601076,전라남도 목포시 부흥동,903538.0,1645433.0,matched,1
4611081000,전라남도 목포시 부주동,3601077,전라남도 목포시 부주동,903741.0,1646435.0,matched,1
4613000000,전라남도 여수시,,,,,name_not_found,0
4613025000,전라남도 여수시 돌산읍,3602011,전라남도 여수시 돌산읍,1024072.0,1628744.0,matched,1
4613025100,전라남도 여수시 돌산읍우두출장소,,,,,name_not_found,0
4613025200,전라남도 여수시 돌산읍죽포출장소,,,,,name_not_found,0
4613029000,전라남도 여수시 돌산읍우두출장소,,,,,name_not_found,0
4613029100,전라남도 여수시 돌산읍죽포출장소,,,,,name_not_found,0
4613031000,전라남도 여수시 소라면,3602031,전라남도 여수시 소라면,1009554.0,1643987.0,matched,1
4613032000,전라남도 여수시 율촌면,3602032,전라남도 여수시 율촌면,1007035.0,1651551.0,matched,1
4613033000,전라남도 여수시 화양면,3602033,전라남도 여수시 화양면,1008501.0,1632488.0,matched,1
4613034000,전라남도 여수시 남면,3602034,전라남도 여수시 남면,1023670.0,1613902.0,matched,1
4613034500,전라남도 여수시 남면연도출장소,,,,,name_not_found,0
4613034600,전라남도 여수시 남면안도출장소,,,,,name_not_found,0
4613034700,전라남도 여수시 남면화태출장소,,,,,name_not_found,0
4613035000,전라남도 여수시 화정면,3602035,전라남도 여수시 화정면,1014780.0,1619706.0,matched,1
4613035500,전라남도 여수시 화정면낭도출장소,,,,,name_not_found,0
4613035600,전라남도 여수시 화정면개도출장소,,,,,name_not_found,0
4613035700,전라남도 여수시 화정면여자출장소,,,,,name_not_found,0
4613036000,전라남도 여수시 삼산면,3602036,전라남도 여수시 삼산면,976681.0,1582006.0,matched,1
4613036500,전라남도 여수시 삼산면초도출장소,,,,,name_not_found,0
4613036600,전라남도 여수시 삼산면손죽출장소,,,,,name_not_found,0
4613051000,전라남도 여수시 종화동,,,,,name_not_found,0
4613051500,전라남도 여수시 동문동,3602051,전라남도 여수시 동문동,1022269.0,1638775.0,matched,1
4613052000,전라남도 여수시 수정동,,,,,name_not_found,0
4613052500,전라남도 여수시 오동동,,,,,name_not_found,0
4613053000,전라남도 여수시 공화동,,,,,name_not_found,0
4613053500,전라남도 여수시 한려동,3602052,전라남도 여수시 한려동,1022899.0,1639009.0,matched,1
4613054000,전라남도 여수시 관문동,,,,,name_not_found,0
4613055000,전라남도 여수시 고소동,,,,,name_not_found,0
4613056000,전라남도 여수시 동산동,,,,,name_not_found,0
4613057000,전라남도 여수시 중앙동,3602053,전라남도 여수시 중앙동,1021698.0,1638580.0,matched,1
4613058000,전라남도 여수시 교동,,,,,name_not_found,0
4613058500,전라남도 여수시 종고동,,,,,name_not_found,0
4613059000,전라남도 여수시 군자동,,,,,name_not_found,0
4613060000,전라남도 여수시 충무동,3602054,전라남도 여수시 충무동,1021038.0,1639575.0,matched,1
4613061000,전라남도 여수시 연등동,,,,,name_not_found,0
4613062000,전라남도 여수시 광무동,,,,,name_not_found,0
4613062500,전라남도 여수시 광림동,3602055,전라남도 여수시 광림동,1020264.0,1639692.0,matched,1
4613063000,전라남도 여수시 서교동,,,,,name_not_found,0
4613063500,전라남도 여수시 서강동,3602056,전라남도 여수시 서강동,1020364.0,1638603.0,matched,1
4613064000,전라남도 여수시 봉강동,,,,,name_not_found,0
4613065000,전라남도 여수시 봉산동,,,,,name_not_found,0
4613065500,전라남도 여수시 대교동,3602057,전라남도 여수시 대교동,1020402.0,1637916.0,matched,1
4613066000,전라남도 여수시 남산동,,,,,name_not_found,0
4613067000,전라남도 여수시 국동,3602058,전라남도 여수시 국동,1019620.0,1637489.0,matched,1
4613068000,전라남도 여수시 신월동,,,,,name_not_found,0
4613068500,전라남도 여수시 월호동,3602059,전라남도 여수시 월호동,1018291.0,1637682.0,matched,1
4613069000,전라남도 여수시 경호동,,,,,name_not_found,0
4613070000,전라남도 여수시 여서동,3602060,전라남도 여수시 여서동,1018927.0,1639252.0,matched,1
4613071000,전라남도 여수시 문수동,3602061,전라남도 여수시 문수동,1018185.0,1640139.0,matched,1
4613072000,전라남도 여수시 오림동,,,,,name_not_found,0
4613073000,전라남도 여수시 미평동,3602062,전라남도 여수시 미평동,1019188.0,1642193.0,matched,1
4613074000,전라남도 여수시 둔덕동,3602063,전라남도 여수시 둔덕동,1017872.0,1642566.0,matched,1
4613075000,전라남도 여수시 오천동,,,,,name_not_found,0
4613075500,전라남도 여수시 만오동,,,,,name_not_found,0
4613076000,전라남도 여수시 만흥동,,,,,name_not_found,0
4613076500,전라남도 여수시 만덕동,3602064,전라남도 여수시 만덕동,1021828.0,1642772.0,matched,1
4613077000,전라남도 여수시 덕충동,,,,,name_not_found,0
4613078000,전라남도 여수시 쌍봉동,3602065,전라남도 여수시 쌍봉동,1013646.0,1639217.0,matched,1
4613079000,전라남도 여수시 시전동,3602066,전라남도 여수시 시전동,1016342.0,1639631.0,matched,1
4613080000,전라남도 여수시 여천동,3602067,전라남도 여수시 여천동,1014188.0,1642296.0,matched,1
4613081000,전라남도 여수시 주삼동,3602068,전라남도 여수시 주삼동,1015145.0,1644081.0,matched,1
4613082000,전라남도 여수시 삼일동,3602069,전라남도 여수시 삼일동,1018791.0,1647929.0,matched,1
4613083000,전라남도 여수시 묘도동,3602070,전라남도 여수시 묘도동,1020370.0,1654344.0,matched,1
4613084000,전라남도 여수시 상암동,,,,,name_not_found,0
4615000000,전라남도 순천시,,,,,name_not_found,0
4615025000,전라남도 순천시 승주읍,3603011,전라남도 순천시 승주읍,987415.0,1669186.0,matched,1
4615031000,전라남도 순천시 해룡면,3603037,전라남도 순천시 해룡면,1004433.0,1656769.0,matched,1
4615031500,전라남도 순천시 해룡면상삼출장소,,,,,name_not_found,0
4615031600,전라남도 순천시 해룡면신대출장소,,,,,name_not_found,0
4615032000,전라남도 순천시 서면,3603038,전라남도 순천시 서면,999406.0,1670324.0,matched,1
4615033000,전라남도 순천시 황전면,3603039,전라남도 순천시 황전면,996277.0,1680088.0,matched,1
4615034000,전라남도 순천시 월등면,3603040,전라남도 순천시 월등면,989981.0,1676750.0,matched,1
4615035000,전라남도 순천시 주암면,3603031,전라남도 순천시 주암면,976865.0,1674915.0,matched,1
4615036000,전라남도 순천시 송광면,3603032,전라남도 순천시 송광면,976925.0,1666015.0,matched,1
4615037000,전라남도 순천시 외서면,3603033,전라남도 순천시 외서면,979204.0,1657937.0,matched,1
4615038000,전라남도 순천시 낙안면,3603034,전라남도 순천시 낙안면,985951.0,1658504.0,matched,1
4615039000,전라남도 순천시 별량면,3603035,전라남도 순천시 별량면,993553.0,1652775.0,matched,1
4615040000,전라남도 순천시 상사면,3603036,전라남도 순천시 상사면,992589.0,1660265.0,matched,1
4615051000,전라남도 순천시 용수동,,,,,name_not_found,0
4615051500,전라남도 순천시 향동,3603051,전라남도 순천시 향동,994530.0,1664270.0,matched,1
4615052000,전라남도 순천시 영옥동,,,,,name_not_found,0
4615053000,전라남도 순천시 행금동,,,,,name_not_found,0
4615054000,전라남도 순천시 매곡동,3603054,전라남도 순천시 매곡동,998132.0,1663109.0,matched,1
4615055000,전라남도 순천시 삼산동,3603055,전라남도 순천시 삼산동,997265.0,1665351.0,matched,1
4615056000,전라남도 순천시 조곡동,3603056,전라남도 순천시 조곡동,999713.0,1662335.0,matched,1
4615057000,전라남도 순천시 덕연동,3603057,전라남도 순천시 덕연동,1001560.0,1660879.0,matched,1
4615058000,전라남도 순천시 풍덕동,3603058,전라남도 순천시 풍덕동,1000414.0,1660022.0,matched,1
4615059000,전라남도 순천시 남제동,3603059,전라남도 순천시 남제동,998299.0,1660705.0,matched,1
4615060000,전라남도 순천시 저전동,3603060,전라남도 순천시 저전동,997907.0,1661632.0,matched,1
4615061000,전라남도 순천시 장천동,3603061,전라남도 순천시 장천동,998964.0,1661771.0,matched,1
4615062000,전라남도 순천시 중앙동,3603062,전라남도 순천시 중앙동,998850.0,1662375.0,matched,1
4615063000,전라남도 순천시 대평동,,,,,name_not_found,0
4615063500,전라남도 순천시 도사동,3603063,전라남도 순천시 도사동,999610.0,1656676.0,matched,1
4615064000,전라남도 순천시 덕흥동,,,,,name_not_found,0
4615065000,전라남도 순천시 인안동,,,,,name_not_found,0
4615066000,전라남도 순천시 왕조동,,,,,name_not_found,0
4615066100,전라남도 순천시 왕조1동,3603066,전라남도 순천시 왕조1동,1002711.0,1663746.0,matched,1
4615066500,전라남도 순천시 왕조2동,3603067,전라남도 순천시 왕조2동,1003000.0,1662323.0,matched,1
4617000000,전라남도 나주시,,,,,name_not_found,0
4617025000,전라남도 나주시 남평읍,3604011,전라남도 나주시 남평읍,941860.0,1670578.0,matched,1
4617031000,전라남도 나주시 세지면,3604031,전라남도 나주시 세지면,929931.0,1659420.0,matched,1
4617032000,전라남도 나주시 왕곡면,3604032,전라남도 나주시 왕곡면,924240.0,1663135.0,matched,1
4617033000,전라남도 나주시 반남면,3604033,전라남도 나주시 반남면,922820.0,1657964.0,matched,1
4617034000,전라남도 나주시 공산면,3604034,전라남도 나주시 공산면,917916.0,1662042.0,matched,1
4617035000,전라남도 나주시 동강면,3604035,전라남도 나주시 동강면,913511.0,1659604.0,matched,1
4617036000,전라남도 나주시 다시면,3604036,전라남도 나주시 다시면,921567.0,1669322.0,matched,1
4617037000,전라남도 나주시 문평면,3604037,전라남도 나주시 문평면,920760.0,1675114.0,matched,1
4617038000,전라남도 나주시 노안면,3604038,전라남도 나주시 노안면,928610.0,1676746.0,matched,1
4617039000,전라남도 나주시 금천면,3604039,전라남도 나주시 금천면,932635.0,1670068.0,matched,1
4617040000,전라남도 나주시 산포면,3604040,전라남도 나주시 산포면,936907.0,1670794.0,matched,1
4617041000,전라남도 나주시 남평면,,,,,name_not_found,0
4617042000,전라남도 나주시 다도면,3604041,전라남도 나주시 다도면,939382.0,1660155.0,matched,1
4617042500,전라남도 나주시 다도면다도출장소,,,,,name_not_found,0
4617043000,전라남도 나주시 봉황면,3604042,전라남도 나주시 봉황면,934496.0,1661341.0,matched,1
4617043500,전라남도 나주시 봉황면남부출장소,,,,,name_not_found,0
4617051000,전라남도 나주시 송월동,3604051,전라남도 나주시 송월동,928991.0,1669338.0,matched,1
4617052000,전라남도 나주시 영강동,3604052,전라남도 나주시 영강동,926523.0,1668602.0,matched,1
4617053000,전라남도 나주시 향교동,,,,,name_not_found,0
4617054000,전라남도 나주시 금남동,3604054,전라남도 나주시 금남동,927452.0,1671295.0,matched,1
4617055000,전라남도 나주시 성북동,3604055,전라남도 나주시 성북동,929139.0,1673117.0,matched,1
4617056000,전라남도 나주시 송현동,,,,,name_not_found,0
4617057000,전라남도 나주시 남산동,,,,,name_not_found,0
4617058000,전라남도 나주시 영산동,3604058,전라남도 나주시 영산동,929671.0,1666233.0,matched,1
4617059000,전라남도 나주시 부덕동,,,,,name_not_found,0
4617060000,전라남도 나주시 이창동,3604060,전라남도 나주시 이창동,925853.0,1665928.0,matched,1
4617061000,전라남도 나주시 가야동,,,,,name_not_found,0
4617062000,전라남도 나주시 빛가람동,3604061,전라남도 나주시 빛가람동,935154.0,1669498.0,matched,1
4619000000,전라남도 여천시,,,,,name_not_found,0
4619051000,전라남도 여천시 쌍봉동,,,,,name_not_found,0
4619052000,전라남도 여천시 시전동,,,,,name_not_found,0
4619053000,전라남도 여천시 여천동,,,,,name_not_found,0
4619054000,전라남도 여천시 주삼동,,,,,name_not_found,0
4619055000,전라남도 여천시 삼일동,,,,,name_not_found,0
4619056000,전라남도 여천시 묘도동,,,,,name_not_found,0
4619057000,전라남도 여천시 상암동,,,,,name_not_found,0
4621000000,전라남도 동광양시,,,,,name_not_found,0
4621051000,전라남도 동광양시 황금동,,,,,name_not_found,0
4621052000,전라남도 동광양시 성황동,,,,,name_not_found,0
4621053000,전라남도 동광양시 중마동,,,,,name_not_found,0
4621054000,전라남도 동광양시 광영동,,,,,name_not_found,0
4621055000,전라남도 동광양시 금호동,,,,,name_not_found,0
4621056000,전라남도 동광양시 금당동,,,,,name_not_found,0
4621057000,전라남도 동광양시 태인동,,,,,name_not_found,0
4623000000,전라남도 광양시,,,,,name_not_found,0
4623025000,전라남도 광양시 광양읍,3606011,전라남도 광양시 광양읍,1009167.0,1662702.0,matched,1
4623031000,전라남도 광양시 봉강면,3606031,전라남도 광양시 봉강면,1005976.0,1672641.0,matched,1
4623032000,전라남도 광양시 옥룡면,3606032,전라남도 광양시 옥룡면,1010422.0,1673237.0,matched,1
4623033000,전라남도 광양시 옥곡면,3606033,전라남도 광양시 옥곡면,1016255.0,1667021.0,matched,1
4623034000,전라남도 광양시 진상면,3606034,전라남도 광양시 진상면,1016825.0,1673221.0,matched,1
4623035000,전라남도 광양시 진월면,3606035,전라남도 광양시 진월면,1023208.0,1667852.0,matched,1
4623036000,전라남도 광양시 다압면,3606036,전라남도 광양시 다압면,1014979.0,1680434.0,matched,1
4623051000,전라남도 광양시 황금동,,,,,name_not_found,0
4623051500,전라남도 광양시 골약동,3606051,전라남도 광양시 골약동,1014186.0,1659856.0,matched,1
4623052000,전라남도 광양시 성황동,,,,,name_not_found,0
4623053000,전라남도 광양시 중마동,3606053,전라남도 광양시 중마동,1018262.0,1661178.0,matched,1
4623054000,전라남도 광양시 광영동,3606054,전라남도 광양시 광영동,1019801.0,1662958.0,matched,1
4623055000,전라남도 광양시 금호동,3606056,전라남도 광양시 금호동,1022484.0,1658217.0,matched,1
4623056000,전라남도 광양시 금당동,,,,,name_not_found,0
4623057000,전라남도 광양시 태인동,3606055,전라남도 광양시 태인동,1023310.0,1661224.0,matched,1
4671000000,전라남도 담양군,,,,,name_not_found,0
4671025000,전라남도 담양군 담양읍,3631011,전라남도 담양군 담양읍,952972.0,1702934.0,matched,1
4671031000,전라남도 담양군 봉산면,3631031,전라남도 담양군 봉산면,950509.0,1697206.0,matched,1
4671032000,전라남도 담양군 고서면,3631032,전라남도 담양군 고서면,952128.0,1691753.0,matched,1
4671033000,전라남도 담양군 남면,,,,,name_not_found,0
4671033500,전라남도 담양군 가사문학면,3631042,전라남도 담양군 가사문학면,958089.0,1684975.0,matched,1
4671034000,전라남도 담양군 창평면,3631034,전라남도 담양군 창평면,955860.0,1692993.0,matched,1
4671035000,전라남도 담양군 대덕면,3631035,전라남도 담양군 대덕면,959843.0,1692959.0,matched,1
4671036000,전라남도 담양군 무정면,3631036,전라남도 담양군 무정면,958897.0,1699101.0,matched,1
4671037000,전라남도 담양군 금성면,3631037,전라남도 담양군 금성면,957967.0,1705549.0,matched,1
4671038000,전라남도 담양군 용면,3631038,전라남도 담양군 용면,955088.0,1712452.0,matched,1
4671039000,전라남도 담양군 월산면,3631039,전라남도 담양군 월산면,948318.0,1707170.0,matched,1
4671040000,전라남도 담양군 수북면,3631040,전라남도 담양군 수북면,947590.0,1701018.0,matched,1
4671041000,전라남도 담양군 대전면,3631041,전라남도 담양군 대전면,944324.0,1698963.0,matched,1
4672000000,전라남도 곡성군,,,,,name_not_found,0
4672003000,전라남도 곡성군 곡성면,,,,,name_not_found,0
4672025000,전라남도 곡성군 곡성읍,3632011,전라남도 곡성군 곡성읍,979185.0,1698304.0,matched,1
4672031000,전라남도 곡성군 오곡면,3632031,전라남도 곡성군 오곡면,983751.0,1693176.0,matched,1
4672032000,전라남도 곡성군 삼기면,3632032,전라남도 곡성군 삼기면,975115.0,1690872.0,matched,1
4672033000,전라남도 곡성군 석곡면,3632033,전라남도 곡성군 석곡면,976204.0,1684392.0,matched,1
4672034000,전라남도 곡성군 목사동면,3632034,전라남도 곡성군 목사동면,981954.0,1679157.0,matched,1
4672035000,전라남도 곡성군 죽곡면,3632035,전라남도 곡성군 죽곡면,985381.0,1685188.0,matched,1
4672036000,전라남도 곡성군 고달면,3632036,전라남도 곡성군 고달면,987526.0,1698031.0,matched,1
4672037000,전라남도 곡성군 옥과면,3632037,전라남도 곡성군 옥과면,967409.0,1700087.0,matched,1
4672038000,전라남도 곡성군 입면,3632038,전라남도 곡성군 입면,973720.0,1700214.0,matched,1
4672039000,전라남도 곡성군 겸면,3632039,전라남도 곡성군 겸면,970638.0,1695360.0,matched,1
4672040000,전라남도 곡성군 오산면,3632040,전라남도 곡성군 오산면,965903.0,1692976.0,matched,1
4673000000,전라남도 구례군,,,,,name_not_found,0
4673003000,전라남도 구례군 구례면,,,,,name_not_found,0
4673025000,전라남도 구례군 구례읍,3633011,전라남도 구례군 구례읍,993263.0,1689754.0,matched,1
4673031000,전라남도 구례군 문척면,3633031,전라남도 구례군 문척면,999894.0,1685693.0,matched,1
4673032000,전라남도 구례군 간전면,3633032,전라남도 구례군 간전면,1006141.0,1684153.0,matched,1
4673033000,전라남도 구례군 토지면,3633033,전라남도 구례군 토지면,1005664.0,1693836.0,matched,1
4673034000,전라남도 구례군 마산면,3633034,전라남도 구례군 마산면,999945.0,1694200.0,matched,1
4673035000,전라남도 구례군 광의면,3633035,전라남도 구례군 광의면,997071.0,1697168.0,matched,1
4673036000,전라남도 구례군 용방면,3633036,전라남도 구례군 용방면,993055.0,1694732.0,matched,1
4673037000,전라남도 구례군 산동면,3633037,전라남도 구례군 산동면,997079.0,1702685.0,matched,1
4674000000,전라남도 광양군,,,,,name_not_found,0
4674011000,전라남도 광양군 광양읍,,,,,name_not_found,0
4674031000,전라남도 광양군 봉강면,,,,,name_not_found,0
4674032000,전라남도 광양군 옥룡면,,,,,name_not_found,0
4674033000,전라남도 광양군 옥곡면,,,,,name_not_found,0
4674034000,전라남도 광양군 진상면,,,,,name_not_found,0
4674035000,전라남도 광양군 진월면,,,,,name_not_found,0
4674036000,전라남도 광양군 다압면,,,,,name_not_found,0
4674037000,전라남도 광양군 골약면,,,,,name_not_found,0
4674038000,전라남도 광양군 태금면,,,,,name_not_found,0
4675000000,전라남도 여천군,,,,,name_not_found,0
4675001000,전라남도 여천군 삼일읍,,,,,name_not_found,0
4675003000,전라남도 여천군 쌍봉면,,,,,name_not_found,0
4675003500,전라남도 여천군 돌산면,,,,,name_not_found,0
4675004000,전라남도 여천군 삼일면,,,,,name_not_found,0
4675011000,전라남도 여천군 돌산읍,,,,,name_not_found,0
4675011500,전라남도 여천군 돌산읍죽포출장소,,,,,name_not_found,0
4675011600,전라남도 여천군 돌산읍우두출장소,,,,,name_not_found,0
4675031000,전라남도 여천군 소라면,,,,,name_not_found,0
4675032000,전라남도 여천군 율촌면,,,,,name_not_found,0
4675033000,전라남도 여천군 화양면,,,,,name_not_found,0
4675034000,전라남도 여천군 남면,,,,,name_not_found,0
4675034500,전라남도 여천군 남면연도출장소,,,,,name_not_found,0
4675034600,전라남도 여천군 남면안도출장소,,,,,name_not_found,0
4675034700,전라남도 여천군 남면화태출장소,,,,,name_not_found,0
4675035000,전라남도 여천군 화정면,,,,,name_not_found,0
4675035500,전라남도 여천군 화정면낭도출장소,,,,,name_not_found,0
4675035600,전라남도 여천군 화정면개도출장소,,,,,name_not_found,0
4675035700,전라남도 여천군 화정면여자출장소,,,,,name_not_found,0
4675036000,전라남도 여천군 삼산면,,,,,name_not_found,0
4675036500,전라남도 여천군 삼산면초도출장소,,,,,name_not_found,0
4675036600,전라남도 여천군 삼산면손죽출장소,,,,,name_not_found,0
4676000000,전라남도 승주군,,,,,name_not_found,0
4676001000,전라남도 승주군 쌍암읍,,,,,name_not_found,0
4676003000,전라남도 승주군 쌍암면,,,,,name_not_found,0
4676011000,전라남도 승주군 승주읍,,,,,name_not_found,0
4676031000,전라남도 승주군 해룡면,,,,,name_not_found,0
4676031500,전라남도 승주군 해룡면상삼출장소,,,,,name_not_found,0
4676032000,전라남도 승주군 서면,,,,,name_not_found,0
4676033000,전라남도 승주군 황전면,,,,,name_not_found,0
4676034000,전라남도 승주군 월등면,,,,,name_not_found,0
4676035000,전라남도 승주군 주암면,,,,,name_not_found,0
4676036000,전라남도 승주군 송광면,,,,,name_not_found,0
4676037000,전라남도 승주군 외서면,,,,,name_not_found,0
4676038000,전라남도 승주군 낙안면,,,,,name_not_found,0
4676039000,전라남도 승주군 별량면,,,,,name_not_found,0
4676040000,전라남도 승주군 상사면,,,,,name_not_found,0
4677000000,전라남도 고흥군,,,,,name_not_found,0
4677003000,전라남도 고흥군 고흥면,,,,,name_not_found,0
4677003500,전라남도 고흥군 도양면,,,,,name_not_found,0
4677025000,전라남도 고흥군 고흥읍,3635011,전라남도 고흥군 고흥읍,978497.0,1623529.0,matched,1
4677025300,전라남도 고흥군 도양읍,3635012,전라남도 고흥군 도양읍,966822.0,1617617.0,matched,1
4677025400,전라남도 고흥군 도양읍소록출장소,,,,,name_not_found,0
4677025500,전라남도 고흥군 도양읍시산출장소,,,,,name_not_found,0
4677029000,전라남도 고흥군 도양읍소록출장소,,,,,name_not_found,0
4677029100,전라남도 고흥군 도양읍시산출장소,,,,,name_not_found,0
4677031000,전라남도 고흥군 풍양면,3635031,전라남도 고흥군 풍양면,976174.0,1618188.0,matched,1
4677032000,전라남도 고흥군 도덕면,3635032,전라남도 고흥군 도덕면,971452.0,1617833.0,matched,1
4677033000,전라남도 고흥군 금산면,3635033,전라남도 고흥군 금산면,969531.0,1607182.0,matched,1
4677033500,전라남도 고흥군 금산면오천출장소,,,,,name_not_found,0
4677034000,전라남도 고흥군 도화면,3635034,전라남도 고흥군 도화면,984434.0,1612629.0,matched,1
4677035000,전라남도 고흥군 포두면,3635035,전라남도 고흥군 포두면,986279.0,1619602.0,matched,1
4677035500,전라남도 고흥군 포두면송산출장소,,,,,name_not_found,0
4677036000,전라남도 고흥군 봉래면,3635036,전라남도 고흥군 봉래면,1000966.0,1605566.0,matched,1
4677036500,전라남도 고흥군 봉래면내도출장소,,,,,name_not_found,0
4677037000,전라남도 고흥군 점암면,3635038,전라남도 고흥군 점암면,990860.0,1627708.0,matched,1
4677038000,전라남도 고흥군 과역면,3635040,전라남도 고흥군 과역면,988707.0,1632607.0,matched,1
4677039000,전라남도 고흥군 남양면,3635041,전라남도 고흥군 남양면,986650.0,1638553.0,matched,1
4677040000,전라남도 고흥군 동강면,3635042,전라남도 고흥군 동강면,984963.0,1644545.0,matched,1
4677041000,전라남도 고흥군 대서면,3635043,전라남도 고흥군 대서면,979978.0,1640900.0,matched,1
4677042000,전라남도 고흥군 두원면,3635044,전라남도 고흥군 두원면,979698.0,1628990.0,matched,1
4677043000,전라남도 고흥군 산내면,,,,,name_not_found,0
4677044000,전라남도 고흥군 영남면,3635039,전라남도 고흥군 영남면,995920.0,1623599.0,matched,1
4677045000,전라남도 고흥군 동일면,3635037,전라남도 고흥군 동일면,996193.0,1612833.0,matched,1
4678000000,전라남도 보성군,,,,,name_not_found,0
4678025000,전라남도 보성군 보성읍,3636011,전라남도 보성군 보성읍,960616.0,1639707.0,matched,1
4678025300,전라남도 보성군 벌교읍,3636012,전라남도 보성군 벌교읍,981937.0,1651399.0,matched,1
4678031000,전라남도 보성군 노동면,3636031,전라남도 보성군 노동면,959179.0,1646359.0,matched,1
4678032000,전라남도 보성군 미력면,3636032,전라남도 보성군 미력면,964004.0,1646070.0,matched,1
4678033000,전라남도 보성군 겸백면,3636033,전라남도 보성군 겸백면,968767.0,1647947.0,matched,1
4678034000,전라남도 보성군 율어면,3636034,전라남도 보성군 율어면,972778.0,1652400.0,matched,1
4678035000,전라남도 보성군 복내면,3636035,전라남도 보성군 복내면,965552.0,1656083.0,matched,1
4678036000,전라남도 보성군 문덕면,3636036,전라남도 보성군 문덕면,971210.0,1660431.0,matched,1
4678037000,전라남도 보성군 조성면,3636037,전라남도 보성군 조성면,976136.0,1645422.0,matched,1
4678038000,전라남도 보성군 득량면,3636038,전라남도 보성군 득량면,969632.0,1639697.0,matched,1
4678038500,전라남도 보성군 득량면예당출장소,,,,,name_not_found,0
4678039000,전라남도 보성군 회천면,3636039,전라남도 보성군 회천면,962898.0,1633177.0,matched,1
4678040000,전라남도 보성군 웅치면,3636040,전라남도 보성군 웅치면,956187.0,1634823.0,matched,1
4679000000,전라남도 화순군,,,,,name_not_found,0
4679003000,전라남도 화순군 화순면,,,,,name_not_found,0
4679025000,전라남도 화순군 화순읍,3637011,전라남도 화순군 화순읍,951059.0,1674247.0,matched,1
4679031000,전라남도 화순군 한천면,3637031,전라남도 화순군 한천면,957387.0,1664035.0,matched,1
4679031500,전라남도 화순군 한천면영외출장소,,,,,name_not_found,0
4679032000,전라남도 화순군 춘양면,3637032,전라남도 화순군 춘양면,949744.0,1660880.0,matched,1
4679033000,전라남도 화순군 청풍면,3637033,전라남도 화순군 청풍면,950083.0,1653626.0,matched,1
4679034000,전라남도 화순군 이양면,3637034,전라남도 화순군 이양면,957064.0,1655241.0,matched,1
4679034500,전라남도 화순군 이양면묵곡출장소,,,,,name_not_found,0
4679035000,전라남도 화순군 능주면,3637035,전라남도 화순군 능주면,950404.0,1667930.0,matched,1
4679036000,전라남도 화순군 도곡면,3637036,전라남도 화순군 도곡면,946211.0,1668154.0,matched,1
4679037000,전라남도 화순군 도암면,3637037,전라남도 화순군 도암면,944236.0,1657685.0,matched,1
4679037500,전라남도 화순군 도암면용강출장소,,,,,name_not_found,0
4679038000,전라남도 화순군 이서면,3637038,전라남도 화순군 이서면,960716.0,1679138.0,matched,1
4679039000,전라남도 화순군 북면,,,,,name_not_found,0
4679039500,전라남도 화순군 백아면,3637043,전라남도 화순군 백아면,967238.0,1685318.0,matched,1
4679040000,전라남도 화순군 동복면,3637040,전라남도 화순군 동복면,967858.0,1675969.0,matched,1
4679041000,전라남도 화순군 남면,,,,,name_not_found,0
4679041500,전라남도 화순군 사평면,3637044,전라남도 화순군 사평면,965759.0,1667527.0,matched,1
4679042000,전라남도 화순군 동면,3637042,전라남도 화순군 동면,958350.0,1671886.0,matched,1
4680000000,전라남도 장흥군,,,,,name_not_found,0
4680003000,전라남도 장흥군 관산면,,,,,name_not_found,0
4680003500,전라남도 장흥군 대덕면,,,,,name_not_found,0
4680025000,전라남도 장흥군 장흥읍,3638011,전라남도 장흥군 장흥읍,945491.0,1631871.0,matched,1
4680025300,전라남도 장흥군 관산읍,3638012,전라남도 장흥군 관산읍,948586.0,1617725.0,matched,1
4680025600,전라남도 장흥군 대덕읍,3638013,전라남도 장흥군 대덕읍,943145.0,1611118.0,matched,1
4680031000,전라남도 장흥군 용산면,3638031,전라남도 장흥군 용산면,947422.0,1624510.0,matched,1
4680032000,전라남도 장흥군 안양면,3638032,전라남도 장흥군 안양면,953813.0,1629444.0,matched,1
4680033000,전라남도 장흥군 장동면,3638033,전라남도 장흥군 장동면,952275.0,1639230.0,matched,1
4680034000,전라남도 장흥군 장평면,3638034,전라남도 장흥군 장평면,950883.0,1646052.0,matched,1
4680035000,전라남도 장흥군 유치면,3638035,전라남도 장흥군 유치면,941497.0,1644799.0,matched,1
4680036000,전라남도 장흥군 부산면,3638036,전라남도 장흥군 부산면,945919.0,1637740.0,matched,1
4680037000,전라남도 장흥군 회진면,3638037,전라남도 장흥군 회진면,947619.0,1609274.0,matched,1
4681000000,전라남도 강진군,,,,,name_not_found,0
4681025000,전라남도 강진군 강진읍,3639011,전라남도 강진군 강진읍,930430.0,1626468.0,matched,1
4681031000,전라남도 강진군 군동면,3639031,전라남도 강진군 군동면,937982.0,1628013.0,matched,1
4681032000,전라남도 강진군 칠량면,3639032,전라남도 강진군 칠량면,938896.0,1620733.0,matched,1
4681033000,전라남도 강진군 대구면,3639033,전라남도 강진군 대구면,937401.0,1613574.0,matched,1
4681033500,전라남도 강진군 대구면마량출장소,,,,,name_not_found,0
4681034000,전라남도 강진군 도암면,3639035,전라남도 강진군 도암면,929323.0,1619564.0,matched,1
4681035000,전라남도 강진군 신전면,3639036,전라남도 강진군 신전면,927702.0,1612123.0,matched,1
4681036000,전라남도 강진군 성전면,3639037,전라남도 강진군 성전면,927852.0,1635236.0,matched,1
4681037000,전라남도 강진군 작천면,3639038,전라남도 강진군 작천면,933199.0,1635219.0,matched,1
4681038000,전라남도 강진군 병영면,3639039,전라남도 강진군 병영면,938228.0,1635344.0,matched,1
4681039000,전라남도 강진군 옴천면,3639040,전라남도 강진군 옴천면,934737.0,1640610.0,matched,1
4681040000,전라남도 강진군 마량면,3639034,전라남도 강진군 마량면,938743.0,1609193.0,matched,1
4682000000,전라남도 해남군,,,,,name_not_found,0
4682025000,전라남도 해남군 해남읍,3640011,전라남도 해남군 해남읍,914334.0,1618616.0,matched,1
4682031000,전라남도 해남군 삼산면,3640031,전라남도 해남군 삼산면,917759.0,1613454.0,matched,1
4682032000,전라남도 해남군 화산면,3640032,전라남도 해남군 화산면,907687.0,1610174.0,matched,1
4682033000,전라남도 해남군 현산면,3640033,전라남도 해남군 현산면,914529.0,1607044.0,matched,1
4682034000,전라남도 해남군 송지면,3640034,전라남도 해남군 송지면,912891.0,1597301.0,matched,1
4682035000,전라남도 해남군 북평면,3640035,전라남도 해남군 북평면,917322.0,1599252.0,matched,1
4682036000,전라남도 해남군 북일면,3640036,전라남도 해남군 북일면,925202.0,1607921.0,matched,1
4682037000,전라남도 해남군 옥천면,3640037,전라남도 해남군 옥천면,922518.0,1619066.0,matched,1
4682038000,전라남도 해남군 계곡면,3640038,전라남도 해남군 계곡면,920931.0,1629242.0,matched,1
4682039000,전라남도 해남군 마산면,3640039,전라남도 해남군 마산면,912588.0,1626694.0,matched,1
4682040000,전라남도 해남군 황산면,3640040,전라남도 해남군 황산면,902281.0,1620404.0,matched,1
4682041000,전라남도 해남군 산이면,3640041,전라남도 해남군 산이면,901839.0,1629966.0,matched,1
4682042000,전라남도 해남군 문내면,3640042,전라남도 해남군 문내면,892678.0,1623943.0,matched,1
4682043000,전라남도 해남군 화원면,3640043,전라남도 해남군 화원면,890768.0,1632918.0,matched,1
4683000000,전라남도 영암군,,,,,name_not_found,0
4683003000,전라남도 영암군 영암면,,,,,name_not_found,0
4683025000,전라남도 영암군 영암읍,3641011,전라남도 영암군 영암읍,929085.0,1644344.0,matched,1
4683025300,전라남도 영암군 삼호읍,3641012,전라남도 영암군 삼호읍,906198.0,1640440.0,matched,1
4683025400,전라남도 영암군 삼호읍서부출장소,,,,,name_not_found,0
4683031000,전라남도 영암군 덕진면,3641031,전라남도 영암군 덕진면,927017.0,1648674.0,matched,1
4683032000,전라남도 영암군 금정면,3641032,전라남도 영암군 금정면,934347.0,1651169.0,matched,1
4683033000,전라남도 영암군 신북면,3641033,전라남도 영암군 신북면,925984.0,1655589.0,matched,1
4683034000,전라남도 영암군 시종면,3641034,전라남도 영암군 시종면,917028.0,1653120.0,matched,1
4683035000,전라남도 영암군 도포면,3641035,전라남도 영암군 도포면,921539.0,1650390.0,matched,1
4683036000,전라남도 영암군 군서면,3641036,전라남도 영암군 군서면,920344.0,1641376.0,matched,1
4683037000,전라남도 영암군 서호면,3641037,전라남도 영암군 서호면,915341.0,1642404.0,matched,1
4683038000,전라남도 영암군 학산면,3641038,전라남도 영암군 학산면,912330.0,1639377.0,matched,1
4683039000,전라남도 영암군 미암면,3641039,전라남도 영암군 미암면,913884.0,1633782.0,matched,1
4683040000,전라남도 영암군 삼호면,,,,,name_not_found,0
4683040500,전라남도 영암군 삼호면서부출장소,,,,,name_not_found,0
4684000000,전라남도 무안군,,,,,name_not_found,0
4684003000,전라남도 무안군 압해면,,,,,name_not_found,0
4684003500,전라남도 무안군 일로면,,,,,name_not_found,0
4684004000,전라남도 무안군 이로면,,,,,name_not_found,0
4684004500,전라남도 무안군 지도면,,,,,name_not_found,0
4684005000,전라남도 무안군 추자면,,,,,name_not_found,0
4684005500,전라남도 무안군 자은면,,,,,name_not_found,0
4684006000,전라남도 무안군 비금면,,,,,name_not_found,0
4684006500,전라남도 무안군 도초면,,,,,name_not_found,0
4684007000,전라남도 무안군 흑산면,,,,,name_not_found,0
4684007500,전라남도 무안군 하의면,,,,,name_not_found,0
4684008000,전라남도 무안군 장산면,,,,,name_not_found,0
4684008500,전라남도 무안군 안좌면,,,,,name_not_found,0
4684009000,전라남도 무안군 암태면,,,,,name_not_found,0
4684009500,전라남도 무안군 무안면,,,,,name_not_found,0
4684025000,전라남도 무안군 무안읍,3642011,전라남도 무안군 무안읍,906120.0,1666873.0,matched,1
4684025300,전라남도 무안군 일로읍,3642012,전라남도 무안군 일로읍,909361.0,1649240.0,matched,1
4684025600,전라남도 무안군 삼향읍,3642013,전라남도 무안군 삼향읍,903230.0,1651709.0,matched,1
4684025800,전라남도 무안군 삼향읍남악출장소,,,,,name_not_found,0
4684031000,전라남도 무안군 삼향면,,,,,name_not_found,0
4684031500,전라남도 무안군 남악신도시출장소,,,,,name_not_found,0
4684031700,전라남도 무안군 삼향면남악출장소,,,,,name_not_found,0
4684032000,전라남도 무안군 몽탄면,3642032,전라남도 무안군 몽탄면,908679.0,1659189.0,matched,1
4684033000,전라남도 무안군 청계면,3642033,전라남도 무안군 청계면,901732.0,1660615.0,matched,1
4684034000,전라남도 무안군 현경면,3642034,전라남도 무안군 현경면,899101.0,1671620.0,matched,1
4684035000,전라남도 무안군 망운면,3642035,전라남도 무안군 망운면,897705.0,1667932.0,matched,1
4684036000,전라남도 무안군 해제면,3642036,전라남도 무안군 해제면,890475.0,1679105.0,matched,1
4684037000,전라남도 무안군 운남면,3642037,전라남도 무안군 운남면,894236.0,1661971.0,matched,1
4685000000,전라남도 나주군,,,,,name_not_found,0
4685001000,전라남도 나주군 나주읍,,,,,name_not_found,0
4685001500,전라남도 나주군 영산포읍,,,,,name_not_found,0
4685031000,전라남도 나주군 세지면,,,,,name_not_found,0
4685032000,전라남도 나주군 왕곡면,,,,,name_not_found,0
4685033000,전라남도 나주군 반남면,,,,,name_not_found,0
4685034000,전라남도 나주군 공산면,,,,,name_not_found,0
4685035000,전라남도 나주군 동강면,,,,,name_not_found,0
4685036000,전라남도 나주군 다시면,,,,,name_not_found,0
4685037000,전라남도 나주군 문평면,,,,,name_not_found,0
4685038000,전라남도 나주군 노안면,,,,,name_not_found,0
4685039000,전라남도 나주군 금천면,,,,,name_not_found,0
4685040000,전라남도 나주군 산포면,,,,,name_not_found,0
4685041000,전라남도 나주군 남평면,,,,,name_not_found,0
4685042000,전라남도 나주군 다도면,,,,,name_not_found,0
4685042500,전라남도 나주군 다도면다도출장소,,,,,name_not_found,0
4685043000,전라남도 나주군 봉황면,,,,,name_not_found,0
4685043500,전라남도 나주군 봉황면남부출장소,,,,,name_not_found,0
4686000000,전라남도 함평군,,,,,name_not_found,0
4686003000,전라남도 함평군 함평면,,,,,name_not_found,0
4686025000,전라남도 함평군 함평읍,3643011,전라남도 함평군 함평읍,907786.0,1675232.0,matched,1
4686031000,전라남도 함평군 손불면,3643031,전라남도 함평군 손불면,902697.0,1683433.0,matched,1
4686032000,전라남도 함평군 신광면,3643032,전라남도 함평군 신광면,907814.0,1685744.0,matched,1
4686033000,전라남도 함평군 학교면,3643033,전라남도 함평군 학교면,914389.0,1669927.0,matched,1
4686034000,전라남도 함평군 엄다면,3643034,전라남도 함평군 엄다면,910043.0,1669170.0,matched,1
4686035000,전라남도 함평군 대동면,3643035,전라남도 함평군 대동면,912459.0,1678744.0,matched,1
4686036000,전라남도 함평군 나산면,3643036,전라남도 함평군 나산면,918416.0,1681115.0,matched,1
4686037000,전라남도 함평군 해보면,3643037,전라남도 함평군 해보면,915861.0,1686461.0,matched,1
4686038000,전라남도 함평군 월야면,3643038,전라남도 함평군 월야면,920460.0,1688782.0,matched,1
4687000000,전라남도 영광군,,,,,name_not_found,0
4687003000,전라남도 영광군 홍농면,,,,,name_not_found,0
4687003500,전라남도 영광군 백수면,,,,,name_not_found,0
4687025000,전라남도 영광군 영광읍,3644011,전라남도 영광군 영광읍,909594.0,1700373.0,matched,1
4687025300,전라남도 영광군 백수읍,3644012,전라남도 영광군 백수읍,900947.0,1702246.0,matched,1
4687025600,전라남도 영광군 홍농읍,3644013,전라남도 영광군 홍농읍,904160.0,1712274.0,matched,1
4687031000,전라남도 영광군 대마면,3644031,전라남도 영광군 대마면,917413.0,1700834.0,matched,1
4687032000,전라남도 영광군 묘량면,3644032,전라남도 영광군 묘량면,914420.0,1694669.0,matched,1
4687033000,전라남도 영광군 불갑면,3644033,전라남도 영광군 불갑면,910079.0,1690840.0,matched,1
4687034000,전라남도 영광군 군서면,3644034,전라남도 영광군 군서면,906299.0,1696983.0,matched,1
4687035000,전라남도 영광군 군남면,3644035,전라남도 영광군 군남면,903424.0,1692594.0,matched,1
4687036000,전라남도 영광군 염산면,3644036,전라남도 영광군 염산면,897374.0,1693514.0,matched,1
4687037000,전라남도 영광군 법성면,3644037,전라남도 영광군 법성면,906535.0,1706917.0,matched,1
4687038000,전라남도 영광군 낙월면,3644038,전라남도 영광군 낙월면,876608.0,1699805.0,matched,1
4687038500,전라남도 영광군 낙월면안마출장소,,,,,name_not_found,0
4688000000,전라남도 장성군,,,,,name_not_found,0
4688003000,전라남도 장성군 북상면,,,,,name_not_found,0
4688025000,전라남도 장성군 장성읍,3645011,전라남도 장성군 장성읍,937823.0,1703651.0,matched,1
4688031000,전라남도 장성군 진원면,3645031,전라남도 장성군 진원면,940070.0,1697220.0,matched,1
4688032000,전라남도 장성군 남면,3645032,전라남도 장성군 남면,936177.0,1694463.0,matched,1
4688033000,전라남도 장성군 동화면,3645033,전라남도 장성군 동화면,928963.0,1696826.0,matched,1
4688034000,전라남도 장성군 삼서면,3645034,전라남도 장성군 삼서면,922074.0,1693351.0,matched,1
4688035000,전라남도 장성군 삼계면,3645035,전라남도 장성군 삼계면,924058.0,1699214.0,matched,1
4688036000,전라남도 장성군 황룡면,3645036,전라남도 장성군 황룡면,930137.0,1701650.0,matched,1
4688037000,전라남도 장성군 서삼면,3645037,전라남도 장성군 서삼면,931984.0,1706267.0,matched,1
4688038000,전라남도 장성군 북일면,3645038,전라남도 장성군 북일면,934364.0,1710319.0,matched,1
4688039000,전라남도 장성군 북이면,3645039,전라남도 장성군 북이면,936074.0,1715334.0,matched,1
4688040000,전라남도 장성군 북하면,3645040,전라남도 장성군 북하면,942702.0,1712569.0,matched,1
4689000000,전라남도 완도군,,,,,name_not_found,0
4689003000,전라남도 완도군 금일면,,,,,name_not_found,0
4689003500,전라남도 완도군 노화면,,,,,name_not_found,0
4689012500,전라남도 완도군 금일읍생일출장소,,,,,name_not_found,0
4689025000,전라남도 완도군 완도읍,3646011,전라남도 완도군 완도읍,927850.0,1593740.0,matched,1
4689025300,전라남도 완도군 금일읍,3646012,전라남도 완도군 금일읍,958245.0,1595132.0,matched,1
4689025600,전라남도 완도군 노화읍,3646013,전라남도 완도군 노화읍,915958.0,1579166.0,matched,1
4689025700,전라남도 완도군 노화면넙도출장소,,,,,name_not_found,0
4689029000,전라남도 완도군 노화읍넙도출장소,,,,,name_not_found,0
4689031000,전라남도 완도군 군외면,3646031,전라남도 완도군 군외면,923632.0,1597844.0,matched,1
4689032000,전라남도 완도군 신지면,3646032,전라남도 완도군 신지면,940609.0,1593559.0,matched,1
4689033000,전라남도 완도군 고금면,3646033,전라남도 완도군 고금면,936431.0,1601796.0,matched,1
4689034000,전라남도 완도군 약산면,3646034,전라남도 완도군 약산면,945889.0,1598701.0,matched,1
4689035000,전라남도 완도군 청산면,3646035,전라남도 완도군 청산면,943926.0,1576973.0,matched,1
4689035500,전라남도 완도군 청산면모도출장소,,,,,name_not_found,0
4689036000,전라남도 완도군 소안면,3646036,전라남도 완도군 소안면,922254.0,1574055.0,matched,1
4689037000,전라남도 완도군 금당면,3646037,전라남도 완도군 금당면,959112.0,1605328.0,matched,1
4689038000,전라남도 완도군 보길면,3646038,전라남도 완도군 보길면,911583.0,1573830.0,matched,1
4689039000,전라남도 완도군 생일면,3646039,전라남도 완도군 생일면,952779.0,1592391.0,matched,1
4690000000,전라남도 진도군,,,,,name_not_found,0
4690003000,전라남도 진도군 진도면,,,,,name_not_found,0
4690025000,전라남도 진도군 진도읍,3647011,전라남도 진도군 진도읍,883968.0,1611517.0,matched,1
4690031000,전라남도 진도군 군내면,3647031,전라남도 진도군 군내면,888300.0,1616554.0,matched,1
4690032000,전라남도 진도군 고군면,3647032,전라남도 진도군 고군면,893880.0,1610085.0,matched,1
4690033000,전라남도 진도군 의신면,3647033,전라남도 진도군 의신면,888236.0,1605719.0,matched,1
4690034000,전라남도 진도군 임회면,3647034,전라남도 진도군 임회면,882163.0,1601900.0,matched,1
4690035000,전라남도 진도군 지산면,3647035,전라남도 진도군 지산면,877540.0,1606344.0,matched,1
4690036000,전라남도 진도군 조도면,3647036,전라남도 진도군 조도면,866323.0,1590181.0,matched,1
4690036500,전라남도 진도군 조도면가사출장소,,,,,name_not_found,0
4690036600,전라남도 진도군 조도면거차출장소,,,,,name_not_found,0
4691000000,전라남도 신안군,,,,,name_not_found,0
4691003000,전라남도 신안군 지도면,,,,,name_not_found,0
4691025000,전라남도 신안군 지도읍,3648011,전라남도 신안군 지도읍,884612.0,1675120.0,matched,1
4691025100,전라남도 신안군 지도읍선도출장소,,,,,name_not_found,0
4691025300,전라남도 신안군 압해읍,3648012,전라남도 신안군 압해읍,890461.0,1653962.0,matched,1
4691025400,전라남도 신안군 압해읍매화출장소,,,,,name_not_found,0
4691025500,전라남도 신안군 압해읍고이도출장소,,,,,name_not_found,0
4691029000,전라남도 신안군 지도읍선도출장소,,,,,name_not_found,0
4691031000,전라남도 신안군 증도면,3648031,전라남도 신안군 증도면,877366.0,1667388.0,matched,1
4691031500,전라남도 신안군 증도면병풍출장소,,,,,name_not_found,0
4691032000,전라남도 신안군 임자면,3648032,전라남도 신안군 임자면,870894.0,1678448.0,matched,1
4691033000,전라남도 신안군 자은면,3648033,전라남도 신안군 자은면,867247.0,1656031.0,matched,1
4691034000,전라남도 신안군 비금면,3648034,전라남도 신안군 비금면,857635.0,1643093.0,matched,1
4691035000,전라남도 신안군 도초면,3648035,전라남도 신안군 도초면,859184.0,1634586.0,matched,1
4691035500,전라남도 신안군 도초면우이도출장소,,,,,name_not_found,0
4691036000,전라남도 신안군 흑산면,3648036,전라남도 신안군 흑산면,808589.0,1631642.0,matched,1
4691036500,전라남도 신안군 흑산면가거도출장소,,,,,name_not_found,0
4691036600,전라남도 신안군 흑산면태도출장소,,,,,name_not_found,0
4691036700,전라남도 신안군 흑산면홍도출장소,,,,,name_not_found,0
4691036800,전라남도 신안군 흑산면대둔도출장소,,,,,name_not_found,0
4691037000,전라남도 신안군 하의면,3648037,전라남도 신안군 하의면,865520.0,1624300.0,matched,1
4691038000,전라남도 신안군 신의면,3648038,전라남도 신안군 신의면,870015.0,1623895.0,matched,1
4691039000,전라남도 신안군 장산면,3648039,전라남도 신안군 장산면,876182.0,1628492.0,matched,1
4691040000,전라남도 신안군 안좌면,3648040,전라남도 신안군 안좌면,873996.0,1639521.0,matched,1
4691040500,전라남도 신안군 안좌면자라출장소,,,,,name_not_found,0
4691041000,전라남도 신안군 팔금면,3648041,전라남도 신안군 팔금면,875799.0,1644236.0,matched,1
4691042000,전라남도 신안군 암태면,3648042,전라남도 신안군 암태면,872566.0,1650562.0,matched,1
4691043000,전라남도 신안군 압해면,,,,,name_not_found,0
4691043500,전라남도 신안군 압해면매화출장소,,,,,name_not_found,0
4691043600,전라남도 신안군 압해면고이도출장소,,,,,name_not_found,0
4700000000,경상북도,,,,,name_not_found,0
4701000000,경상북도 대구시,,,,,name_not_found,0
4701100000,경상북도 대구시 중구,,,,,name_not_found,0
4701200000,경상북도 대구시 동구,,,,,name_not_found,0
4701300000,경상북도 대구시 서구,,,,,name_not_found,0
4701400000,경상북도 대구시 남구,,,,,name_not_found,0
4701500000,경상북도 대구시 북구,,,,,name_not_found,0
4701600000,경상북도 대구시 수성구,,,,,name_not_found,0
4702000000,경상북도 신안동시,,,,,name_not_found,0
4705000000,경상북도 영주군,,,,,name_not_found,0
4705001000,경상북도 영주군 풍기읍,,,,,name_not_found,0
4705001500,경상북도 영주군 영주읍,,,,,name_not_found,0
4705003000,경상북도 영주군 이산면,,,,,name_not_found,0
4705003500,경상북도 영주군 평은면,,,,,name_not_found,0
4705004000,경상북도 영주군 문수면,,,,,name_not_found,0
4705004500,경상북도 영주군 장수면,,,,,name_not_found,0
4705005000,경상북도 영주군 안정면,,,,,name_not_found,0
4705005500,경상북도 영주군 봉현면,,,,,name_not_found,0
4705006000,경상북도 영주군 순흥면,,,,,name_not_found,0
4705006500,경상북도 영주군 단산면,,,,,name_not_found,0
4705007000,경상북도 영주군 부석면,,,,,name_not_found,0
4705007500,경상북도 영주군 풍기면,,,,,name_not_found,0
4711000000,경상북도 포항시,,,,,name_not_found,0
4711051000,경상북도 포항시 대흥동,,,,,name_not_found,0
4711052000,경상북도 포항시 중앙동,,,,,name_not_found,0
4711053000,경상북도 포항시 덕수동,,,,,name_not_found,0
4711054000,경상북도 포항시 대신동,,,,,name_not_found,0
4711055000,경상북도 포항시 동빈동,,,,,name_not_found,0
4711056000,경상북도 포항시 학산동,,,,,name_not_found,0
4711057000,경상북도 포항시 항구동,,,,,name_not_found,0
4711058000,경상북도 포항시 상대1동,,,,,name_not_found,0
4711059000,경상북도 포항시 상대2동,,,,,name_not_found,0
4711060000,경상북도 포항시 해도1동,,,,,name_not_found,0
4711061000,경상북도 포항시 해도2동,,,,,name_not_found,0
4711062000,경상북도 포항시 송도동,,,,,name_not_found,0
4711063000,경상북도 포항시 양학동,,,,,name_not_found,0
4711064000,경상북도 포항시 죽도1동,,,,,name_not_found,0
4711065000,경상북도 포항시 죽도2동,,,,,name_not_found,0
4711066000,경상북도 포항시 용흥1동,,,,,name_not_found,0
4711067000,경상북도 포항시 용흥2동,,,,,name_not_found,0
4711068000,경상북도 포항시 우창동,,,,,name_not_found,0
4711069000,경상북도 포항시 두호동,,,,,name_not_found,0
4711070000,경상북도 포항시 장량동,,,,,name_not_found,0
4711071000,경상북도 포항시 환여동,,,,,name_not_found,0
4711072000,경상북도 포항시 청림동,,,,,name_not_found,0
4711073000,경상북도 포항시 제철동,,,,,name_not_found,0
4711074000,경상북도 포항시 효곡동,,,,,name_not_found,0
4711075000,경상북도 포항시 대이동,,,,,name_not_found,0
4711100000,경상북도 포항시 남구,,,,,name_not_found,0
4711125000,경상북도 포항시 남구 구룡포읍,3701111,경상북도 포항시 남구 구룡포읍,1183500.0,1778428.0,matched,1
4711125300,경상북도 포항시 남구 연일읍,3701112,경상북도 포항시 남구 연일읍,1163725.0,1780102.0,matched,1
4711125600,경상북도 포항시 남구 오천읍,3701113,경상북도 포항시 남구 오천읍,1171111.0,1770765.0,matched,1
4711131000,경상북도 포항시 남구 대송면,3701131,경상북도 포항시 남구 대송면,1167123.0,1773581.0,matched,1
4711132000,경상북도 포항시 남구 동해면,3701132,경상북도 포항시 남구 동해면,1179068.0,1779704.0,matched,1
4711133000,경상북도 포항시 남구 장기면,3701133,경상북도 포항시 남구 장기면,1178392.0,1769091.0,matched,1
4711134000,경상북도 포항시 남구 대보면,,,,,name_not_found,0
4711135000,경상북도 포항시 남구 호미곶면,3701135,경상북도 포항시 남구 호미곶면,1185135.0,1785957.0,matched,1
4711151000,경상북도 포항시 남구 상대1동,,,,,name_not_found,0
4711152000,경상북도 포항시 남구 상대2동,,,,,name_not_found,0
4711152500,경상북도 포항시 남구 상대동,3701160,경상북도 포항시 남구 상대동,1167415.0,1781070.0,matched,1
4711153000,경상북도 포항시 남구 해도1동,,,,,name_not_found,0
4711154000,경상북도 포항시 남구 해도2동,,,,,name_not_found,0
4711154500,경상북도 포항시 남구 해도동,3701161,경상북도 포항시 남구 해도동,1168618.0,1781942.0,matched,1
4711155000,경상북도 포항시 남구 송도동,3701155,경상북도 포항시 남구 송도동,1169091.0,1783620.0,matched,1
4711156000,경상북도 포항시 남구 청림동,3701156,경상북도 포항시 남구 청림동,1172699.0,1779327.0,matched,1
4711157000,경상북도 포항시 남구 제철동,3701157,경상북도 포항시 남구 제철동,1169723.0,1780074.0,matched,1
4711158000,경상북도 포항시 남구 효곡동,3701158,경상북도 포항시 남구 효곡동,1164386.0,1781891.0,matched,1
4711159000,경상북도 포항시 남구 대이동,3701159,경상북도 포항시 남구 대이동,1165528.0,1782518.0,matched,1
4711300000,경상북도 포항시 북구,,,,,name_not_found,0
4711325000,경상북도 포항시 북구 흥해읍,3701211,경상북도 포항시 북구 흥해읍,1166910.0,1792066.0,matched,1
4711331000,경상북도 포항시 북구 신광면,3701231,경상북도 포항시 북구 신광면,1157880.0,1795866.0,matched,1
4711332000,경상북도 포항시 북구 청하면,3701232,경상북도 포항시 북구 청하면,1164029.0,1800991.0,matched,1
4711333000,경상북도 포항시 북구 송라면,3701233,경상북도 포항시 북구 송라면,1163630.0,1806817.0,matched,1
4711334000,경상북도 포항시 북구 기계면,3701234,경상북도 포항시 북구 기계면,1151100.0,1789132.0,matched,1
4711335000,경상북도 포항시 북구 죽장면,3701235,경상북도 포항시 북구 죽장면,1147485.0,1803221.0,matched,1
4711335500,경상북도 포항시 북구 죽장면상옥출장소,,,,,name_not_found,0
4711336000,경상북도 포항시 북구 기북면,3701236,경상북도 포항시 북구 기북면,1151451.0,1796234.0,matched,1
4711351000,경상북도 포항시 북구 대흥동,,,,,name_not_found,0
4711352000,경상북도 포항시 북구 중앙동,3701267,경상북도 포항시 북구 중앙동,1168070.0,1784938.0,matched,1
4711353000,경상북도 포항시 북구 덕수동,,,,,name_not_found,0
4711354000,경상북도 포항시 북구 대신동,,,,,name_not_found,0
4711355000,경상북도 포항시 북구 동빈동,,,,,name_not_found,0
4711356000,경상북도 포항시 북구 학산동,,,,,name_not_found,0
4711357000,경상북도 포항시 북구 항구동,,,,,name_not_found,0
4711363000,경상북도 포항시 북구 양학동,3701258,경상북도 포항시 북구 양학동,1166113.0,1783345.0,matched,1
4711364000,경상북도 포항시 북구 죽도1동,,,,,name_not_found,0
4711365000,경상북도 포항시 북구 죽도2동,,,,,name_not_found,0
4711365500,경상북도 포항시 북구 죽도동,3701268,경상북도 포항시 북구 죽도동,1167444.0,1782623.0,matched,1
4711366000,경상북도 포항시 북구 용흥1동,,,,,name_not_found,0
4711366500,경상북도 포항시 북구 용흥동,3701261,경상북도 포항시 북구 용흥동,1166634.0,1784354.0,matched,1
4711367000,경상북도 포항시 북구 용흥2동,,,,,name_not_found,0
4711368000,경상북도 포항시 북구 우창동,3701263,경상북도 포항시 북구 우창동,1167262.0,1786663.0,matched,1
4711369000,경상북도 포항시 북구 두호동,3701264,경상북도 포항시 북구 두호동,1169714.0,1787105.0,matched,1
4711370000,경상북도 포항시 북구 장량동,3701265,경상북도 포항시 북구 장량동,1169529.0,1789027.0,matched,1
4711371000,경상북도 포항시 북구 환여동,3701266,경상북도 포항시 북구 환여동,1171559.0,1788160.0,matched,1
4713000000,경상북도 경주시,,,,,name_not_found,0
4713025000,경상북도 경주시 감포읍,3702011,경상북도 경주시 감포읍,1178779.0,1758432.0,matched,1
4713025300,경상북도 경주시 안강읍,3702012,경상북도 경주시 안강읍,1151842.0,1777380.0,matched,1
4713025600,경상북도 경주시 건천읍,3702013,경상북도 경주시 건천읍,1144810.0,1760651.0,matched,1
4713025900,경상북도 경주시 외동읍,3702014,경상북도 경주시 외동읍,1164034.0,1747731.0,matched,1
4713031000,경상북도 경주시 양북면,,,,,name_not_found,0
4713031500,경상북도 경주시 문무대왕면,3702039,경상북도 경주시 문무대왕면,1172959.0,1757469.0,matched,1
4713032000,경상북도 경주시 양남면,3702032,경상북도 경주시 양남면,1174168.0,1747432.0,matched,1
4713033000,경상북도 경주시 내남면,3702033,경상북도 경주시 내남면,1151429.0,1751436.0,matched,1
4713034000,경상북도 경주시 산내면,3702034,경상북도 경주시 산내면,1139000.0,1751403.0,matched,1
4713035000,경상북도 경주시 서면,3702035,경상북도 경주시 서면,1141299.0,1767812.0,matched,1
4713036000,경상북도 경주시 현곡면,3702036,경상북도 경주시 현곡면,1150712.0,1767976.0,matched,1
4713037000,경상북도 경주시 강동면,3702037,경상북도 경주시 강동면,1159746.0,1779068.0,matched,1
4713038000,경상북도 경주시 천북면,3702038,경상북도 경주시 천북면,1160337.0,1768966.0,matched,1
4713051000,경상북도 경주시 성내동,,,,,name_not_found,0
4713051500,경상북도 경주시 중부동,3702051,경상북도 경주시 중부동,1154318.0,1762169.0,matched,1
4713052000,경상북도 경주시 성동동,,,,,name_not_found,0
4713053000,경상북도 경주시 황오동,3702068,경상북도 경주시 황오동,1155279.0,1762278.0,matched,1
4713054000,경상북도 경주시 중앙동,,,,,name_not_found,0
4713055000,경상북도 경주시 성건동,3702055,경상북도 경주시 성건동,1152891.0,1763617.0,matched,1
4713056000,경상북도 경주시 탑정동,,,,,name_not_found,0
4713057000,경상북도 경주시 황남동,3702069,경상북도 경주시 황남동,1153432.0,1758240.0,matched,1
4713058000,경상북도 경주시 인교동,,,,,name_not_found,0
4713059000,경상북도 경주시 선도동,3702059,경상북도 경주시 선도동,1150347.0,1761425.0,matched,1
4713060000,경상북도 경주시 도동동,,,,,name_not_found,0
4713060500,경상북도 경주시 월성동,3702058,경상북도 경주시 월성동,1157784.0,1758503.0,matched,1
4713061000,경상북도 경주시 보황동,,,,,name_not_found,0
4713061500,경상북도 경주시 용강동,3702062,경상북도 경주시 용강동,1156384.0,1765298.0,matched,1
4713062000,경상북도 경주시 용황동,,,,,name_not_found,0
4713062100,경상북도 경주시 황성동,3702063,경상북도 경주시 황성동,1154862.0,1764938.0,matched,1
4713063000,경상북도 경주시 동천동,3702064,경상북도 경주시 동천동,1156879.0,1762982.0,matched,1
4713064000,경상북도 경주시 정래동,,,,,name_not_found,0
4713065000,경상북도 경주시 불국동,3702066,경상북도 경주시 불국동,1162513.0,1755453.0,matched,1
4713066000,경상북도 경주시 보덕동,3702067,경상북도 경주시 보덕동,1164219.0,1762623.0,matched,1
4715000000,경상북도 김천시,,,,,name_not_found,0
4715025000,경상북도 김천시 아포읍,3703011,경상북도 김천시 아포읍,1067452.0,1795645.0,matched,1
4715031000,경상북도 김천시 농소면,3703031,경상북도 김천시 농소면,1061601.0,1787076.0,matched,1
4715032000,경상북도 김천시 남면,3703032,경상북도 김천시 남면,1066640.0,1788974.0,matched,1
4715033000,경상북도 김천시 아포면,,,,,name_not_found,0
4715034000,경상북도 김천시 개령면,3703033,경상북도 김천시 개령면,1061283.0,1797606.0,matched,1
4715035000,경상북도 김천시 감문면,3703034,경상북도 김천시 감문면,1060387.0,1802904.0,matched,1
4715036000,경상북도 김천시 어모면,3703035,경상북도 김천시 어모면,1053522.0,1800819.0,matched,1
4715037000,경상북도 김천시 봉산면,3703036,경상북도 김천시 봉산면,1047732.0,1797177.0,matched,1
4715038000,경상북도 김천시 대항면,3703037,경상북도 김천시 대항면,1045719.0,1789407.0,matched,1
4715039000,경상북도 김천시 감천면,3703038,경상북도 김천시 감천면,1057641.0,1785087.0,matched,1
4715040000,경상북도 김천시 조마면,3703039,경상북도 김천시 조마면,1055709.0,1779399.0,matched,1
4715041000,경상북도 김천시 구성면,3703040,경상북도 김천시 구성면,1047816.0,1782972.0,matched,1
4715042000,경상북도 김천시 지례면,3703041,경상북도 김천시 지례면,1049281.0,1774400.0,matched,1
4715043000,경상북도 김천시 부항면,3703042,경상북도 김천시 부항면,1039260.0,1778284.0,matched,1
4715043500,경상북도 김천시 부항면유촌출장소,,,,,name_not_found,0
4715044000,경상북도 김천시 대덕면,3703043,경상북도 김천시 대덕면,1040555.0,1768818.0,matched,1
4715045000,경상북도 김천시 증산면,3703044,경상북도 김천시 증산면,1047869.0,1764838.0,matched,1
4715051000,경상북도 김천시 용호동,,,,,name_not_found,0
4715051500,경상북도 김천시 용암동,,,,,name_not_found,0
4715051600,경상북도 김천시 자산동,3703060,경상북도 김천시 자산동,1056172.0,1792056.0,matched,1
4715052000,경상북도 김천시 모암동,,,,,name_not_found,0
4715053000,경상북도 김천시 성내동,,,,,name_not_found,0
4715053500,경상북도 김천시 성남동,,,,,name_not_found,0
4715053600,경상북도 김천시 평화남산동,3703061,경상북도 김천시 평화남산동,1055233.0,1791774.0,matched,1
4715054000,경상북도 김천시 평화동,,,,,name_not_found,0
4715055000,경상북도 김천시 남산동,,,,,name_not_found,0
4715056000,경상북도 김천시 황금동,,,,,name_not_found,0
4715056500,경상북도 김천시 양금동,3703055,경상북도 김천시 양금동,1054758.0,1789088.0,matched,1
4715057000,경상북도 김천시 신음동,,,,,name_not_found,0
4715057500,경상북도 김천시 대신동,3703056,경상북도 김천시 대신동,1054777.0,1794424.0,matched,1
4715058000,경상북도 김천시 금산동,,,,,name_not_found,0
4715059000,경상북도 김천시 미곡동,,,,,name_not_found,0
4715059500,경상북도 김천시 대곡동,3703058,경상북도 김천시 대곡동,1052373.0,1791096.0,matched,1
4715060000,경상북도 김천시 부곡동,,,,,name_not_found,0
4715061000,경상북도 김천시 지좌동,3703059,경상북도 김천시 지좌동,1057980.0,1791252.0,matched,1
4715062000,경상북도 김천시 대응동,,,,,name_not_found,0
4715063000,경상북도 김천시 양천동,,,,,name_not_found,0
4715064000,경상북도 김천시 율곡동,3703062,경상북도 김천시 율곡동,1061773.0,1792167.0,matched,1
4717000000,경상북도 안동시,,,,,name_not_found,0
4717025000,경상북도 안동시 풍산읍,3704011,경상북도 안동시 풍산읍,1097072.0,1844566.0,matched,1
4717031000,경상북도 안동시 와룡면,3704031,경상북도 안동시 와룡면,1115568.0,1848828.0,matched,1
4717032000,경상북도 안동시 북후면,3704032,경상북도 안동시 북후면,1105058.0,1854028.0,matched,1
4717033000,경상북도 안동시 서후면,3704033,경상북도 안동시 서후면,1103385.0,1848437.0,matched,1
4717034000,경상북도 안동시 풍천면,3704034,경상북도 안동시 풍천면,1090945.0,1836922.0,matched,1
4717034500,경상북도 안동시 풍천면어담출장소,,,,,name_not_found,0
4717035000,경상북도 안동시 일직면,3704035,경상북도 안동시 일직면,1101943.0,1830251.0,matched,1
4717036000,경상북도 안동시 남후면,3704036,경상북도 안동시 남후면,1100764.0,1837356.0,matched,1
4717037000,경상북도 안동시 남선면,3704037,경상북도 안동시 남선면,1112234.0,1835189.0,matched,1
4717038000,경상북도 안동시 임하면,3704038,경상북도 안동시 임하면,1120615.0,1835598.0,matched,1
4717039000,경상북도 안동시 길안면,3704039,경상북도 안동시 길안면,1126920.0,1824877.0,matched,1
4717040000,경상북도 안동시 임동면,3704040,경상북도 안동시 임동면,1128835.0,1843315.0,matched,1
4717041000,경상북도 안동시 예안면,3704041,경상북도 안동시 예안면,1126206.0,1854957.0,matched,1
4717041500,경상북도 안동시 예안면삼계출장소,,,,,name_not_found,0
4717042000,경상북도 안동시 도산면,3704042,경상북도 안동시 도산면,1120220.0,1861946.0,matched,1
4717042500,경상북도 안동시 도산면서부출장소,,,,,name_not_found,0
4717043000,경상북도 안동시 녹전면,3704043,경상북도 안동시 녹전면,1113241.0,1862106.0,matched,1
4717051000,경상북도 안동시 중구동,3704051,경상북도 안동시 중구동,1110620.0,1841688.0,matched,1
4717052000,경상북도 안동시 명륜동,3704052,경상북도 안동시 명륜동,1110819.0,1843489.0,matched,1
4717053000,경상북도 안동시 옥율동,,,,,name_not_found,0
4717053500,경상북도 안동시 동구동,,,,,name_not_found,0
4717054000,경상북도 안동시 신흥동,,,,,name_not_found,0
4717055000,경상북도 안동시 용성동,,,,,name_not_found,0
4717055500,경상북도 안동시 용상동,3704054,경상북도 안동시 용상동,1115142.0,1841188.0,matched,1
4717056000,경상북도 안동시 동남동,,,,,name_not_found,0
4717057000,경상북도 안동시 대흥동,,,,,name_not_found,0
4717058000,경상북도 안동시 대신동,,,,,name_not_found,0
4717058500,경상북도 안동시 서구동,3704062,경상북도 안동시 서구동,1109293.0,1841483.0,matched,1
4717059000,경상북도 안동시 당북동,,,,,name_not_found,0
4717060000,경상북도 안동시 태화동,3704056,경상북도 안동시 태화동,1108156.0,1840984.0,matched,1
4717061000,경상북도 안동시 법상동,,,,,name_not_found,0
4717062000,경상북도 안동시 평화동,3704058,경상북도 안동시 평화동,1108486.0,1842328.0,matched,1
4717063000,경상북도 안동시 안기동,3704059,경상북도 안동시 안기동,1108542.0,1844699.0,matched,1
4717064000,경상북도 안동시 안막동,,,,,name_not_found,0
4717065000,경상북도 안동시 옥동,3704060,경상북도 안동시 옥동,1106640.0,1840767.0,matched,1
4717066000,경상북도 안동시 송하동,3704061,경상북도 안동시 송하동,1106408.0,1843143.0,matched,1
4717067000,경상북도 안동시 송천동,,,,,name_not_found,0
4717068000,경상북도 안동시 강남동,3704063,경상북도 안동시 강남동,1109020.0,1839116.0,matched,1
4717069000,경상북도 안동시 강남동,3704063,경상북도 안동시 강남동,1109020.0,1839116.0,matched,1
4719000000,경상북도 구미시,,,,,name_not_found,0
4719025000,경상북도 구미시 선산읍,3705011,경상북도 구미시 선산읍,1071225.0,1805321.0,matched,1
4719025300,경상북도 구미시 고아읍,3705012,경상북도 구미시 고아읍,1074500.0,1798881.0,matched,1
4719025600,경상북도 구미시 산동읍,3705013,경상북도 구미시 산동읍,1085798.0,1798439.0,matched,1
4719031000,경상북도 구미시 무을면,3705031,경상북도 구미시 무을면,1061838.0,1808018.0,matched,1
4719032000,경상북도 구미시 옥성면,3705032,경상북도 구미시 옥성면,1068331.0,1812074.0,matched,1
4719033000,경상북도 구미시 도개면,3705033,경상북도 구미시 도개면,1076623.0,1812238.0,matched,1
4719034000,경상북도 구미시 해평면,3705034,경상북도 구미시 해평면,1080046.0,1803051.0,matched,1
4719035000,경상북도 구미시 산동면,,,,,name_not_found,0
4719036000,경상북도 구미시 장천면,3705036,경상북도 구미시 장천면,1091218.0,1795038.0,matched,1
4719037000,경상북도 구미시 고아면,,,,,name_not_found,0
4719051000,경상북도 구미시 송정동,3705051,경상북도 구미시 송정동,1076262.0,1791557.0,matched,1
4719052000,경상북도 구미시 원평1동,,,,,name_not_found,0
4719053000,경상북도 구미시 원평2동,,,,,name_not_found,0
4719053500,경상북도 구미시 원평동,3705075,경상북도 구미시 원평동,1075620.0,1792640.0,matched,1
4719054000,경상북도 구미시 원평3동,,,,,name_not_found,0
4719055000,경상북도 구미시 도산동,,,,,name_not_found,0
4719055100,경상북도 구미시 도량동,3705055,경상북도 구미시 도량동,1074449.0,1794191.0,matched,1
4719055500,경상북도 구미시 지산동,3705056,경상북도 구미시 지산동,1076956.0,1793600.0,matched,1
4719056000,경상북도 구미시 선주동,,,,,name_not_found,0
4719056500,경상북도 구미시 선주원남동,3705057,경상북도 구미시 선주원남동,1072415.0,1792249.0,matched,1
4719057000,경상북도 구미시 원남동,,,,,name_not_found,0
4719058000,경상북도 구미시 신시동,,,,,name_not_found,0
4719058100,경상북도 구미시 형곡동,,,,,name_not_found,0
4719058200,경상북도 구미시 형곡1동,3705059,경상북도 구미시 형곡1동,1074935.0,1791172.0,matched,1
4719058300,경상북도 구미시 형곡2동,3705060,경상북도 구미시 형곡2동,1075094.0,1789946.0,matched,1
4719059000,경상북도 구미시 신평1동,3705061,경상북도 구미시 신평1동,1077605.0,1791839.0,matched,1
4719060000,경상북도 구미시 신평2동,3705062,경상북도 구미시 신평2동,1077903.0,1792457.0,matched,1
4719061000,경상북도 구미시 비산동,3705073,경상북도 구미시 비산동,1079252.0,1791716.0,matched,1
4719062000,경상북도 구미시 공단동,3705074,경상북도 구미시 공단동,1079286.0,1789191.0,matched,1
4719062100,경상북도 구미시 공단1동,,,,,name_not_found,0
4719062200,경상북도 구미시 공단2동,,,,,name_not_found,0
4719063000,경상북도 구미시 광평동,3705066,경상북도 구미시 광평동,1077205.0,1790583.0,matched,1
4719064000,경상북도 구미시 사곡동,,,,,name_not_found,0
4719064500,경상북도 구미시 상모사곡동,3705067,경상북도 구미시 상모사곡동,1076386.0,1788700.0,matched,1
4719065000,경상북도 구미시 상모동,,,,,name_not_found,0
4719066000,경상북도 구미시 임오동,3705069,경상북도 구미시 임오동,1077918.0,1786814.0,matched,1
4719067000,경상북도 구미시 인동동,3705070,경상북도 구미시 인동동,1085143.0,1789512.0,matched,1
4719068000,경상북도 구미시 진미동,3705071,경상북도 구미시 진미동,1081906.0,1789798.0,matched,1
4719069000,경상북도 구미시 양포동,3705072,경상북도 구미시 양포동,1082825.0,1793394.0,matched,1
4719070000,경상북도 구미시 공단동,3705074,경상북도 구미시 공단동,1079286.0,1789191.0,matched,1
4721000000,경상북도 영주시,,,,,name_not_found,0
4721025000,경상북도 영주시 풍기읍,3706011,경상북도 영주시 풍기읍,1088107.0,1878639.0,matched,1
4721031000,경상북도 영주시 이산면,3706031,경상북도 영주시 이산면,1106191.0,1869514.0,matched,1
4721032000,경상북도 영주시 평은면,3706032,경상북도 영주시 평은면,1107144.0,1861118.0,matched,1
4721033000,경상북도 영주시 문수면,3706033,경상북도 영주시 문수면,1100366.0,1861762.0,matched,1
4721034000,경상북도 영주시 장수면,3706034,경상북도 영주시 장수면,1095332.0,1865150.0,matched,1
4721035000,경상북도 영주시 안정면,3706035,경상북도 영주시 안정면,1094234.0,1872145.0,matched,1
4721036000,경상북도 영주시 봉현면,3706036,경상북도 영주시 봉현면,1088901.0,1870350.0,matched,1
4721037000,경상북도 영주시 순흥면,3706037,경상북도 영주시 순흥면,1093454.0,1882185.0,matched,1
4721038000,경상북도 영주시 단산면,3706038,경상북도 영주시 단산면,1097451.0,1886107.0,matched,1
4721039000,경상북도 영주시 부석면,3706039,경상북도 영주시 부석면,1102834.0,1888601.0,matched,1
4721051000,경상북도 영주시 상망동,3706051,경상북도 영주시 상망동,1101453.0,1873531.0,matched,1
4721052000,경상북도 하망1동,,,,,name_not_found,0
4721052500,경상북도 영주시 하망동,3706053,경상북도 영주시 하망동,1101375.0,1870171.0,matched,1
4721053000,경상북도 하망2동,,,,,name_not_found,0
4721054000,경상북도 하망3동,,,,,name_not_found,0
4721055000,경상북도 영주시 영주1동,3706055,경상북도 영주시 영주1동,1099964.0,1870711.0,matched,1
4721056000,경상북도 영주시 영주2동,3706058,경상북도 영주시 영주2동,1099753.0,1870145.0,matched,1
4721057000,경상북도 영주3동,,,,,name_not_found,0
4721058000,경상북도 영주4동,,,,,name_not_found,0
4721059000,경상북도 영주시 휴천1동,3706059,경상북도 영주시 휴천1동,1102507.0,1869097.0,matched,1
4721060000,경상북도 영주시 휴천2동,3706060,경상북도 영주시 휴천2동,1099929.0,1868363.0,matched,1
4721061000,경상북도 영주시 휴천3동,3706061,경상북도 영주시 휴천3동,1101349.0,1867325.0,matched,1
4721062000,경상북도 영주시 가흥1동,3706062,경상북도 영주시 가흥1동,1098509.0,1867854.0,matched,1
4721063000,경상북도 영주시 가흥2동,3706063,경상북도 영주시 가흥2동,1098093.0,1871927.0,matched,1
4723000000,경상북도 영천시,,,,,name_not_found,0
4723025000,경상북도 영천시 금호읍,3707011,경상북도 영천시 금호읍,1126246.0,1770348.0,matched,1
4723031000,경상북도 영천시 청통면,3707031,경상북도 영천시 청통면,1118527.0,1778357.0,matched,1
4723032000,경상북도 영천시 신녕면,3707032,경상북도 영천시 신녕면,1113380.0,1784964.0,matched,1
4723033000,경상북도 영천시 화산면,3707033,경상북도 영천시 화산면,1122071.0,1783380.0,matched,1
4723034000,경상북도 영천시 화북면,3707034,경상북도 영천시 화북면,1129895.0,1793614.0,matched,1
4723035000,경상북도 영천시 화남면,3707035,경상북도 영천시 화남면,1125723.0,1788017.0,matched,1
4723036000,경상북도 영천시 자양면,3707036,경상북도 영천시 자양면,1138665.0,1790549.0,matched,1
4723037000,경상북도 영천시 임고면,3707037,경상북도 영천시 임고면,1138274.0,1784002.0,matched,1
4723038000,경상북도 영천시 고경면,3707038,경상북도 영천시 고경면,1140787.0,1777397.0,matched,1
4723039000,경상북도 영천시 북안면,3707039,경상북도 영천시 북안면,1135734.0,1768147.0,matched,1
4723040000,경상북도 영천시 대창면,3707040,경상북도 영천시 대창면,1128122.0,1763992.0,matched,1
4723051000,경상북도 영천시 동부동,3707051,경상북도 영천시 동부동,1131150.0,1777631.0,matched,1
4723052000,경상북도 영천시 중앙동,3707052,경상북도 영천시 중앙동,1128880.0,1780066.0,matched,1
4723053000,경상북도 영천시 교동,,,,,name_not_found,0
4723053500,경상북도 영천시 서부동,3707053,경상북도 영천시 서부동,1126596.0,1776099.0,matched,1
4723054000,경상북도 영천시 완산동,3707054,경상북도 영천시 완산동,1130999.0,1774908.0,matched,1
4723055000,경상북도 영천시 주남동,,,,,name_not_found,0
4723055500,경상북도 영천시 남부동,3707055,경상북도 영천시 남부동,1131121.0,1771142.0,matched,1
4723056000,경상북도 영천시 봉작동,,,,,name_not_found,0
4723057000,경상북도 영천시 영도동,,,,,name_not_found,0
4723058000,경상북도 영천시 대전동,,,,,name_not_found,0
4723059000,경상북도 영천시 명산동,,,,,name_not_found,0
4725000000,경상북도 상주시,,,,,name_not_found,0
4725025000,경상북도 상주시 함창읍,3708011,경상북도 상주시 함창읍,1062454.0,1839313.0,matched,1
4725031000,경상북도 상주시 중동면,3708032,경상북도 상주시 중동면,1070488.0,1826183.0,matched,1
4725032000,경상북도 상주시 사벌면,,,,,name_not_found,0
4725032500,경상북도 상주시 사벌국면,3708048,경상북도 상주시 사벌국면,1064622.0,1831971.0,matched,1
4725033000,경상북도 상주시 낙동면,3708033,경상북도 상주시 낙동면,1066111.0,1818739.0,matched,1
4725033500,경상북도 상주시 낙동면동부출장소,,,,,name_not_found,0
4725034000,경상북도 상주시 청리면,3708034,경상북도 상주시 청리면,1056977.0,1814769.0,matched,1
4725035000,경상북도 상주시 공성면,3708035,경상북도 상주시 공성면,1051595.0,1810234.0,matched,1
4725036000,경상북도 상주시 외남면,3708036,경상북도 상주시 외남면,1052251.0,1818122.0,matched,1
4725037000,경상북도 상주시 내서면,3708037,경상북도 상주시 내서면,1049327.0,1824154.0,matched,1
4725038000,경상북도 상주시 모동면,3708038,경상북도 상주시 모동면,1042009.0,1811369.0,matched,1
4725039000,경상북도 상주시 모서면,3708039,경상북도 상주시 모서면,1038462.0,1815355.0,matched,1
4725039500,경상북도 상주시 모서면서부출장소,,,,,name_not_found,0
4725040000,경상북도 상주시 화동면,3708040,경상북도 상주시 화동면,1040967.0,1821906.0,matched,1
4725041000,경상북도 상주시 화서면,3708041,경상북도 상주시 화서면,1040413.0,1828480.0,matched,1
4725042000,경상북도 상주시 화북면,3708042,경상북도 상주시 화북면,1034299.0,1842529.0,matched,1
4725042600,경상북도 상주시 화북면서부출장소,,,,,name_not_found,0
4725043000,경상북도 상주시 외서면,3708043,경상북도 상주시 외서면,1050889.0,1831837.0,matched,1
4725044000,경상북도 상주시 은척면,3708044,경상북도 상주시 은척면,1048988.0,1837823.0,matched,1
4725044500,경상북도 상주시 은척면북부출장소,,,,,name_not_found,0
4725045000,경상북도 상주시 공검면,3708045,경상북도 상주시 공검면,1056779.0,1835702.0,matched,1
4725046000,경상북도 상주시 이안면,3708046,경상북도 상주시 이안면,1055558.0,1842015.0,matched,1
4725047000,경상북도 상주시 화남면,3708047,경상북도 상주시 화남면,1036246.0,1828301.0,matched,1
4725051000,경상북도 상주시 중앙동,,,,,name_not_found,0
4725052000,경상북도 상주시 남원동,3708052,경상북도 상주시 남원동,1056128.0,1824466.0,matched,1
4725053000,경상북도 상주시 북문동,3708053,경상북도 상주시 북문동,1058922.0,1828131.0,matched,1
4725054000,경상북도 상주시 계림동,3708054,경상북도 상주시 계림동,1061256.0,1827085.0,matched,1
4725055000,경상북도 상주시 동문동,3708055,경상북도 상주시 동문동,1063778.0,1825453.0,matched,1
4725056000,경상북도 상주시 동성동,3708056,경상북도 상주시 동성동,1060761.0,1822753.0,matched,1
4725057000,경상북도 상주시 신흥동,3708057,경상북도 상주시 신흥동,1059069.0,1819157.0,matched,1
4727000000,경상북도 점촌시,,,,,name_not_found,0
4727051000,경상북도 점촌시 충현동,,,,,name_not_found,0
4727051500,경상북도 점촌시 점촌동,,,,,name_not_found,0
4727052000,경상북도 점촌시 중앙동,,,,,name_not_found,0
4727053000,경상북도 점촌시 신흥동,,,,,name_not_found,0
4727054000,경상북도 점촌시 신기동,,,,,name_not_found,0
4727055000,경상북도 점촌시 대성동,,,,,name_not_found,0
4727056000,경상북도 점촌시 모전동,,,,,name_not_found,0
4728000000,경상북도 문경시,,,,,name_not_found,0
4728025000,경상북도 문경시 문경읍,3709011,경상북도 문경시 문경읍,1056005.0,1863695.0,matched,1
4728025100,경상북도 문경시 문경읍갈평출장소,,,,,name_not_found,0
4728025300,경상북도 문경시 가은읍,3709012,경상북도 문경시 가은읍,1045653.0,1851450.0,matched,1
4728025400,경상북도 문경시 가은읍북부출장소,,,,,name_not_found,0
4728029000,경상북도 문경시 문경읍갈평출장소,,,,,name_not_found,0
4728029100,경상북도 문경시 가은읍북부출장소,,,,,name_not_found,0
4728031000,경상북도 문경시 영순면,3709031,경상북도 문경시 영순면,1067230.0,1841128.0,matched,1
4728032000,경상북도 문경시 산양면,3709032,경상북도 문경시 산양면,1067867.0,1847464.0,matched,1
4728033000,경상북도 문경시 호계면,3709033,경상북도 문경시 호계면,1062637.0,1852193.0,matched,1
4728034000,경상북도 문경시 산북면,3709034,경상북도 문경시 산북면,1067292.0,1857584.0,matched,1
4728034500,경상북도 문경시 산북면거산출장소,,,,,name_not_found,0
4728035000,경상북도 문경시 동로면,3709035,경상북도 문경시 동로면,1071061.0,1865284.0,matched,1
4728035500,경상북도 문경시 동로면수평출장소,,,,,name_not_found,0
4728036000,경상북도 문경시 마성면,3709036,경상북도 문경시 마성면,1055049.0,1854421.0,matched,1
4728037000,경상북도 문경시 농암면,3709037,경상북도 문경시 농암면,1042961.0,1842892.0,matched,1
4728051500,경상북도 문경시 점촌동,,,,,name_not_found,0
4728052000,경상북도 문경시 중앙동,,,,,name_not_found,0
4728053000,경상북도 문경시 신흥동,,,,,name_not_found,0
4728054000,경상북도 문경시 신기동,,,,,name_not_found,0
4728054500,경상북도 문경시 신평동,,,,,name_not_found,0
4728055000,경상북도 문경시 대성동,,,,,name_not_found,0
4728056000,경상북도 문경시 모전동,,,,,name_not_found,0
4728057000,경상북도 문경시 점촌1동,3709057,경상북도 문경시 점촌1동,1062240.0,1844743.0,matched,1
4728058000,경상북도 문경시 점촌2동,3709058,경상북도 문경시 점촌2동,1063239.0,1843244.0,matched,1
4728059000,경상북도 문경시 점촌3동,3709059,경상북도 문경시 점촌3동,1062417.0,1847138.0,matched,1
4728060000,경상북도 문경시 점촌4동,3709060,경상북도 문경시 점촌4동,1058478.0,1847603.0,matched,1
4728061000,경상북도 문경시 점촌5동,3709061,경상북도 문경시 점촌5동,1061330.0,1843806.0,matched,1
4729000000,경상북도 경산시,,,,,name_not_found,0
4729025000,경상북도 경산시 하양읍,3710011,경상북도 경산시 하양읍,1116161.0,1769320.0,matched,1
4729025300,경상북도 경산시 진량읍,3710012,경상북도 경산시 진량읍,1120505.0,1764600.0,matched,1
4729025600,경상북도 경산시 압량읍,3710013,경상북도 경산시 압량읍,1115489.0,1761699.0,matched,1
4729031000,경상북도 경산시 와촌면,3710031,경상북도 경산시 와촌면,1116984.0,1774119.0,matched,1
4729032000,경상북도 경산시 진량면,,,,,name_not_found,0
4729033000,경상북도 경산시 자인면,3710032,경상북도 경산시 자인면,1119632.0,1759206.0,matched,1
4729034000,경상북도 경산시 용성면,3710033,경상북도 경산시 용성면,1126618.0,1756853.0,matched,1
4729035000,경상북도 경산시 남산면,3710034,경상북도 경산시 남산면,1119531.0,1753597.0,matched,1
4729036000,경상북도 경산시 압량면,,,,,name_not_found,0
4729037000,경상북도 경산시 남천면,3710036,경상북도 경산시 남천면,1111927.0,1751751.0,matched,1
4729051000,경상북도 경산시 중방동,3710056,경상북도 경산시 중방동,1111486.0,1759948.0,matched,1
4729052000,경상북도 경산시 중앙동,3710051,경상북도 경산시 중앙동,1111976.0,1759197.0,matched,1
4729053000,경상북도 경산시 남부동,3710054,경상북도 경산시 남부동,1112311.0,1757065.0,matched,1
4729054000,경상북도 경산시 서부동,,,,,name_not_found,0
4729054100,경상북도 경산시 서부1동,3710053,경상북도 경산시 서부1동,1110621.0,1758209.0,matched,1
4729054200,경상북도 경산시 서부2동,3710057,경상북도 경산시 서부2동,1110414.0,1760164.0,matched,1
4729055000,경상북도 경산시 북부동,3710055,경상북도 경산시 북부동,1113129.0,1760759.0,matched,1
4729056000,경상북도 경산시 동부동,3710052,경상북도 경산시 동부동,1114693.0,1756961.0,matched,1
4771000000,경상북도 달성군,,,,,name_not_found,0
4771001000,경상북도 달성군 월배읍,,,,,name_not_found,0
4771001500,경상북도 달성군 성서읍,,,,,name_not_found,0
4771003000,경상북도 달성군 공산면,,,,,name_not_found,0
4771003500,경상북도 달성군 월배면,,,,,name_not_found,0
4771004000,경상북도 달성군 성서면,,,,,name_not_found,0
4771011000,경상북도 달성군 화원읍,,,,,name_not_found,0
4771031000,경상북도 달성군 가창면,,,,,name_not_found,0
4771032000,경상북도 달성군 다사면,,,,,name_not_found,0
4771033000,경상북도 달성군 하빈면,,,,,name_not_found,0
4771034000,경상북도 달성군 화원면,,,,,name_not_found,0
4771035000,경상북도 달성군 옥포면,,,,,name_not_found,0
4771036000,경상북도 달성군 논공면,,,,,name_not_found,0
4771036500,경상북도 달성군 논공면공단출장소,,,,,name_not_found,0
4771037000,경상북도 달성군 현풍면,,,,,name_not_found,0
4771038000,경상북도 달성군 유가면,,,,,name_not_found,0
4771039000,경상북도 달성군 구지면,,,,,name_not_found,0
4772000000,경상북도 군위군,,,,,name_not_found,0
4772003000,경상북도 군위군 군위면,,,,,name_not_found,0
4772011000,경상북도 군위군 군위읍,3731011,경상북도 군위군 군위읍,1096410.0,1804967.0,matched,1
4772025000,경상북도 군위군 군위읍,3731011,경상북도 군위군 군위읍,1096410.0,1804967.0,matched,1
4772031000,경상북도 군위군 소보면,3731031,경상북도 군위군 소보면,1087751.0,1807692.0,matched,1
4772032000,경상북도 군위군 효령면,3731032,경상북도 군위군 효령면,1098706.0,1794033.0,matched,1
4772033000,경상북도 군위군 부계면,3731033,경상북도 군위군 부계면,1104494.0,1785657.0,matched,1
4772034000,경상북도 군위군 우보면,3731034,경상북도 군위군 우보면,1104312.0,1797590.0,matched,1
4772035000,경상북도 군위군 의흥면,3731035,경상북도 군위군 의흥면,1111372.0,1797751.0,matched,1
4772036000,경상북도 군위군 산성면,3731036,경상북도 군위군 산성면,1108889.0,1789986.0,matched,1
4772037000,경상북도 군위군 고로면,,,,,name_not_found,0
4772038000,경상북도 군위군 삼국유사면,3731038,경상북도 군위군 삼국유사면,1118786.0,1795715.0,matched,1
4773000000,경상북도 의성군,,,,,name_not_found,0
4773011000,경상북도 의성군 의성읍,3732011,경상북도 의성군 의성읍,1107672.0,1817515.0,matched,1
4773025000,경상북도 의성군 의성읍,3732011,경상북도 의성군 의성읍,1107672.0,1817515.0,matched,1
4773031000,경상북도 의성군 단촌면,3732031,경상북도 의성군 단촌면,1107429.0,1826264.0,matched,1
4773032000,경상북도 의성군 점곡면,3732032,경상북도 의성군 점곡면,1113630.0,1824540.0,matched,1
4773033000,경상북도 의성군 옥산면,3732033,경상북도 의성군 옥산면,1119512.0,1819178.0,matched,1
4773034000,경상북도 의성군 사곡면,3732034,경상북도 의성군 사곡면,1116282.0,1811974.0,matched,1
4773035000,경상북도 의성군 춘산면,3732035,경상북도 의성군 춘산면,1118415.0,1805619.0,matched,1
4773036000,경상북도 의성군 가음면,3732036,경상북도 의성군 가음면,1112142.0,1803355.0,matched,1
4773037000,경상북도 의성군 금성면,3732037,경상북도 의성군 금성면,1106450.0,1807595.0,matched,1
4773038000,경상북도 의성군 봉양면,3732038,경상북도 의성군 봉양면,1099643.0,1812502.0,matched,1
4773039000,경상북도 의성군 비안면,3732039,경상북도 의성군 비안면,1091231.0,1816129.0,matched,1
4773040000,경상북도 의성군 구천면,3732040,경상북도 의성군 구천면,1082808.0,1815378.0,matched,1
4773041000,경상북도 의성군 단밀면,3732041,경상북도 의성군 단밀면,1076615.0,1818938.0,matched,1
4773042000,경상북도 의성군 단북면,3732042,경상북도 의성군 단북면,1080415.0,1822360.0,matched,1
4773043000,경상북도 의성군 안계면,3732043,경상북도 의성군 안계면,1086249.0,1822248.0,matched,1
4773044000,경상북도 의성군 다인면,3732044,경상북도 의성군 다인면,1077977.0,1829488.0,matched,1
4773045000,경상북도 의성군 신평면,3732045,경상북도 의성군 신평면,1090739.0,1830754.0,matched,1
4773045500,경상북도 의성군 신평면안사출장소,,,,,name_not_found,0
4773046000,경상북도 의성군 안평면,3732046,경상북도 의성군 안평면,1097371.0,1821523.0,matched,1
4773047000,경상북도 의성군 안사면,3732047,경상북도 의성군 안사면,1085608.0,1829255.0,matched,1
4774000000,경상북도 안동군,,,,,name_not_found,0
4774001000,경상북도 안동군 안동읍,,,,,name_not_found,0
4774003000,경상북도 안동군 풍산면,,,,,name_not_found,0
4774003500,경상북도 안동군 월곡면,,,,,name_not_found,0
4774011000,경상북도 안동군 풍산읍,,,,,name_not_found,0
4774031000,경상북도 안동군 와룡면,,,,,name_not_found,0
4774032000,경상북도 안동군 북후면,,,,,name_not_found,0
4774033000,경상북도 안동군 서후면,,,,,name_not_found,0
4774034000,경상북도 안동군 풍천면,,,,,name_not_found,0
4774034500,경상북도 안동군 풍천면어담출장소,,,,,name_not_found,0
4774035000,경상북도 안동군 일직면,,,,,name_not_found,0
4774036000,경상북도 안동군 남후면,,,,,name_not_found,0
4774037000,경상북도 안동군 남선면,,,,,name_not_found,0
4774038000,경상북도 안동군 임하면,,,,,name_not_found,0
4774039000,경상북도 안동군 길안면,,,,,name_not_found,0
4774040000,경상북도 안동군 임동면,,,,,name_not_found,0
4774040500,경상북도 안동군 임동면지례출장소,,,,,name_not_found,0
4774041000,경상북도 안동군 예안면,,,,,name_not_found,0
4774041500,경상북도 안동군 예안면삼계출장소,,,,,name_not_found,0
4774042000,경상북도 안동군 도산면,,,,,name_not_found,0
4774042500,경상북도 안동군 도산면서부출장소,,,,,name_not_found,0
4774043000,경상북도 안동군 녹전면,,,,,name_not_found,0
4775000000,경상북도 청송군,,,,,name_not_found,0
4775003000,경상북도 청송군 청송면,,,,,name_not_found,0
4775011000,경상북도 청송군 청송읍,3733011,경상북도 청송군 청송읍,1143291.0,1826239.0,matched,1
4775025000,경상북도 청송군 청송읍,3733011,경상북도 청송군 청송읍,1143291.0,1826239.0,matched,1
4775031000,경상북도 청송군 부동면,,,,,name_not_found,0
4775031500,경상북도 청송군 주왕산면,3733038,경상북도 청송군 주왕산면,1149422.0,1819600.0,matched,1
4775032000,경상북도 청송군 부남면,3733032,경상북도 청송군 부남면,1146490.0,1812187.0,matched,1
4775033000,경상북도 청송군 현동면,3733033,경상북도 청송군 현동면,1137437.0,1807554.0,matched,1
4775034000,경상북도 청송군 현서면,3733034,경상북도 청송군 현서면,1128425.0,1804395.0,matched,1
4775035000,경상북도 청송군 안덕면,3733035,경상북도 청송군 안덕면,1131288.0,1814554.0,matched,1
4775036000,경상북도 청송군 파천면,3733036,경상북도 청송군 파천면,1136918.0,1829474.0,matched,1
4775037000,경상북도 청송군 진보면,3733037,경상북도 청송군 진보면,1139885.0,1837423.0,matched,1
4776000000,경상북도 영양군,,,,,name_not_found,0
4776003000,경상북도 영양군 영양면,,,,,name_not_found,0
4776011000,경상북도 영양군 영양읍,3734011,경상북도 영양군 영양읍,1149435.0,1851817.0,matched,1
4776025000,경상북도 영양군 영양읍,3734011,경상북도 영양군 영양읍,1149435.0,1851817.0,matched,1
4776031000,경상북도 영양군 입암면,3734031,경상북도 영양군 입암면,1139488.0,1845766.0,matched,1
4776032000,경상북도 영양군 청기면,3734032,경상북도 영양군 청기면,1137712.0,1858678.0,matched,1
4776032500,경상북도 영양군 청기면당동출장소,,,,,name_not_found,0
4776032600,경상북도 영양군 청기면당리출장소,,,,,name_not_found,0
4776033000,경상북도 영양군 일월면,3734033,경상북도 영양군 일월면,1145209.0,1863753.0,matched,1
4776034000,경상북도 영양군 수비면,3734034,경상북도 영양군 수비면,1153651.0,1866836.0,matched,1
4776035000,경상북도 영양군 석보면,3734035,경상북도 영양군 석보면,1149674.0,1841032.0,matched,1
4777000000,경상북도 영덕군,,,,,name_not_found,0
4777003000,경상북도 영덕군 영덕면,,,,,name_not_found,0
4777011000,경상북도 영덕군 영덕읍,3735011,경상북도 영덕군 영덕읍,1168661.0,1828253.0,matched,1
4777025000,경상북도 영덕군 영덕읍,3735011,경상북도 영덕군 영덕읍,1168661.0,1828253.0,matched,1
4777031000,경상북도 영덕군 강구면,3735031,경상북도 영덕군 강구면,1167553.0,1822070.0,matched,1
4777032000,경상북도 영덕군 남정면,3735032,경상북도 영덕군 남정면,1164810.0,1814486.0,matched,1
4777033000,경상북도 영덕군 달산면,3735033,경상북도 영덕군 달산면,1158996.0,1821100.0,matched,1
4777034000,경상북도 영덕군 지품면,3735034,경상북도 영덕군 지품면,1156606.0,1830452.0,matched,1
4777034500,경상북도 영덕군 지품면원전출장소,,,,,name_not_found,0
4777035000,경상북도 영덕군 축산면,3735035,경상북도 영덕군 축산면,1168612.0,1834728.0,matched,1
4777035500,경상북도 영덕군 축산면축산출장소,,,,,name_not_found,0
4777036000,경상북도 영덕군 영해면,3735036,경상북도 영덕군 영해면,1164313.0,1838600.0,matched,1
4777037000,경상북도 영덕군 병곡면,3735037,경상북도 영덕군 병곡면,1168634.0,1847234.0,matched,1
4777038000,경상북도 영덕군 창수면,3735038,경상북도 영덕군 창수면,1160664.0,1846481.0,matched,1
4778000000,경상북도 영일군,,,,,name_not_found,0
4778001000,경상북도 영일군 의창읍,,,,,name_not_found,0
4778003000,경상북도 영일군 연일면,,,,,name_not_found,0
4778003500,경상북도 영일군 오천면,,,,,name_not_found,0
4778004000,경상북도 영일군 의창면,,,,,name_not_found,0
4778004500,경상북도 영일군 조촌면,,,,,name_not_found,0
4778011000,경상북도 영일군 구룡포읍,,,,,name_not_found,0
4778012000,경상북도 영일군 흥해읍,,,,,name_not_found,0
4778013000,경상북도 영일군 연일읍,,,,,name_not_found,0
4778014000,경상북도 영일군 오천읍,,,,,name_not_found,0
4778031000,경상북도 영일군 신광면,,,,,name_not_found,0
4778032000,경상북도 영일군 청하면,,,,,name_not_found,0
4778033000,경상북도 영일군 송라면,,,,,name_not_found,0
4778034000,경상북도 영일군 기계면,,,,,name_not_found,0
4778035000,경상북도 영일군 죽장면,,,,,name_not_found,0
4778035500,경상북도 영일군 죽장면상옥출장소,,,,,name_not_found,0
4778036000,경상북도 영일군 대송면,,,,,name_not_found,0
4778037000,경상북도 영일군 동해면,,,,,name_not_found,0
4778038000,경상북도 영일군 지행면,,,,,name_not_found,0
4778038500,경상북도 영일군 장기면,,,,,name_not_found,0
4778039000,경상북도 영일군 대보면,,,,,name_not_found,0
4778040000,경상북도 영일군 기북면,,,,,name_not_found,0
4779000000,경상북도 월성군,,,,,name_not_found,0
4779003000,경상북도 월성군 외동면,,,,,name_not_found,0
4779011000,경상북도 월성군 감포읍,,,,,name_not_found,0
4779012000,경상북도 월성군 안강읍,,,,,name_not_found,0
4779013000,경상북도 월성군 건천읍,,,,,name_not_found,0
4779014000,경상북도 월성군 외동읍,,,,,name_not_found,0
4779031000,경상북도 월성군 양북면,,,,,name_not_found,0
4779032000,경상북도 월성군 양남면,,,,,name_not_found,0
4779033000,경상북도 월성군 내남면,,,,,name_not_found,0
4779034000,경상북도 월성군 산내면,,,,,name_not_found,0
4779035000,경상북도 월성군 서면,,,,,name_not_found,0
4779036000,경상북도 월성군 현곡면,,,,,name_not_found,0
4779037000,경상북도 월성군 강동면,,,,,name_not_found,0
4779038000,경상북도 월성군 천북면,,,,,name_not_found,0
4779500000,경상북도 경주군,,,,,name_not_found,0
4779511000,경상북도 경주군 감포읍,,,,,name_not_found,0
4779512000,경상북도 경주군 안강읍,,,,,name_not_found,0
4779513000,경상북도 경주군 건천읍,,,,,name_not_found,0
4779514000,경상북도 경주군 외동읍,,,,,name_not_found,0
4779531000,경상북도 경주군 양북면,,,,,name_not_found,0
4779532000,경상북도 경주군 양남면,,,,,name_not_found,0
4779533000,경상북도 경주군 내남면,,,,,name_not_found,0
4779534000,경상북도 경주군 산내면,,,,,name_not_found,0
4779535000,경상북도 경주군 서면,,,,,name_not_found,0
4779536000,경상북도 경주군 현곡면,,,,,name_not_found,0
4779537000,경상북도 경주군 강동면,,,,,name_not_found,0
4779538000,경상북도 경주군 천북면,,,,,name_not_found,0
4780000000,경상북도 영천군,,,,,name_not_found,0
4780001000,경상북도 영천군 영천읍,,,,,name_not_found,0
4780003000,경상북도 영천군 금호면,,,,,name_not_found,0
4780011000,경상북도 영천군 금호읍,,,,,name_not_found,0
4780031000,경상북도 영천군 청통면,,,,,name_not_found,0
4780032000,경상북도 영천군 신령면,,,,,name_not_found,0
4780033000,경상북도 영천군 화산면,,,,,name_not_found,0
4780034000,경상북도 영천군 화북면,,,,,name_not_found,0
4780035000,경상북도 영천군 화남면,,,,,name_not_found,0
4780036000,경상북도 영천군 자양면,,,,,name_not_found,0
4780037000,경상북도 영천군 임고면,,,,,name_not_found,0
4780038000,경상북도 영천군 고경면,,,,,name_not_found,0
4780039000,경상북도 영천군 북안면,,,,,name_not_found,0
4780040000,경상북도 영천군 대창면,,,,,name_not_found,0
4781000000,경상북도 경산군,,,,,name_not_found,0
4781001000,경상북도 경산군 안심읍,,,,,name_not_found,0
4781003000,경상북도 경산군 고산면,,,,,name_not_found,0
4781003500,경상북도 경산군 하양면,,,,,name_not_found,0
4781004000,경상북도 경산군 안심면,,,,,name_not_found,0
4781011000,경상북도 경산군 경산읍,,,,,name_not_found,0
4781012000,경상북도 경산군 하양읍,,,,,name_not_found,0
4781031000,경상북도 경산군 와촌면,,,,,name_not_found,0
4781032000,경상북도 경산군 진량면,,,,,name_not_found,0
4781033000,경상북도 경산군 자인면,,,,,name_not_found,0
4781034000,경상북도 경산군 용성면,,,,,name_not_found,0
4781035000,경상북도 경산군 남산면,,,,,name_not_found,0
4781036000,경상북도 경산군 압량면,,,,,name_not_found,0
4781037000,경상북도 경산군 남천면,,,,,name_not_found,0
4782000000,경상북도 청도군,,,,,name_not_found,0
4782003000,경상북도 청도군 화양면,,,,,name_not_found,0
4782011000,경상북도 청도군 화양읍,3736011,경상북도 청도군 화양읍,1110084.0,1741774.0,matched,1
4782012000,경상북도 청도군 청도읍,3736012,경상북도 청도군 청도읍,1113783.0,1737609.0,matched,1
4782025000,경상북도 청도군 화양읍,3736011,경상북도 청도군 화양읍,1110084.0,1741774.0,matched,1
4782025100,경상북도 청도군 화양읍남성현출장소,,,,,name_not_found,0
4782025300,경상북도 청도군 청도읍,3736012,경상북도 청도군 청도읍,1113783.0,1737609.0,matched,1
4782025400,경상북도 청도군 청도읍유호출장소,,,,,name_not_found,0
4782029000,경상북도 청도군 화양읍남성현출장소,,,,,name_not_found,0
4782029100,경상북도 청도군 청도읍유호출장소,,,,,name_not_found,0
4782031000,경상북도 청도군 각남면,3736031,경상북도 청도군 각남면,1104680.0,1736288.0,matched,1
4782032000,경상북도 청도군 풍각면,3736032,경상북도 청도군 풍각면,1097562.0,1738495.0,matched,1
4782033000,경상북도 청도군 각북면,3736033,경상북도 청도군 각북면,1097874.0,1745274.0,matched,1
4782034000,경상북도 청도군 이서면,3736034,경상북도 청도군 이서면,1105150.0,1744261.0,matched,1
4782035000,경상북도 청도군 운문면,3736035,경상북도 청도군 운문면,1133449.0,1747102.0,matched,1
4782036000,경상북도 청도군 금천면,3736036,경상북도 청도군 금천면,1126436.0,1746024.0,matched,1
4782037000,경상북도 청도군 매전면,3736037,경상북도 청도군 매전면,1120404.0,1741718.0,matched,1
4783000000,경상북도 고령군,,,,,name_not_found,0
4783003000,경상북도 고령군 고령면,,,,,name_not_found,0
4783011000,경상북도 고령군 고령읍,,,,,name_not_found,0
4783025000,경상북도 고령군 고령읍,,,,,name_not_found,0
4783025300,경상북도 고령군 대가야읍,3737012,경상북도 고령군 대가야읍,1068440.0,1748356.0,matched,1
4783031000,경상북도 고령군 덕곡면,3737031,경상북도 고령군 덕곡면,1063616.0,1754248.0,matched,1
4783032000,경상북도 고령군 운수면,3737032,경상북도 고령군 운수면,1071974.0,1754377.0,matched,1
4783033000,경상북도 고령군 성산면,3737033,경상북도 고령군 성산면,1077422.0,1751444.0,matched,1
4783034000,경상북도 고령군 다산면,3737034,경상북도 고령군 다산면,1083041.0,1758746.0,matched,1
4783035000,경상북도 고령군 개진면,3737035,경상북도 고령군 개진면,1078195.0,1746966.0,matched,1
4783036000,경상북도 고령군 우곡면,3737036,경상북도 고령군 우곡면,1076696.0,1740851.0,matched,1
4783037000,경상북도 고령군 쌍림면,3737037,경상북도 고령군 쌍림면,1066224.0,1742900.0,matched,1
4784000000,경상북도 성주군,,,,,name_not_found,0
4784003000,경상북도 성주군 성주면,,,,,name_not_found,0
4784011000,경상북도 성주군 성주읍,3738011,경상북도 성주군 성주읍,1070419.0,1769321.0,matched,1
4784025000,경상북도 성주군 성주읍,3738011,경상북도 성주군 성주읍,1070419.0,1769321.0,matched,1
4784031000,경상북도 성주군 선남면,3738031,경상북도 성주군 선남면,1076777.0,1767786.0,matched,1
4784032000,경상북도 성주군 용암면,3738032,경상북도 성주군 용암면,1073582.0,1761278.0,matched,1
4784033000,경상북도 성주군 수륜면,3738033,경상북도 성주군 수륜면,1063440.0,1759288.0,matched,1
4784034000,경상북도 성주군 가천면,3738034,경상북도 성주군 가천면,1056702.0,1763516.0,matched,1
4784035000,경상북도 성주군 금수면,3738035,경상북도 성주군 금수면,1056294.0,1769919.0,matched,1
4784036000,경상북도 성주군 대가면,3738036,경상북도 성주군 대가면,1064581.0,1767544.0,matched,1
4784037000,경상북도 성주군 벽진면,3738037,경상북도 성주군 벽진면,1062957.0,1775464.0,matched,1
4784038000,경상북도 성주군 초전면,3738038,경상북도 성주군 초전면,1067426.0,1779185.0,matched,1
4784039000,경상북도 성주군 월항면,3738039,경상북도 성주군 월항면,1072739.0,1775694.0,matched,1
4785000000,경상북도 칠곡군,,,,,name_not_found,0
4785001000,경상북도 칠곡군 칠곡읍,,,,,name_not_found,0
4785003000,경상북도 칠곡군 인동면,,,,,name_not_found,0
4785003500,경상북도 칠곡군 칠곡면,,,,,name_not_found,0
4785011000,경상북도 칠곡군 왜관읍,3739011,경상북도 칠곡군 왜관읍,1083315.0,1776023.0,matched,1
4785025000,경상북도 칠곡군 왜관읍,3739011,경상북도 칠곡군 왜관읍,1083315.0,1776023.0,matched,1
4785025300,경상북도 칠곡군 북삼읍,3739012,경상북도 칠곡군 북삼읍,1074817.0,1785137.0,matched,1
4785025600,경상북도 칠곡군 석적읍,3739013,경상북도 칠곡군 석적읍,1084123.0,1784253.0,matched,1
4785031000,경상북도 칠곡군 지천면,3739031,경상북도 칠곡군 지천면,1089031.0,1774323.0,matched,1
4785032000,경상북도 칠곡군 동명면,3739032,경상북도 칠곡군 동명면,1095809.0,1779723.0,matched,1
4785033000,경상북도 칠곡군 가산면,3739033,경상북도 칠곡군 가산면,1093905.0,1786416.0,matched,1
4785034000,경상북도 칠곡군 석적면,,,,,name_not_found,0
4785035000,경상북도 칠곡군 북삼면,,,,,name_not_found,0
4785036000,경상북도 칠곡군 약목면,3739036,경상북도 칠곡군 약목면,1077937.0,1781599.0,matched,1
4785037000,경상북도 칠곡군 기산면,3739037,경상북도 칠곡군 기산면,1077246.0,1776550.0,matched,1
4786000000,경상북도 금릉군,,,,,name_not_found,0
4786031000,경상북도 금릉군 농소면,,,,,name_not_found,0
4786032000,경상북도 금릉군 남면,,,,,name_not_found,0
4786033000,경상북도 금릉군 아포면,,,,,name_not_found,0
4786034000,경상북도 금릉군 개령면,,,,,name_not_found,0
4786035000,경상북도 금릉군 감문면,,,,,name_not_found,0
4786036000,경상북도 금릉군 어모면,,,,,name_not_found,0
4786037000,경상북도 금릉군 봉산면,,,,,name_not_found,0
4786038000,경상북도 금릉군 대항면,,,,,name_not_found,0
4786039000,경상북도 금릉군 감천면,,,,,name_not_found,0
4786040000,경상북도 금릉군 조마면,,,,,name_not_found,0
4786041000,경상북도 금릉군 구성면,,,,,name_not_found,0
4786042000,경상북도 금릉군 지례면,,,,,name_not_found,0
4786043000,경상북도 금릉군 부항면,,,,,name_not_found,0
4786043500,경상북도 금릉군 부항면유촌출장소,,,,,name_not_found,0
4786044000,경상북도 금릉군 대덕면,,,,,name_not_found,0
4786045000,경상북도 금릉군 증산면,,,,,name_not_found,0
4787000000,경상북도 선산군,,,,,name_not_found,0
4787001000,경상북도 선산군 구미읍,,,,,name_not_found,0
4787003000,경상북도 선산군 선산면,,,,,name_not_found,0
4787003500,경상북도 선산군 구미면,,,,,name_not_found,0
4787011000,경상북도 선산군 선산읍,,,,,name_not_found,0
4787031000,경상북도 선산군 무을면,,,,,name_not_found,0
4787032000,경상북도 선산군 옥성면,,,,,name_not_found,0
4787033000,경상북도 선산군 도개면,,,,,name_not_found,0
4787034000,경상북도 선산군 해평면,,,,,name_not_found,0
4787035000,경상북도 선산군 산동면,,,,,name_not_found,0
4787036000,경상북도 선산군 장천면,,,,,name_not_found,0
4787037000,경상북도 선산군 고아면,,,,,name_not_found,0
4788000000,경상북도 상주군,,,,,name_not_found,0
4788001000,경상북도 상주군 상주읍,,,,,name_not_found,0
4788003000,경상북도 상주군 함창면,,,,,name_not_found,0
4788011000,경상북도 상주군 함창읍,,,,,name_not_found,0
4788031000,경상북도 상주군 중동면,,,,,name_not_found,0
4788032000,경상북도 상주군 사벌면,,,,,name_not_found,0
4788033000,경상북도 상주군 낙동면,,,,,name_not_found,0
4788033500,경상북도 상주군 낙동면동부출장소,,,,,name_not_found,0
4788034000,경상북도 상주군 청리면,,,,,name_not_found,0
4788035000,경상북도 상주군 공성면,,,,,name_not_found,0
4788036000,경상북도 상주군 외남면,,,,,name_not_found,0
4788037000,경상북도 상주군 내서면,,,,,name_not_found,0
4788038000,경상북도 상주군 모동면,,,,,name_not_found,0
4788039000,경상북도 상주군 모서면,,,,,name_not_found,0
4788039500,경상북도 상주군 모서면서부출장소,,,,,name_not_found,0
4788040000,경상북도 상주군 화동면,,,,,name_not_found,0
4788041000,경상북도 상주군 화서면,,,,,name_not_found,0
4788042000,경상북도 상주군 화북면,,,,,name_not_found,0
4788042500,경상북도 상주군 화북면남부출장소,,,,,name_not_found,0
4788042600,경상북도 상주군 화북면서부출장소,,,,,name_not_found,0
4788043000,경상북도 상주군 외서면,,,,,name_not_found,0
4788044000,경상북도 상주군 은척면,,,,,name_not_found,0
4788044500,경상북도 상주군 은척면북부출장소,,,,,name_not_found,0
4788045000,경상북도 상주군 공검면,,,,,name_not_found,0
4788046000,경상북도 상주군 이안면,,,,,name_not_found,0
4788047000,경상북도 상주군 화남면,,,,,name_not_found,0
4789000000,경상북도 문경군,,,,,name_not_found,0
4789001000,경상북도 문경군 점촌읍,,,,,name_not_found,0
4789003000,경상북도 문경군 문경면,,,,,name_not_found,0
4789003500,경상북도 문경군 가은면,,,,,name_not_found,0
4789011000,경상북도 문경군 문경읍,,,,,name_not_found,0
4789011500,경상북도 문경군 문경읍갈평출장소,,,,,name_not_found,0
4789012000,경상북도 문경군 가은읍,,,,,name_not_found,0
4789012500,경상북도 문경군 가은읍북부출장소,,,,,name_not_found,0
4789031000,경상북도 문경군 영순면,,,,,name_not_found,0
4789032000,경상북도 문경군 산양면,,,,,name_not_found,0
4789033000,경상북도 문경군 호계면,,,,,name_not_found,0
4789034000,경상북도 문경군 산북면,,,,,name_not_found,0
4789034500,경상북도 문경군 산북면거산출장소,,,,,name_not_found,0
4789035000,경상북도 문경군 동로면,,,,,name_not_found,0
4789035500,경상북도 문경군 동로면수평출장소,,,,,name_not_found,0
4789036000,경상북도 문경군 마성면,,,,,name_not_found,0
4789037000,경상북도 문경군 농암면,,,,,name_not_found,0
4790000000,경상북도 예천군,,,,,name_not_found,0
4790011000,경상북도 예천군 예천읍,3740011,경상북도 예천군 예천읍,1085212.0,1851386.0,matched,1
4790025000,경상북도 예천군 예천읍,3740011,경상북도 예천군 예천읍,1085212.0,1851386.0,matched,1
4790031000,경상북도 예천군 용문면,3740031,경상북도 예천군 용문면,1079890.0,1856858.0,matched,1
4790032000,경상북도 예천군 상리면,,,,,name_not_found,0
4790033000,경상북도 예천군 하리면,,,,,name_not_found,0
4790034000,경상북도 예천군 감천면,3740034,경상북도 예천군 감천면,1090753.0,1859894.0,matched,1
4790035000,경상북도 예천군 보문면,3740035,경상북도 예천군 보문면,1093998.0,1853764.0,matched,1
4790036000,경상북도 예천군 호명면,3740036,경상북도 예천군 호명면,1087228.0,1845875.0,matched,1
4790037000,경상북도 예천군 유천면,3740037,경상북도 예천군 유천면,1077403.0,1850915.0,matched,1
4790038000,경상북도 예천군 용궁면,3740038,경상북도 예천군 용궁면,1071973.0,1845578.0,matched,1
4790039000,경상북도 예천군 개포면,3740039,경상북도 예천군 개포면,1077702.0,1846085.0,matched,1
4790040000,경상북도 예천군 지보면,3740040,경상북도 예천군 지보면,1079632.0,1839870.0,matched,1
4790041000,경상북도 예천군 풍양면,3740041,경상북도 예천군 풍양면,1071940.0,1835353.0,matched,1
4790042000,경상북도 예천군 효자면,3740042,경상북도 예천군 효자면,1082276.0,1866582.0,matched,1
4790043000,경상북도 예천군 은풍면,3740043,경상북도 예천군 은풍면,1084123.0,1861208.0,matched,1
4791000000,경상북도 영풍군,,,,,name_not_found,0
4791011000,경상북도 영풍군 풍기읍,,,,,name_not_found,0
4791031000,경상북도 영풍군 이산면,,,,,name_not_found,0
4791032000,경상북도 영풍군 평은면,,,,,name_not_found,0
4791033000,경상북도 영풍군 문수면,,,,,name_not_found,0
4791034000,경상북도 영풍군 장수면,,,,,name_not_found,0
4791035000,경상북도 영풍군 안정면,,,,,name_not_found,0
4791036000,경상북도 영풍군 봉현면,,,,,name_not_found,0
4791037000,경상북도 영풍군 순흥면,,,,,name_not_found,0
4791038000,경상북도 영풍군 단산면,,,,,name_not_found,0
4791039000,경상북도 영풍군 부석면,,,,,name_not_found,0
4792000000,경상북도 봉화군,,,,,name_not_found,0
4792003000,경상북도 봉화군 봉화면,,,,,name_not_found,0
4792025000,경상북도 봉화군 봉화읍,3741011,경상북도 봉화군 봉화읍,1107581.0,1877542.0,matched,1
4792031000,경상북도 봉화군 물야면,3741031,경상북도 봉화군 물야면,1109779.0,1886814.0,matched,1
4792032000,경상북도 봉화군 봉성면,3741032,경상북도 봉화군 봉성면,1116629.0,1880720.0,matched,1
4792033000,경상북도 봉화군 법전면,3741033,경상북도 봉화군 법전면,1126356.0,1879997.0,matched,1
4792034000,경상북도 봉화군 춘양면,3741034,경상북도 봉화군 춘양면,1120417.0,1890315.0,matched,1
4792035000,경상북도 봉화군 소천면,3741035,경상북도 봉화군 소천면,1135940.0,1884303.0,matched,1
4792036000,경상북도 봉화군 재산면,3741037,경상북도 봉화군 재산면,1133830.0,1870339.0,matched,1
4792037000,경상북도 봉화군 명호면,3741038,경상북도 봉화군 명호면,1123774.0,1872124.0,matched,1
4792038000,경상북도 봉화군 상운면,3741039,경상북도 봉화군 상운면,1113692.0,1871494.0,matched,1
4792039000,경상북도 봉화군 석포면,3741036,경상북도 봉화군 석포면,1138448.0,1895809.0,matched,1
4793000000,경상북도 울진군,,,,,name_not_found,0
4793003000,경상북도 울진군 울진면,,,,,name_not_found,0
4793003500,경상북도 울진군 평해면,,,,,name_not_found,0
4793025000,경상북도 울진군 울진읍,3742011,경상북도 울진군 울진읍,1164264.0,1890765.0,matched,1
4793025300,경상북도 울진군 평해읍,3742012,경상북도 울진군 평해읍,1172949.0,1860839.0,matched,1
4793031000,경상북도 울진군 북면,3742031,경상북도 울진군 북면,1160763.0,1898837.0,matched,1
4793031500,경상북도 울진군 북면하당출장소,,,,,name_not_found,0
4793032000,경상북도 울진군 서면,,,,,name_not_found,0
4793033000,경상북도 울진군 근남면,3742033,경상북도 울진군 근남면,1165657.0,1884683.0,matched,1
4793034000,경상북도 울진군 원남면,,,,,name_not_found,0
4793035000,경상북도 울진군 기성면,3742035,경상북도 울진군 기성면,1170120.0,1870772.0,matched,1
4793036000,경상북도 울진군 온정면,3742036,경상북도 울진군 온정면,1164561.0,1859300.0,matched,1
4793037000,경상북도 울진군 죽변면,3742037,경상북도 울진군 죽변면,1168302.0,1896717.0,matched,1
4793038000,경상북도 울진군 후포면,3742038,경상북도 울진군 후포면,1172210.0,1855222.0,matched,1
4793039000,경상북도 울진군 금강송면,3742039,경상북도 울진군 금강송면,1152053.0,1884475.0,matched,1
4793040000,경상북도 울진군 매화면,3742040,경상북도 울진군 매화면,1166077.0,1877129.0,matched,1
4794000000,경상북도 울릉군,,,,,name_not_found,0
4794003000,경상북도 울릉군 남면,,,,,name_not_found,0
4794011000,경상북도 울릉군 울릉읍,3743011,경상북도 울릉군 울릉읍,1299974.0,1949634.0,matched,1
4794025000,경상북도 울릉군 울릉읍,3743011,경상북도 울릉군 울릉읍,1299974.0,1949634.0,matched,1
4794031000,경상북도 울릉군 서면,3743031,경상북도 울릉군 서면,1294723.0,1948669.0,matched,1
4794031500,경상북도 울릉군 서면태하출장소,,,,,name_not_found,0
4794032000,경상북도 울릉군 북면,3743032,경상북도 울릉군 북면,1296908.0,1952671.0,matched,1
4800000000,경상남도,,,,,name_not_found,0
4801000000,경상남도 부산시,,,,,name_not_found,0
4801100000,경상남도 부산시 중구,,,,,name_not_found,0
4801200000,경상남도 부산시 서구,,,,,name_not_found,0
4801300000,경상남도 부산시 동구,,,,,name_not_found,0
4801400000,경상남도 부산시 영도구,,,,,name_not_found,0
4801500000,경상남도 부산시 부산진,,,,,name_not_found,0
4801600000,경상남도 부산시 동래구,,,,,name_not_found,0
4805000000,경상남도 창원군,,,,,name_not_found,0
4805001000,경상남도 창원군 창원읍,,,,,name_not_found,0
4805003000,경상남도 창원군 내서면,,,,,name_not_found,0
4805003500,경상남도 창원군 동면,,,,,name_not_found,0
4805004000,경상남도 창원군 북면,,,,,name_not_found,0
4805004500,경상남도 창원군 대산면,,,,,name_not_found,0
4805005000,경상남도 창원군 구산면,,,,,name_not_found,0
4805005500,경상남도 창원군 진동면,,,,,name_not_found,0
4805006000,경상남도 창원군 진북면,,,,,name_not_found,0
4805006500,경상남도 창원군 진전면,,,,,name_not_found,0
4805007000,경상남도 창원군 천가면,,,,,name_not_found,0
4805007500,경상남도 창원군 창원면,,,,,name_not_found,0
4805008000,경상남도 창원군 상남면,,,,,name_not_found,0
4805008500,경상남도 창원군 웅남면,,,,,name_not_found,0
4805009000,경상남도 창원군 웅천면,,,,,name_not_found,0
4805009500,경상남도 창원군 웅동면,,,,,name_not_found,0
4806000000,경상남도 울산군,,,,,name_not_found,0
4806001000,경상남도 울산군 울산읍,,,,,name_not_found,0
4806001500,경상남도 울산군 방어진읍,,,,,name_not_found,0
4806003000,경상남도 울산군 하상면,,,,,name_not_found,0
4806003500,경상남도 울산군 농소면,,,,,name_not_found,0
4806004000,경상남도 울산군 강동면,,,,,name_not_found,0
4806004500,경상남도 울산군 대현면,,,,,name_not_found,0
4806005000,경상남도 울산군 온산면,,,,,name_not_found,0
4806005500,경상남도 울산군 서생면,,,,,name_not_found,0
4806006000,경상남도 울산군 온양면,,,,,name_not_found,0
4806006500,경상남도 울산군 청량면,,,,,name_not_found,0
4806007000,경상남도 울산군 웅촌면,,,,,name_not_found,0
4806007500,경상남도 울산군 범서면,,,,,name_not_found,0
4806008000,경상남도 울산군 두동면,,,,,name_not_found,0
4806008500,경상남도 울산군 두서면,,,,,name_not_found,0
4806009000,경상남도 울산군 언양면,,,,,name_not_found,0
4806009500,경상남도 울산군 상북면,,,,,name_not_found,0
4806010000,경상남도 울산군 삼남면,,,,,name_not_found,0
4807000000,경상남도 동래군,,,,,name_not_found,0
4807003000,경상남도 동래군 기장면,,,,,name_not_found,0
4807003500,경상남도 동래군 일광면,,,,,name_not_found,0
4807004000,경상남도 동래군 장안면,,,,,name_not_found,0
4807004500,경상남도 동래군 정관면,,,,,name_not_found,0
4807005000,경상남도 동래군 철마면,,,,,name_not_found,0
4807005500,경상남도 동래군 서생면,,,,,name_not_found,0
4811000000,경상남도 창원시,,,,,name_not_found,0
4811025000,경상남도 창원시 동읍,,,,,name_not_found,0
4811031000,경상남도 창원시 동면,,,,,name_not_found,0
4811032000,경상남도 창원시 북면,,,,,name_not_found,0
4811032500,경상남도 창원시 북면화천출장소,,,,,name_not_found,0
4811033000,경상남도 창원시 대산면,,,,,name_not_found,0
4811051000,경상남도 창원시 의안동,,,,,name_not_found,0
4811051500,경상남도 창원시 도계동,,,,,name_not_found,0
4811052000,경상남도 창원시 동정동,,,,,name_not_found,0
4811052500,경상남도 창원시 의창동,,,,,name_not_found,0
4811053000,경상남도 창원시 소계동,,,,,name_not_found,0
4811054000,경상남도 창원시 팔룡동,,,,,name_not_found,0
4811054500,경상남도 창원시 명곡동,,,,,name_not_found,0
4811055000,경상남도 창원시 상북동,,,,,name_not_found,0
4811055100,경상남도 창원시 명서동,,,,,name_not_found,0
4811055200,경상남도 창원시 명서1동,,,,,name_not_found,0
4811055300,경상남도 창원시 명서2동,,,,,name_not_found,0
4811055600,경상남도 창원시 봉곡동,,,,,name_not_found,0
4811055700,경상남도 창원시 봉림동,,,,,name_not_found,0
4811056000,경상남도 창원시 사림동,,,,,name_not_found,0
4811057000,경상남도 창원시 반송동,,,,,name_not_found,0
4811057100,경상남도 창원시 반림동,,,,,name_not_found,0
4811057500,경상남도 창원시 반송동,,,,,name_not_found,0
4811057600,경상남도 창원시 반지동,,,,,name_not_found,0
4811058000,경상남도 창원시 대원동,,,,,name_not_found,0
4811059000,경상남도 창원시 내동,,,,,name_not_found,0
4811060000,경상남도 창원시 용호동,,,,,name_not_found,0
4811060500,경상남도 창원시 용지동,,,,,name_not_found,0
4811061000,경상남도 창원시 토월동,,,,,name_not_found,0
4811061100,경상남도 창원시 신월동,,,,,name_not_found,0
4811061600,경상남도 창원시 사파동,,,,,name_not_found,0
4811061800,경상남도 창원시 상남동,,,,,name_not_found,0
4811062000,경상남도 창원시 중앙동,,,,,name_not_found,0
4811063000,경상남도 창원시 가음정동,,,,,name_not_found,0
4811064000,경상남도 창원시 남산동,,,,,name_not_found,0
4811064500,경상남도 창원시 대방동,,,,,name_not_found,0
4811065000,경상남도 창원시 성주동,,,,,name_not_found,0
4811066000,경상남도 창원시 웅남동,,,,,name_not_found,0
4811067000,경상남도 창원시 신촌동,,,,,name_not_found,0
4811067500,경상남도 창원시 웅남동,,,,,name_not_found,0
4811068000,경상남도 창원시 삼귀동,,,,,name_not_found,0
4812000000,경상남도 창원시,,,,,name_not_found,0
4812100000,경상남도 창원시 의창구,,,,,name_not_found,0
4812125000,경상남도 창원시 의창구 동읍,3811111,경상남도 창원시 의창구 동읍,1106332.0,1702055.0,matched,1
4812131000,경상남도 창원시 의창구 북면,3811131,경상남도 창원시 의창구 북면,1100521.0,1704481.0,matched,1
4812132000,경상남도 창원시 의창구 대산면,3811132,경상남도 창원시 의창구 대산면,1110004.0,1705904.0,matched,1
4812151000,경상남도 창원시 의창구 의창동,3811151,경상남도 창원시 의창구 의창동,1101137.0,1697191.0,matched,1
4812152000,경상남도 창원시 의창구 팔룡동,3811152,경상남도 창원시 의창구 팔룡동,1102929.0,1693974.0,matched,1
4812153000,경상남도 창원시 의창구 명곡동,3811153,경상남도 창원시 의창구 명곡동,1104173.0,1696141.0,matched,1
4812154000,경상남도 창원시 의창구 봉림동,3811154,경상남도 창원시 의창구 봉림동,1107979.0,1695383.0,matched,1
4812155000,경상남도 창원시 의창구 용지동,,,,,name_not_found,0
4812300000,경상남도 창원시 성산구,,,,,name_not_found,0
4812351000,경상남도 창원시 성산구 반송동,3811251,경상남도 창원시 성산구 반송동,1106169.0,1694458.0,matched,1
4812351500,경상남도 창원시 성산구 용지동,3811258,경상남도 창원시 성산구 용지동,1107912.0,1693513.0,matched,1
4812352000,경상남도 창원시 성산구 중앙동,3811252,경상남도 창원시 성산구 중앙동,1106485.0,1692222.0,matched,1
4812353000,경상남도 창원시 성산구 상남동,3811253,경상남도 창원시 성산구 상남동,1108041.0,1692069.0,matched,1
4812354000,경상남도 창원시 성산구 사파동,3811254,경상남도 창원시 성산구 사파동,1110221.0,1692342.0,matched,1
4812355000,경상남도 창원시 성산구 가음정동,3811255,경상남도 창원시 성산구 가음정동,1108705.0,1690973.0,matched,1
4812356000,경상남도 창원시 성산구 성주동,3811256,경상남도 창원시 성산구 성주동,1110706.0,1688357.0,matched,1
4812357000,경상남도 창원시 성산구 웅남동,3811257,경상남도 창원시 성산구 웅남동,1103201.0,1689054.0,matched,1
4812500000,경상남도 창원시 마산합포구,,,,,name_not_found,0
4812531000,경상남도 창원시 마산합포구 구산면,3811331,경상남도 창원시 마산합포구 구산면,1098910.0,1678674.0,matched,1
4812532000,경상남도 창원시 마산합포구 진동면,3811332,경상남도 창원시 마산합포구 진동면,1091788.0,1682589.0,matched,1
4812533000,경상남도 창원시 마산합포구 진북면,3811333,경상남도 창원시 마산합포구 진북면,1087440.0,1684213.0,matched,1
4812534000,경상남도 창원시 마산합포구 진전면,3811334,경상남도 창원시 마산합포구 진전면,1082449.0,1681172.0,matched,1
4812551000,경상남도 창원시 마산합포구 현동,3811351,경상남도 창원시 마산합포구 현동,1095963.0,1684803.0,matched,1
4812552000,경상남도 창원시 마산합포구 가포동,3811352,경상남도 창원시 마산합포구 가포동,1097851.0,1685729.0,matched,1
4812553000,경상남도 창원시 마산합포구 월영동,3811353,경상남도 창원시 마산합포구 월영동,1096352.0,1687526.0,matched,1
4812554000,경상남도 창원시 마산합포구 문화동,3811354,경상남도 창원시 마산합포구 문화동,1095971.0,1688672.0,matched,1
4812555000,경상남도 창원시 마산합포구 반월동,,,,,name_not_found,0
4812556000,경상남도 창원시 마산합포구 중앙동,,,,,name_not_found,0
4812556500,경상남도 창원시 마산합포구 반월중앙동,3811366,경상남도 창원시 마산합포구 반월중앙동,1096810.0,1689131.0,matched,1
4812557000,경상남도 창원시 마산합포구 완월동,3811357,경상남도 창원시 마산합포구 완월동,1095577.0,1689719.0,matched,1
4812558000,경상남도 창원시 마산합포구 자산동,3811358,경상남도 창원시 마산합포구 자산동,1096556.0,1690429.0,matched,1
4812559000,경상남도 창원시 마산합포구 동서동,,,,,name_not_found,0
4812560000,경상남도 창원시 마산합포구 성호동,,,,,name_not_found,0
4812561000,경상남도 창원시 마산합포구 교방동,3811368,경상남도 창원시 마산합포구 교방동,1096069.0,1691126.0,matched,1
4812562000,경상남도 창원시 마산합포구 노산동,,,,,name_not_found,0
4812563000,경상남도 창원시 마산합포구 오동동,3811367,경상남도 창원시 마산합포구 오동동,1097798.0,1690359.0,matched,1
4812564000,경상남도 창원시 마산합포구 합포동,3811364,경상남도 창원시 마산합포구 합포동,1098403.0,1691291.0,matched,1
4812565000,경상남도 창원시 마산합포구 산호동,3811365,경상남도 창원시 마산합포구 산호동,1098694.0,1691821.0,matched,1
4812700000,경상남도 창원시 마산회원구,,,,,name_not_found,0
4812725000,경상남도 창원시 마산회원구 내서읍,3811411,경상남도 창원시 마산회원구 내서읍,1092218.0,1693263.0,matched,1
4812751000,경상남도 창원시 마산회원구 회원1동,3811451,경상남도 창원시 마산회원구 회원1동,1097740.0,1692177.0,matched,1
4812752000,경상남도 창원시 마산회원구 회원2동,3811452,경상남도 창원시 마산회원구 회원2동,1095887.0,1692103.0,matched,1
4812753000,경상남도 창원시 마산회원구 석전1동,,,,,name_not_found,0
4812754000,경상남도 창원시 마산회원구 석전2동,,,,,name_not_found,0
4812754500,경상남도 창원시 마산회원구 석전동,3811463,경상남도 창원시 마산회원구 석전동,1097513.0,1693503.0,matched,1
4812755000,경상남도 창원시 마산회원구 회성동,3811455,경상남도 창원시 마산회원구 회성동,1095301.0,1693801.0,matched,1
4812756000,경상남도 창원시 마산회원구 양덕1동,3811456,경상남도 창원시 마산회원구 양덕1동,1099018.0,1693568.0,matched,1
4812757000,경상남도 창원시 마산회원구 양덕2동,3811457,경상남도 창원시 마산회원구 양덕2동,1098674.0,1692814.0,matched,1
4812758000,경상남도 창원시 마산회원구 합성1동,3811458,경상남도 창원시 마산회원구 합성1동,1097781.0,1695630.0,matched,1
4812759000,경상남도 창원시 마산회원구 합성2동,3811459,경상남도 창원시 마산회원구 합성2동,1099500.0,1694346.0,matched,1
4812760000,경상남도 창원시 마산회원구 구암1동,3811460,경상남도 창원시 마산회원구 구암1동,1099312.0,1696331.0,matched,1
4812761000,경상남도 창원시 마산회원구 구암2동,3811461,경상남도 창원시 마산회원구 구암2동,1099871.0,1695386.0,matched,1
4812762000,경상남도 창원시 마산회원구 봉암동,3811462,경상남도 창원시 마산회원구 봉암동,1100545.0,1692611.0,matched,1
4812900000,경상남도 창원시 진해구,,,,,name_not_found,0
4812951000,경상남도 창원시 진해구 중앙동,,,,,name_not_found,0
4812952000,경상남도 창원시 진해구 태평동,,,,,name_not_found,0
4812953000,경상남도 창원시 진해구 충무동,3811566,경상남도 창원시 진해구 충무동,1104453.0,1684129.0,matched,1
4812954000,경상남도 창원시 진해구 여좌동,3811554,경상남도 창원시 진해구 여좌동,1106031.0,1686515.0,matched,1
4812955000,경상남도 창원시 진해구 태백동,3811555,경상남도 창원시 진해구 태백동,1106950.0,1685264.0,matched,1
4812956000,경상남도 창원시 진해구 경화동,3811556,경상남도 창원시 진해구 경화동,1107696.0,1685652.0,matched,1
4812957000,경상남도 창원시 진해구 병암동,3811557,경상남도 창원시 진해구 병암동,1108503.0,1685620.0,matched,1
4812958000,경상남도 창원시 진해구 석동,3811558,경상남도 창원시 진해구 석동,1109484.0,1685748.0,matched,1
4812959000,경상남도 창원시 진해구 이동,3811559,경상남도 창원시 진해구 이동,1109083.0,1684658.0,matched,1
4812960000,경상남도 창원시 진해구 자은동,3811560,경상남도 창원시 진해구 자은동,1111342.0,1684802.0,matched,1
4812961000,경상남도 창원시 진해구 덕산동,3811561,경상남도 창원시 진해구 덕산동,1109867.0,1683833.0,matched,1
4812962000,경상남도 창원시 진해구 풍호동,3811562,경상남도 창원시 진해구 풍호동,1110060.0,1681635.0,matched,1
4812963000,경상남도 창원시 진해구 웅천동,3811563,경상남도 창원시 진해구 웅천동,1113450.0,1679906.0,matched,1
4812964000,경상남도 창원시 진해구 웅동1동,3811564,경상남도 창원시 진해구 웅동1동,1116420.0,1683116.0,matched,1
4812965000,경상남도 창원시 진해구 웅동2동,3811565,경상남도 창원시 진해구 웅동2동,1119674.0,1679172.0,matched,1
4813000000,경상남도 울산시,,,,,name_not_found,0
4813100000,경상남도 울산시 중구,,,,,name_not_found,0
4813151000,경상남도 울산시 중구 학성동,,,,,name_not_found,0
4813152000,경상남도 울산시 중구 반구동,,,,,name_not_found,0
4813152100,경상남도 울산시 중구 반구1동,,,,,name_not_found,0
4813152200,경상남도 울산시 중구 반구2동,,,,,name_not_found,0
4813153000,경상남도 울산시 중구 복산동,,,,,name_not_found,0
4813153100,경상남도 울산시 중구 복산1동,,,,,name_not_found,0
4813153200,경상남도 울산시 중구 복산2동,,,,,name_not_found,0
4813154000,경상남도 울산시 중구 북정동,,,,,name_not_found,0
4813155000,경상남도 울산시 중구 옥교동,,,,,name_not_found,0
4813156000,경상남도 울산시 중구 성남동,,,,,name_not_found,0
4813157000,경상남도 울산시 중구 우정동,,,,,name_not_found,0
4813158000,경상남도 울산시 중구 태화동,,,,,name_not_found,0
4813158500,경상남도 울산시 중구 다운동,,,,,name_not_found,0
4813159000,경상남도 울산시 중구 병영동,,,,,name_not_found,0
4813159100,경상남도 울산시 중구 병영1동,,,,,name_not_found,0
4813159200,경상남도 울산시 중구 병영2동,,,,,name_not_found,0
4813160000,경상남도 울산시 중구 약사동,,,,,name_not_found,0
4813161000,경상남도 울산시 중구 진장동,,,,,name_not_found,0
4813162000,경상남도 울산시 중구 효문동,,,,,name_not_found,0
4813163000,경상남도 울산시 중구 송정동,,,,,name_not_found,0
4813164000,경상남도 울산시 중구 양정동,,,,,name_not_found,0
4813165000,경상남도 울산시 중구 염포동,,,,,name_not_found,0
4813300000,경상남도 울산시 남구,,,,,name_not_found,0
4813351000,경상남도 울산시 남구 신정1동,,,,,name_not_found,0
4813352000,경상남도 울산시 남구 신정2동,,,,,name_not_found,0
4813353000,경상남도 울산시 남구 신정3동,,,,,name_not_found,0
4813354000,경상남도 울산시 남구 신정4동,,,,,name_not_found,0
4813354100,경상남도 울산시 남구 신정5동,,,,,name_not_found,0
4813355000,경상남도 울산시 남구 달동,,,,,name_not_found,0
4813355500,경상남도 울산시 남구 삼산동,,,,,name_not_found,0
4813356000,경상남도 울산시 남구 무거동,,,,,name_not_found,0
4813356100,경상남도 울산시 남구 무거1동,,,,,name_not_found,0
4813356200,경상남도 울산시 남구 무거2동,,,,,name_not_found,0
4813357000,경상남도 울산시 남구 옥동,,,,,name_not_found,0
4813358000,경상남도 울산시 남구 여천동,,,,,name_not_found,0
4813359000,경상남도 울산시 남구 야음1동,,,,,name_not_found,0
4813360000,경상남도 울산시 남구 야음2동,,,,,name_not_found,0
4813361000,경상남도 울산시 남구 야음3동,,,,,name_not_found,0
4813362000,경상남도 울산시 남구 선암동,,,,,name_not_found,0
4813363000,경상남도 울산시 남구 부곡동,,,,,name_not_found,0
4813364000,경상남도 울산시 남구 황성동,,,,,name_not_found,0
4813365000,경상남도 울산시 남구 용연동,,,,,name_not_found,0
4813366000,경상남도 울산시 남구 장생포동,,,,,name_not_found,0
4813367000,경상남도 울산시 남구 매암동,,,,,name_not_found,0
4813368000,경상남도 울산시 남구 개운동,,,,,name_not_found,0
4813500000,경상남도 울산시 동구,,,,,name_not_found,0
4813551000,경상남도 울산시 동구 방어동,,,,,name_not_found,0
4813552000,경상남도 울산시 동구 일산동,,,,,name_not_found,0
4813553000,경상남도 울산시 동구 화정동,,,,,name_not_found,0
4813553600,경상남도 울산시 동구 대송동,,,,,name_not_found,0
4813554000,경상남도 울산시 동구 전하1동,,,,,name_not_found,0
4813555000,경상남도 울산시 동구 전하2동,,,,,name_not_found,0
4813555100,경상남도 울산시 동구 전하3동,,,,,name_not_found,0
4813556000,경상남도 울산시 동구 남목1동,,,,,name_not_found,0
4813557000,경상남도 울산시 동구 남목2동,,,,,name_not_found,0
4813557100,경상남도 울산시 동구 남목3동,,,,,name_not_found,0
4813558000,경상남도 울산시 동구 주전동,,,,,name_not_found,0
4813700000,경상남도 울산시 울주구,,,,,name_not_found,0
4813725000,경상남도 울산시 울주구 농소읍,,,,,name_not_found,0
4813725300,경상남도 울산시 울주구 온산읍,,,,,name_not_found,0
4813725600,경상남도 울산시 울주구 언양읍,,,,,name_not_found,0
4813731000,경상남도 울산시 울주구 농소면,,,,,name_not_found,0
4813732000,경상남도 울산시 울주구 강동면,,,,,name_not_found,0
4813733000,경상남도 울산시 울주구 온산면,,,,,name_not_found,0
4813734000,경상남도 울산시 울주구 서생면,,,,,name_not_found,0
4813735000,경상남도 울산시 울주구 온양면,,,,,name_not_found,0
4813736000,경상남도 울산시 울주구 청량면,,,,,name_not_found,0
4813737000,경상남도 울산시 울주구 웅촌면,,,,,name_not_found,0
4813738000,경상남도 울산시 울주구 범서면,,,,,name_not_found,0
4813739000,경상남도 울산시 울주구 두동면,,,,,name_not_found,0
4813740000,경상남도 울산시 울주구 두서면,,,,,name_not_found,0
4813741000,경상남도 울산시 울주구 언양면,,,,,name_not_found,0
4813742000,경상남도 울산시 울주구 상북면,,,,,name_not_found,0
4813743000,경상남도 울산시 울주구 삼남면,,,,,name_not_found,0
4813744000,경상남도 울산시 울주구 삼동면,,,,,name_not_found,0
4815000000,경상남도 마산시,,,,,name_not_found,0
4815051000,경상남도 마산시 현동,,,,,name_not_found,0
4815052000,경상남도 마산시 가포동,,,,,name_not_found,0
4815053000,경상남도 마산시 월영1동,,,,,name_not_found,0
4815054000,경상남도 마산시 월영2동,,,,,name_not_found,0
4815055000,경상남도 마산시 창포동,,,,,name_not_found,0
4815056000,경상남도 마산시 월남동,,,,,name_not_found,0
4815057000,경상남도 마산시 반월동,,,,,name_not_found,0
4815058000,경상남도 마산시 중앙동,,,,,name_not_found,0
4815059000,경상남도 마산시 완월동,,,,,name_not_found,0
4815060000,경상남도 마산시 자산동,,,,,name_not_found,0
4815061000,경상남도 마산시 서성동,,,,,name_not_found,0
4815062000,경상남도 마산시 동성동,,,,,name_not_found,0
4815063000,경상남도 마산시 부림동,,,,,name_not_found,0
4815064000,경상남도 마산시 추산동,,,,,name_not_found,0
4815065000,경상남도 마산시 중성동,,,,,name_not_found,0
4815066000,경상남도 마산시 성호동,,,,,name_not_found,0
4815067000,경상남도 마산시 교원동,,,,,name_not_found,0
4815068000,경상남도 마산시 교방동,,,,,name_not_found,0
4815069000,경상남도 마산시 상남1동,,,,,name_not_found,0
4815070000,경상남도 마산시 상남2동,,,,,name_not_found,0
4815071000,경상남도 마산시 오동동,,,,,name_not_found,0
4815072000,경상남도 마산시 산호1동,,,,,name_not_found,0
4815073000,경상남도 마산시 산호2동,,,,,name_not_found,0
4815074000,경상남도 마산시 회원1동,,,,,name_not_found,0
4815075000,경상남도 마산시 회원2동,,,,,name_not_found,0
4815076000,경상남도 마산시 석전1동,,,,,name_not_found,0
4815077000,경상남도 마산시 석전2동,,,,,name_not_found,0
4815078000,경상남도 마산시 회성동,,,,,name_not_found,0
4815079000,경상남도 마산시 양덕1동,,,,,name_not_found,0
4815080000,경상남도 마산시 양덕2동,,,,,name_not_found,0
4815081000,경상남도 마산시 양덕3동,,,,,name_not_found,0
4815082000,경상남도 마산시 합성1동,,,,,name_not_found,0
4815083000,경상남도 마산시 합성2동,,,,,name_not_found,0
4815084000,경상남도 마산시 구암1동,,,,,name_not_found,0
4815085000,경상남도 마산시 구암2동,,,,,name_not_found,0
4815086000,경상남도 마산시 봉암동,,,,,name_not_found,0
4815100000,경상남도 마산시 합포구,,,,,name_not_found,0
4815135000,경상남도 마산시 합포구 구산면,,,,,name_not_found,0
4815136000,경상남도 마산시 합포구 진동면,,,,,name_not_found,0
4815137000,경상남도 마산시 합포구 진북면,,,,,name_not_found,0
4815138000,경상남도 마산시 합포구 진전면,,,,,name_not_found,0
4815138500,경상남도 마산시 합포구 진전면의산출장소,,,,,name_not_found,0
4815151000,경상남도 마산시 합포구 현동,,,,,name_not_found,0
4815152000,경상남도 마산시 합포구 가포동,,,,,name_not_found,0
4815153000,경상남도 마산시 합포구 월영1동,,,,,name_not_found,0
4815154000,경상남도 마산시 합포구 월영2동,,,,,name_not_found,0
4815154500,경상남도 마산시 합포구 월영동,,,,,name_not_found,0
4815155000,경상남도 마산시 합포구 창포동,,,,,name_not_found,0
4815155500,경상남도 마산시 합포구 문화동,,,,,name_not_found,0
4815156000,경상남도 마산시 합포구 월남동,,,,,name_not_found,0
4815157000,경상남도 마산시 합포구 반월동,,,,,name_not_found,0
4815158000,경상남도 마산시 합포구 중앙동,,,,,name_not_found,0
4815159000,경상남도 마산시 합포구 완월동,,,,,name_not_found,0
4815160000,경상남도 마산시 합포구 자산동,,,,,name_not_found,0
4815161000,경상남도 마산시 합포구 서성동,,,,,name_not_found,0
4815162000,경상남도 마산시 합포구 동성동,,,,,name_not_found,0
4815162500,경상남도 마산시 합포구 동서동,,,,,name_not_found,0
4815163000,경상남도 마산시 합포구 부림동,,,,,name_not_found,0
4815164000,경상남도 마산시 합포구 추산동,,,,,name_not_found,0
4815165000,경상남도 마산시 합포구 중성동,,,,,name_not_found,0
4815166000,경상남도 마산시 합포구 성호동,,,,,name_not_found,0
4815167000,경상남도 마산시 합포구 교원동,,,,,name_not_found,0
4815168000,경상남도 마산시 합포구 교방동,,,,,name_not_found,0
4815169000,경상남도 마산시 합포구 상남1동,,,,,name_not_found,0
4815169500,경상남도 마산시 합포구 노산동,,,,,name_not_found,0
4815170000,경상남도 마산시 합포구 상남2동,,,,,name_not_found,0
4815171000,경상남도 마산시 합포구 오동동,,,,,name_not_found,0
4815172000,경상남도 마산시 합포구 산호1동,,,,,name_not_found,0
4815172500,경상남도 마산시 합포구 합포동,,,,,name_not_found,0
4815173000,경상남도 마산시 합포구 산호2동,,,,,name_not_found,0
4815174000,경상남도 마산시 합포구 산호동,,,,,name_not_found,0
4815300000,경상남도 마산시 회원구,,,,,name_not_found,0
4815325000,경상남도 마산시 회원구 내서읍,,,,,name_not_found,0
4815331000,경상남도 마산시 회원구 내서면,,,,,name_not_found,0
4815351000,경상남도 마산시 회원구 회원1동,,,,,name_not_found,0
4815352000,경상남도 마산시 회원구 회원2동,,,,,name_not_found,0
4815353000,경상남도 마산시 회원구 석전1동,,,,,name_not_found,0
4815354000,경상남도 마산시 회원구 석전2동,,,,,name_not_found,0
4815355000,경상남도 마산시 회원구 회성동,,,,,name_not_found,0
4815356000,경상남도 마산시 회원구 양덕1동,,,,,name_not_found,0
4815357000,경상남도 마산시 회원구 양덕2동,,,,,name_not_found,0
4815358000,경상남도 마산시 회원구 양덕3동,,,,,name_not_found,0
4815359000,경상남도 마산시 회원구 합성1동,,,,,name_not_found,0
4815360000,경상남도 마산시 회원구 합성2동,,,,,name_not_found,0
4815361000,경상남도 마산시 회원구 구암1동,,,,,name_not_found,0
4815362000,경상남도 마산시 회원구 구암2동,,,,,name_not_found,0
4815363000,경상남도 마산시 회원구 봉암동,,,,,name_not_found,0
4816000000,경상남도 마산시,,,,,name_not_found,0
4816025000,경상남도 마산시 내서읍,,,,,name_not_found,0
4816031000,경상남도 마산시 구산면,,,,,name_not_found,0
4816032000,경상남도 마산시 진동면,,,,,name_not_found,0
4816033000,경상남도 마산시 진북면,,,,,name_not_found,0
4816034000,경상남도 마산시 진전면,,,,,name_not_found,0
4816051000,경상남도 마산시 현동,,,,,name_not_found,0
4816052000,경상남도 마산시 가포동,,,,,name_not_found,0
4816053000,경상남도 마산시 월영동,,,,,name_not_found,0
4816054000,경상남도 마산시 문화동,,,,,name_not_found,0
4816055000,경상남도 마산시 반월동,,,,,name_not_found,0
4816056000,경상남도 마산시 중앙동,,,,,name_not_found,0
4816057000,경상남도 마산시 완월동,,,,,name_not_found,0
4816058000,경상남도 마산시 자산동,,,,,name_not_found,0
4816059000,경상남도 마산시 동서동,,,,,name_not_found,0
4816060000,경상남도 마산시 성호동,,,,,name_not_found,0
4816061000,경상남도 마산시 교방동,,,,,name_not_found,0
4816062000,경상남도 마산시 노산동,,,,,name_not_found,0
4816063000,경상남도 마산시 오동동,,,,,name_not_found,0
4816064000,경상남도 마산시 합포동,,,,,name_not_found,0
4816065000,경상남도 마산시 산호동,,,,,name_not_found,0
4816066000,경상남도 마산시 회원1동,,,,,name_not_found,0
4816067000,경상남도 마산시 회원2동,,,,,name_not_found,0
4816068000,경상남도 마산시 석전1동,,,,,name_not_found,0
4816069000,경상남도 마산시 석전2동,,,,,name_not_found,0
4816070000,경상남도 마산시 회성동,,,,,name_not_found,0
4816071000,경상남도 마산시 양덕1동,,,,,name_not_found,0
4816072000,경상남도 마산시 양덕2동,,,,,name_not_found,0
4816073000,경상남도 마산시 합성1동,,,,,name_not_found,0
4816074000,경상남도 마산시 합성2동,,,,,name_not_found,0
4816075000,경상남도 마산시 구암1동,,,,,name_not_found,0
4816076000,경상남도 마산시 구암2동,,,,,name_not_found,0
4816077000,경상남도 마산시 봉암동,,,,,name_not_found,0
4817000000,경상남도 진주시,,,,,name_not_found,0
4817025000,경상남도 진주시 문산읍,3803011,경상남도 진주시 문산읍,1062083.0,1684867.0,matched,1
4817031000,경상남도 진주시 내동면,3803031,경상남도 진주시 내동면,1049290.0,1683296.0,matched,1
4817032000,경상남도 진주시 정촌면,3803032,경상남도 진주시 정촌면,1055923.0,1681517.0,matched,1
4817033000,경상남도 진주시 금곡면,3803033,경상남도 진주시 금곡면,1062710.0,1679006.0,matched,1
4817034000,경상남도 진주시 문산면,,,,,name_not_found,0
4817035000,경상남도 진주시 진성면,3803034,경상남도 진주시 진성면,1066484.0,1686875.0,matched,1
4817036000,경상남도 진주시 일반성면,3803035,경상남도 진주시 일반성면,1071489.0,1684853.0,matched,1
4817037000,경상남도 진주시 이반성면,3803036,경상남도 진주시 이반성면,1076020.0,1685852.0,matched,1
4817038000,경상남도 진주시 사봉면,3803037,경상남도 진주시 사봉면,1070845.0,1689636.0,matched,1
4817039000,경상남도 진주시 지수면,3803038,경상남도 진주시 지수면,1069474.0,1693621.0,matched,1
4817040000,경상남도 진주시 대곡면,3803039,경상남도 진주시 대곡면,1061487.0,1696618.0,matched,1
4817041000,경상남도 진주시 금산면,3803040,경상남도 진주시 금산면,1059913.0,1690661.0,matched,1
4817042000,경상남도 진주시 집현면,3803041,경상남도 진주시 집현면,1053399.0,1695481.0,matched,1
4817043000,경상남도 진주시 미천면,3803042,경상남도 진주시 미천면,1055614.0,1701484.0,matched,1
4817044000,경상남도 진주시 명석면,3803043,경상남도 진주시 명석면,1047400.0,1695614.0,matched,1
4817045000,경상남도 진주시 대평면,3803044,경상남도 진주시 대평면,1043648.0,1689548.0,matched,1
4817046000,경상남도 진주시 수곡면,3803045,경상남도 진주시 수곡면,1039138.0,1689860.0,matched,1
4817051000,경상남도 진주시 망경동,,,,,name_not_found,0
4817051500,경상남도 진주시 천전동,3803072,경상남도 진주시 천전동,1053336.0,1686860.0,matched,1
4817052000,경상남도 진주시 강남동,,,,,name_not_found,0
4817053000,경상남도 진주시 칠암동,,,,,name_not_found,0
4817054000,경상남도 진주시 본성동,,,,,name_not_found,0
4817054500,경상남도 진주시 성지동,,,,,name_not_found,0
4817055000,경상남도 진주시 남성동,,,,,name_not_found,0
4817055500,경상남도 진주시 성북동,3803073,경상남도 진주시 성북동,1052506.0,1688691.0,matched,1
4817056000,경상남도 진주시 대안동,,,,,name_not_found,0
4817056500,경상남도 진주시 중앙동,3803074,경상남도 진주시 중앙동,1053756.0,1689101.0,matched,1
4817057000,경상남도 진주시 중안동,,,,,name_not_found,0
4817057500,경상남도 진주시 봉안동,,,,,name_not_found,0
4817058000,경상남도 진주시 봉곡동,,,,,name_not_found,0
4817059000,경상남도 진주시 상봉동동,,,,,name_not_found,0
4817059500,경상남도 진주시 상봉동,3803075,경상남도 진주시 상봉동,1052130.0,1689950.0,matched,1
4817060000,경상남도 진주시 상봉서동,,,,,name_not_found,0
4817061000,경상남도 진주시 봉래동,,,,,name_not_found,0
4817061500,경상남도 진주시 봉수동,,,,,name_not_found,0
4817062000,경상남도 진주시 수정동,,,,,name_not_found,0
4817063000,경상남도 진주시 장대동,,,,,name_not_found,0
4817064000,경상남도 진주시 옥봉남동,,,,,name_not_found,0
4817064500,경상남도 진주시 옥봉동,,,,,name_not_found,0
4817065000,경상남도 진주시 옥봉북동,,,,,name_not_found,0
4817066000,경상남도 진주시 상대1동,,,,,name_not_found,0
4817067000,경상남도 진주시 상대2동,,,,,name_not_found,0
4817067300,경상남도 진주시 상대동,3803077,경상남도 진주시 상대동,1055716.0,1687731.0,matched,1
4817067500,경상남도 진주시 하대동,3803078,경상남도 진주시 하대동,1056104.0,1688661.0,matched,1
4817067600,경상남도 진주시 하대1동,,,,,name_not_found,0
4817067700,경상남도 진주시 하대2동,,,,,name_not_found,0
4817067800,경상남도 진주시 하대동,3803078,경상남도 진주시 하대동,1056104.0,1688661.0,matched,1
4817068000,경상남도 진주시 상평동,3803065,경상남도 진주시 상평동,1055954.0,1686605.0,matched,1
4817069000,경상남도 진주시 초전동,,,,,name_not_found,0
4817069500,경상남도 진주시 초장동,3803066,경상남도 진주시 초장동,1054638.0,1690840.0,matched,1
4817070000,경상남도 진주시 장재동,,,,,name_not_found,0
4817071000,경상남도 진주시 평거동,3803067,경상남도 진주시 평거동,1051021.0,1686888.0,matched,1
4817071500,경상남도 진주시 신안동,3803068,경상남도 진주시 신안동,1051918.0,1687834.0,matched,1
4817072000,경상남도 진주시 이현동,3803069,경상남도 진주시 이현동,1050447.0,1689341.0,matched,1
4817073000,경상남도 진주시 판문동,3803070,경상남도 진주시 판문동,1048206.0,1687148.0,matched,1
4817074000,경상남도 진주시 가호동,3803071,경상남도 진주시 가호동,1055702.0,1684756.0,matched,1
4817075000,경상남도 진주시 충무공동,3803076,경상남도 진주시 충무공동,1058355.0,1686890.0,matched,1
4819000000,경상남도 진해시,,,,,name_not_found,0
4819051000,경상남도 진해시 충무로1가동,,,,,name_not_found,0
4819051500,경상남도 진해시 중앙동,,,,,name_not_found,0
4819052000,경상남도 진해시 충무로2가동,,,,,name_not_found,0
4819052500,경상남도 진해시 태평동,,,,,name_not_found,0
4819053000,경상남도 진해시 충무로3가동,,,,,name_not_found,0
4819054000,경상남도 진해시 충무로4가동,,,,,name_not_found,0
4819055000,경상남도 진해시 충무로5가동,,,,,name_not_found,0
4819055500,경상남도 진해시 충무동,,,,,name_not_found,0
4819056000,경상남도 진해시 충무로6가동,,,,,name_not_found,0
4819057000,경상남도 진해시 여좌1가동,,,,,name_not_found,0
4819057500,경상남도 진해시 여좌동,,,,,name_not_found,0
4819058000,경상남도 진해시 여좌2가동,,,,,name_not_found,0
4819059000,경상남도 진해시 여좌3가동,,,,,name_not_found,0
4819060000,경상남도 진해시 태백동,,,,,name_not_found,0
4819061000,경상남도 진해시 경화1가동,,,,,name_not_found,0
4819061500,경상남도 진해시 경화동,,,,,name_not_found,0
4819062000,경상남도 진해시 경화2가동,,,,,name_not_found,0
4819063000,경상남도 진해시 경화3가동,,,,,name_not_found,0
4819063500,경상남도 진해시 병암동,,,,,name_not_found,0
4819064000,경상남도 진해시 석동,,,,,name_not_found,0
4819065000,경상남도 진해시 이동,,,,,name_not_found,0
4819066000,경상남도 진해시 자은동,,,,,name_not_found,0
4819067000,경상남도 진해시 덕산동,,,,,name_not_found,0
4819068000,경상남도 진해시 풍호동,,,,,name_not_found,0
4819069000,경상남도 진해시 장천동,,,,,name_not_found,0
4819069500,경상남도 진해시 장암동,,,,,name_not_found,0
4819070000,경상남도 진해시 행암동,,,,,name_not_found,0
4819071000,경상남도 진해시 웅천1동,,,,,name_not_found,0
4819071500,경상남도 진해시 웅천동,,,,,name_not_found,0
4819072000,경상남도 진해시 웅천2동,,,,,name_not_found,0
4819073000,경상남도 진해시 웅동1동,,,,,name_not_found,0
4819074000,경상남도 진해시 웅동2동,,,,,name_not_found,0
4819500000,경상남도 진해시웅천출장소,,,,,name_not_found,0
4819600000,경상남도 진해시웅동출장소,,,,,name_not_found,0
4821000000,경상남도 충무시,,,,,name_not_found,0
4821051000,경상남도 충무시 도천동,,,,,name_not_found,0
4821052000,경상남도 충무시 서호동,,,,,name_not_found,0
4821053000,경상남도 충무시 명정동,,,,,name_not_found,0
4821054000,경상남도 충무시 항남동,,,,,name_not_found,0
4821055000,경상남도 충무시 중앙동,,,,,name_not_found,0
4821056000,경상남도 충무시 문화동,,,,,name_not_found,0
4821057000,경상남도 충무시 태평동,,,,,name_not_found,0
4821058000,경상남도 충무시 동호동,,,,,name_not_found,0
4821059000,경상남도 충무시 정량동,,,,,name_not_found,0
4821060000,경상남도 충무시 북신동,,,,,name_not_found,0
4821061000,경상남도 충무시 평림1동,,,,,name_not_found,0
4821062000,경상남도 충무시 평림2동,,,,,name_not_found,0
4821063000,경상남도 충무시 인평동,,,,,name_not_found,0
4821064000,경상남도 충무시 당동,,,,,name_not_found,0
4821065000,경상남도 충무시 미수1동,,,,,name_not_found,0
4821066000,경상남도 충무시 미수2동,,,,,name_not_found,0
4821067000,경상남도 충무시 봉평동,,,,,name_not_found,0
4821068000,경상남도 충무시 도남1동,,,,,name_not_found,0
4821069000,경상남도 충무시 도남2동,,,,,name_not_found,0
4821070000,경상남도 충무시 무전동,,,,,name_not_found,0
4822000000,경상남도 통영시,,,,,name_not_found,0
4822025000,경상남도 통영시 산양읍,3805011,경상남도 통영시 산양읍,1083138.0,1644872.0,matched,1
4822031000,경상남도 통영시 용남면,3805031,경상남도 통영시 용남면,1086483.0,1654817.0,matched,1
4822032000,경상남도 통영시 산양면,,,,,name_not_found,0
4822033000,경상남도 통영시 도산면,3805032,경상남도 통영시 도산면,1078608.0,1657243.0,matched,1
4822034000,경상남도 통영시 광도면,3805033,경상남도 통영시 광도면,1083053.0,1658884.0,matched,1
4822034500,경상남도 통영시 광도면안정출장소,,,,,name_not_found,0
4822035000,경상남도 통영시 욕지면,3805034,경상남도 통영시 욕지면,1069257.0,1627102.0,matched,1
4822036000,경상남도 통영시 한산면,3805035,경상남도 통영시 한산면,1090099.0,1643608.0,matched,1
4822037000,경상남도 통영시 사량면,3805036,경상남도 통영시 사량면,1067204.0,1647652.0,matched,1
4822051000,경상남도 통영시 도천동,3805062,경상남도 통영시 도천동,1082056.0,1650147.0,matched,1
4822052000,경상남도 통영시 서호동,,,,,name_not_found,0
4822053000,경상남도 통영시 명정동,3805052,경상남도 통영시 명정동,1082812.0,1651346.0,matched,1
4822054000,경상남도 통영시 항남동,,,,,name_not_found,0
4822055000,경상남도 통영시 중앙동,3805053,경상남도 통영시 중앙동,1084389.0,1650536.0,matched,1
4822056000,경상남도 통영시 문화동,,,,,name_not_found,0
4822057000,경상남도 통영시 태평동,,,,,name_not_found,0
4822058000,경상남도 통영시 동호동,,,,,name_not_found,0
4822059000,경상남도 통영시 정량동,3805054,경상남도 통영시 정량동,1085565.0,1650693.0,matched,1
4822060000,경상남도 통영시 북신동,3805055,경상남도 통영시 북신동,1084463.0,1651486.0,matched,1
4822061000,경상남도 통영시 평림1동,,,,,name_not_found,0
4822062000,경상남도 통영시 평림2동,,,,,name_not_found,0
4822062500,경상남도 통영시 평림동,,,,,name_not_found,0
4822063000,경상남도 통영시 인평동,,,,,name_not_found,0
4822064000,경상남도 통영시 당동,,,,,name_not_found,0
4822065000,경상남도 통영시 미수1동,,,,,name_not_found,0
4822066000,경상남도 통영시 미수2동,,,,,name_not_found,0
4822066500,경상남도 통영시 미수동,3805063,경상남도 통영시 미수동,1082479.0,1648134.0,matched,1
4822067000,경상남도 통영시 봉평동,3805064,경상남도 통영시 봉평동,1084297.0,1648110.0,matched,1
4822068000,경상남도 통영시 도남1동,,,,,name_not_found,0
4822069000,경상남도 통영시 도남2동,,,,,name_not_found,0
4822069500,경상남도 통영시 도남동,,,,,name_not_found,0
4822070000,경상남도 통영시 무전동,3805056,경상남도 통영시 무전동,1084871.0,1652191.0,matched,1
4823000000,경상남도 삼천포시,,,,,name_not_found,0
4823051000,경상남도 삼천포시 동서동,,,,,name_not_found,0
4823052000,경상남도 삼천포시 선구동,,,,,name_not_found,0
4823053000,경상남도 삼천포시 동서금동,,,,,name_not_found,0
4823054000,경상남도 삼천포시 동좌동,,,,,name_not_found,0
4823055000,경상남도 삼천포시 벌룡동,,,,,name_not_found,0
4823056000,경상남도 삼천포시 봉이동,,,,,name_not_found,0
4823057000,경상남도 삼천포시 이궁사동,,,,,name_not_found,0
4823058000,경상남도 삼천포시 향촌동,,,,,name_not_found,0
4823059000,경상남도 삼천포시 대방동,,,,,name_not_found,0
4823060000,경상남도 삼천포시 실마동,,,,,name_not_found,0
4823061000,경상남도 삼천포시 늑도동,,,,,name_not_found,0
4823062000,경상남도 삼천포시 신수동,,,,,name_not_found,0
4823063000,경상남도 삼천포시 백신동,,,,,name_not_found,0
4823064000,경상남도 삼천포시 노대동,,,,,name_not_found,0
4823064500,경상남도 삼천포시 남양2동,,,,,name_not_found,0
4823065000,경상남도 삼천포시 송포동,,,,,name_not_found,0
4823066000,경상남도 삼천포시 죽림동,,,,,name_not_found,0
4823066500,경상남도 삼천포시 남양1동,,,,,name_not_found,0
4823088000,경상남도 삼천포시 늑도출장소,,,,,name_not_found,0
4823089000,경상남도 삼천포시 신수출장소,,,,,name_not_found,0
4823500000,경상남도 삼천포남양출장소,,,,,name_not_found,0
4824000000,경상남도 사천시,,,,,name_not_found,0
4824025000,경상남도 사천시 사천읍,3806011,경상남도 사천시 사천읍,1056338.0,1677616.0,matched,1
4824031000,경상남도 사천시 정동면,3806031,경상남도 사천시 정동면,1058013.0,1673090.0,matched,1
4824032000,경상남도 사천시 사남면,3806032,경상남도 사천시 사남면,1055286.0,1670441.0,matched,1
4824033000,경상남도 사천시 용현면,3806033,경상남도 사천시 용현면,1051851.0,1669551.0,matched,1
4824034000,경상남도 사천시 축동면,3806034,경상남도 사천시 축동면,1050967.0,1679166.0,matched,1
4824035000,경상남도 사천시 곤양면,3806035,경상남도 사천시 곤양면,1045949.0,1675524.0,matched,1
4824036000,경상남도 사천시 곤명면,3806036,경상남도 사천시 곤명면,1040634.0,1680713.0,matched,1
4824037000,경상남도 사천시 서포면,3806037,경상남도 사천시 서포면,1042453.0,1669111.0,matched,1
4824051000,경상남도 사천시 동서동,3806051,경상남도 사천시 동서동,1050778.0,1660873.0,matched,1
4824052000,경상남도 사천시 선구동,3806052,경상남도 사천시 선구동,1052343.0,1661637.0,matched,1
4824053000,경상남도 사천시 동서금동,3806053,경상남도 사천시 동서금동,1052965.0,1659662.0,matched,1
4824054000,경상남도 사천시 동좌동,,,,,name_not_found,0
4824055000,경상남도 사천시 벌용동,3806055,경상남도 사천시 벌용동,1054798.0,1663254.0,matched,1
4824056000,경상남도 사천시 봉이동,,,,,name_not_found,0
4824057000,경상남도 사천시 향촌동,3806057,경상남도 사천시 향촌동,1055635.0,1661163.0,matched,1
4824058000,경상남도 사천시 대방동,,,,,name_not_found,0
4824059000,경상남도 사천시 남양2동,,,,,name_not_found,0
4824059500,경상남도 사천시 남양동,3806059,경상남도 사천시 남양동,1052502.0,1665110.0,matched,1
4824060000,경상남도 사천시 남양1동,,,,,name_not_found,0
4824088000,경상남도 사천시 늑도출장소,,,,,name_not_found,0
4824089000,경상남도 사천시 신수출장소,,,,,name_not_found,0
4824500000,경상남도 사천남양출장소,,,,,name_not_found,0
4825000000,경상남도 김해시,,,,,name_not_found,0
4825025000,경상남도 김해시 진영읍,3807011,경상남도 김해시 진영읍,1112694.0,1700607.0,matched,1
4825031000,경상남도 김해시 장유면,,,,,name_not_found,0
4825032000,경상남도 김해시 주촌면,3807032,경상남도 김해시 주촌면,1120284.0,1694980.0,matched,1
4825033000,경상남도 김해시 진례면,3807033,경상남도 김해시 진례면,1114464.0,1694842.0,matched,1
4825034000,경상남도 김해시 한림면,3807034,경상남도 김해시 한림면,1118895.0,1702656.0,matched,1
4825035000,경상남도 김해시 생림면,3807035,경상남도 김해시 생림면,1122800.0,1706134.0,matched,1
4825036000,경상남도 김해시 상동면,3807036,경상남도 김해시 상동면,1128934.0,1703398.0,matched,1
4825037000,경상남도 김해시 대동면,3807037,경상남도 김해시 대동면,1133551.0,1697061.0,matched,1
4825051000,경상남도 김해시 동상동,3807051,경상남도 김해시 동상동,1126236.0,1694928.0,matched,1
4825052000,경상남도 김해시 회현동,3807052,경상남도 김해시 회현동,1125362.0,1693619.0,matched,1
4825053000,경상남도 김해시 부원동,3807053,경상남도 김해시 부원동,1126394.0,1692939.0,matched,1
4825054000,경상남도 김해시 내외동,3807054,경상남도 김해시 내외동,1123834.0,1694354.0,matched,1
4825055000,경상남도 김해시 북부동,3807055,경상남도 김해시 북부동,1124574.0,1697551.0,matched,1
4825056000,경상남도 김해시 칠산동,,,,,name_not_found,0
4825056500,경상남도 김해시 칠산서부동,3807056,경상남도 김해시 칠산서부동,1123639.0,1690509.0,matched,1
4825057000,경상남도 김해시 서부동,,,,,name_not_found,0
4825058000,경상남도 김해시 활천동,3807058,경상남도 김해시 활천동,1127407.0,1694144.0,matched,1
4825059000,경상남도 김해시 삼안동,3807059,경상남도 김해시 삼안동,1128202.0,1696369.0,matched,1
4825060000,경상남도 김해시 불암동,3807060,경상남도 김해시 불암동,1129510.0,1693339.0,matched,1
4825061000,경상남도 김해시 장유1동,3807061,경상남도 김해시 장유1동,1119365.0,1690643.0,matched,1
4825062000,경상남도 김해시 장유2동,3807062,경상남도 김해시 장유2동,1115888.0,1688938.0,matched,1
4825063000,경상남도 김해시 장유3동,3807063,경상남도 김해시 장유3동,1120332.0,1686871.0,matched,1
4825200000,경상남도 장유출장소,,,,,name_not_found,0
4827000000,경상남도 밀양시,,,,,name_not_found,0
4827025000,경상남도 밀양시 삼랑진읍,3808011,경상남도 밀양시 삼랑진읍,1121755.0,1715313.0,matched,1
4827025100,경상남도 밀양시 삼랑진임천출장소,,,,,name_not_found,0
4827025300,경상남도 밀양시 하남읍,3808012,경상남도 밀양시 하남읍,1112673.0,1710018.0,matched,1
4827029000,경상남도 밀양시 삼랑진임천출장소,,,,,name_not_found,0
4827031000,경상남도 밀양시 부북면,3808031,경상남도 밀양시 부북면,1110166.0,1725824.0,matched,1
4827032000,경상남도 밀양시 상동면,3808032,경상남도 밀양시 상동면,1116478.0,1729801.0,matched,1
4827033000,경상남도 밀양시 산외면,3808033,경상남도 밀양시 산외면,1119735.0,1725991.0,matched,1
4827034000,경상남도 밀양시 산내면,3808034,경상남도 밀양시 산내면,1129075.0,1733800.0,matched,1
4827035000,경상남도 밀양시 단장면,3808035,경상남도 밀양시 단장면,1127931.0,1724198.0,matched,1
4827036000,경상남도 밀양시 상남면,3808036,경상남도 밀양시 상남면,1114751.0,1714652.0,matched,1
4827037000,경상남도 밀양시 초동면,3808037,경상남도 밀양시 초동면,1107484.0,1714241.0,matched,1
4827038000,경상남도 밀양시 무안면,3808038,경상남도 밀양시 무안면,1103674.0,1721733.0,matched,1
4827039000,경상남도 밀양시 청도면,3808039,경상남도 밀양시 청도면,1102626.0,1729818.0,matched,1
4827051000,경상남도 밀양시 내일동,3808051,경상남도 밀양시 내일동,1117201.0,1722304.0,matched,1
4827052000,경상남도 밀양시 내이동,3808052,경상남도 밀양시 내이동,1112605.0,1723216.0,matched,1
4827053000,경상남도 밀양시 삼문동,3808054,경상남도 밀양시 삼문동,1113630.0,1721547.0,matched,1
4827054000,경상남도 밀양시 가곡동,3808055,경상남도 밀양시 가곡동,1116243.0,1720611.0,matched,1
4827055000,경상남도 밀양시 교동,3808053,경상남도 밀양시 교동,1114568.0,1724321.0,matched,1
4827056000,경상남도 밀양시 용활동,,,,,name_not_found,0
4829000000,경상남도 장승포시,,,,,name_not_found,0
4829051000,경상남도 장승포시 장승포동,,,,,name_not_found,0
4829052000,경상남도 장승포시 마전동,,,,,name_not_found,0
4829053000,경상남도 장승포시 능포동,,,,,name_not_found,0
4829054000,경상남도 장승포시 아주동,,,,,name_not_found,0
4829055000,경상남도 장승포시 옥포1동,,,,,name_not_found,0
4829056000,경상남도 장승포시 옥포2동,,,,,name_not_found,0
4831000000,경상남도 거제시,,,,,name_not_found,0
4831025000,경상남도 거제시 신현읍,,,,,name_not_found,0
4831031000,경상남도 거제시 일운면,3809031,경상남도 거제시 일운면,1109298.0,1648769.0,matched,1
4831032000,경상남도 거제시 동부면,3809032,경상남도 거제시 동부면,1102234.0,1645737.0,matched,1
4831033000,경상남도 거제시 남부면,3809033,경상남도 거제시 남부면,1101913.0,1638593.0,matched,1
4831034000,경상남도 거제시 거제면,3809034,경상남도 거제시 거제면,1098631.0,1653288.0,matched,1
4831035000,경상남도 거제시 둔덕면,3809035,경상남도 거제시 둔덕면,1092522.0,1651832.0,matched,1
4831036000,경상남도 거제시 사등면,3809036,경상남도 거제시 사등면,1094682.0,1657217.0,matched,1
4831036600,경상남도 거제시 사등면가조출장소,,,,,name_not_found,0
4831037000,경상남도 거제시 연초면,3809037,경상남도 거제시 연초면,1105241.0,1659751.0,matched,1
4831038000,경상남도 거제시 하청면,3809038,경상남도 거제시 하청면,1104439.0,1662713.0,matched,1
4831038500,경상남도 거제시 하청면칠천출장소,,,,,name_not_found,0
4831039000,경상남도 거제시 장목면,3809039,경상남도 거제시 장목면,1108719.0,1664496.0,matched,1
4831039500,경상남도 거제시 장목면외포출장소,,,,,name_not_found,0
4831051000,경상남도 거제시 장승포동,3809061,경상남도 거제시 장승포동,1112021.0,1653567.0,matched,1
4831052000,경상남도 거제시 마전동,,,,,name_not_found,0
4831053000,경상남도 거제시 능포동,3809053,경상남도 거제시 능포동,1112635.0,1654694.0,matched,1
4831054000,경상남도 거제시 아주동,3809054,경상남도 거제시 아주동,1108918.0,1653231.0,matched,1
4831055000,경상남도 거제시 옥포1동,3809055,경상남도 거제시 옥포1동,1108430.0,1655539.0,matched,1
4831056000,경상남도 거제시 옥포2동,3809056,경상남도 거제시 옥포2동,1109492.0,1657683.0,matched,1
4831057000,경상남도 거제시 장평동,3809057,경상남도 거제시 장평동,1100370.0,1656007.0,matched,1
4831058000,경상남도 거제시 고현동,3809058,경상남도 거제시 고현동,1102650.0,1654843.0,matched,1
4831059000,경상남도 거제시 상문동,3809059,경상남도 거제시 상문동,1104940.0,1651294.0,matched,1
4831060000,경상남도 거제시 수양동,3809060,경상남도 거제시 수양동,1105642.0,1655071.0,matched,1
4833000000,경상남도 양산시,,,,,name_not_found,0
4833025000,경상남도 양산시 웅상읍,,,,,name_not_found,0
4833025100,경상남도 양산시 웅상읍덕계출장소,,,,,name_not_found,0
4833025300,경상남도 양산시 물금읍,3810012,경상남도 양산시 물금읍,1136396.0,1703260.0,matched,1
4833029000,경상남도 양산시 웅상읍덕계출장소,,,,,name_not_found,0
4833031000,경상남도 양산시 동면,3810031,경상남도 양산시 동면,1142914.0,1703945.0,matched,1
4833032000,경상남도 양산시 원동면,3810032,경상남도 양산시 원동면,1132659.0,1714807.0,matched,1
4833032500,경상남도 양산시 원동면이천출장소,,,,,name_not_found,0
4833033000,경상남도 양산시 상북면,3810033,경상남도 양산시 상북면,1140224.0,1715412.0,matched,1
4833034000,경상남도 양산시 하북면,3810034,경상남도 양산시 하북면,1143798.0,1719630.0,matched,1
4833051000,경상남도 양산시 중앙동,3810058,경상남도 양산시 중앙동,1142161.0,1706368.0,matched,1
4833051500,경상남도 양산시 양주동,3810059,경상남도 양산시 양주동,1138907.0,1705434.0,matched,1
4833052000,경상남도 양산시 삼성동,3810052,경상남도 양산시 삼성동,1142431.0,1708887.0,matched,1
4833053000,경상남도 양산시 강서동,3810053,경상남도 양산시 강서동,1137238.0,1710950.0,matched,1
4833054000,경상남도 양산시 서창동,3810054,경상남도 양산시 서창동,1153111.0,1713853.0,matched,1
4833055000,경상남도 양산시 소주동,3810055,경상남도 양산시 소주동,1149385.0,1714241.0,matched,1
4833056000,경상남도 양산시 평산동,3810056,경상남도 양산시 평산동,1147864.0,1710934.0,matched,1
4833057000,경상남도 양산시 덕계동,3810057,경상남도 양산시 덕계동,1151932.0,1709597.0,matched,1
4833200000,경상남도 양산시웅상출장소,,,,,name_not_found,0
4871000000,경상남도 진양군,,,,,name_not_found,0
4871031000,경상남도 진양군 내동면,,,,,name_not_found,0
4871032000,경상남도 진양군 정촌면,,,,,name_not_found,0
4871033000,경상남도 진양군 금곡면,,,,,name_not_found,0
4871034000,경상남도 진양군 문산면,,,,,name_not_found,0
4871035000,경상남도 진양군 진성면,,,,,name_not_found,0
4871036000,경상남도 진양군 일반성면,,,,,name_not_found,0
4871037000,경상남도 진양군 이반성면,,,,,name_not_found,0
4871038000,경상남도 진양군 사봉면,,,,,name_not_found,0
4871039000,경상남도 진양군 지수면,,,,,name_not_found,0
4871040000,경상남도 진양군 대곡면,,,,,name_not_found,0
4871041000,경상남도 진양군 금산면,,,,,name_not_found,0
4871042000,경상남도 진양군 집현면,,,,,name_not_found,0
4871043000,경상남도 진양군 미천면,,,,,name_not_found,0
4871044000,경상남도 진양군 명석면,,,,,name_not_found,0
4871045000,경상남도 진양군 대평면,,,,,name_not_found,0
4871046000,경상남도 진양군 수곡면,,,,,name_not_found,0
4872000000,경상남도 의령군,,,,,name_not_found,0
4872003000,경상남도 의령군 의령면,,,,,name_not_found,0
4872011000,경상남도 의령군 의령읍,3831011,경상남도 의령군 의령읍,1069376.0,1701154.0,matched,1
4872025000,경상남도 의령군 의령읍,3831011,경상남도 의령군 의령읍,1069376.0,1701154.0,matched,1
4872031000,경상남도 의령군 가례면,3831031,경상남도 의령군 가례면,1066063.0,1706898.0,matched,1
4872032000,경상남도 의령군 칠곡면,3831032,경상남도 의령군 칠곡면,1062218.0,1706236.0,matched,1
4872033000,경상남도 의령군 대의면,3831033,경상남도 의령군 대의면,1058415.0,1708208.0,matched,1
4872034000,경상남도 의령군 화정면,3831034,경상남도 의령군 화정면,1065148.0,1699002.0,matched,1
4872035000,경상남도 의령군 용덕면,3831035,경상남도 의령군 용덕면,1070772.0,1707114.0,matched,1
4872036000,경상남도 의령군 정곡면,3831036,경상남도 의령군 정곡면,1075841.0,1709324.0,matched,1
4872037000,경상남도 의령군 지정면,3831037,경상남도 의령군 지정면,1080768.0,1711097.0,matched,1
4872038000,경상남도 의령군 낙서면,3831038,경상남도 의령군 낙서면,1080723.0,1721323.0,matched,1
4872039000,경상남도 의령군 부림면,3831039,경상남도 의령군 부림면,1075476.0,1720517.0,matched,1
4872040000,경상남도 의령군 봉수면,3831040,경상남도 의령군 봉수면,1069524.0,1720346.0,matched,1
4872041000,경상남도 의령군 궁유면,,,,,name_not_found,0
4872041500,경상남도 의령군 궁류면,3831041,경상남도 의령군 궁류면,1066402.0,1715507.0,matched,1
4872042000,경상남도 의령군 유곡면,3831042,경상남도 의령군 유곡면,1072277.0,1714408.0,matched,1
4873000000,경상남도 함안군,,,,,name_not_found,0
4873003000,경상남도 함안군 가야면,,,,,name_not_found,0
4873025000,경상남도 함안군 가야읍,3832011,경상남도 함안군 가야읍,1081418.0,1697923.0,matched,1
4873025300,경상남도 함안군 칠원읍,3832012,경상남도 함안군 칠원읍,1093462.0,1700424.0,matched,1
4873031000,경상남도 함안군 함안면,3832031,경상남도 함안군 함안면,1084111.0,1693167.0,matched,1
4873032000,경상남도 함안군 군북면,3832032,경상남도 함안군 군북면,1075808.0,1696161.0,matched,1
4873032500,경상남도 함안군 군북면월촌출장소,,,,,name_not_found,0
4873033000,경상남도 함안군 법수면,3832033,경상남도 함안군 법수면,1077337.0,1703823.0,matched,1
4873034000,경상남도 함안군 대산면,3832034,경상남도 함안군 대산면,1085072.0,1706204.0,matched,1
4873035000,경상남도 함안군 칠서면,3832035,경상남도 함안군 칠서면,1089949.0,1706582.0,matched,1
4873036000,경상남도 함안군 칠북면,3832036,경상남도 함안군 칠북면,1094416.0,1707087.0,matched,1
4873037000,경상남도 함안군 칠원읍,3832012,경상남도 함안군 칠원읍,1093462.0,1700424.0,matched,1
4873038000,경상남도 함안군 산인면,3832038,경상남도 함안군 산인면,1086725.0,1698303.0,matched,1
4873039000,경상남도 함안군 여항면,3832039,경상남도 함안군 여항면,1086019.0,1689258.0,matched,1
4873039500,경상남도 함안군 여항면산서출장소,,,,,name_not_found,0
4874000000,경상남도 창녕군,,,,,name_not_found,0
4874003000,경상남도 창녕군 남지면,,,,,name_not_found,0
4874011000,경상남도 창녕군 창녕읍,3833011,경상남도 창녕군 창녕읍,1092469.0,1725838.0,matched,1
4874012500,경상남도 창녕군 남지읍고곡출장소,,,,,name_not_found,0
4874025000,경상남도 창녕군 창녕읍,3833011,경상남도 창녕군 창녕읍,1092469.0,1725838.0,matched,1
4874025300,경상남도 창녕군 남지읍,3833012,경상남도 창녕군 남지읍,1084678.0,1715189.0,matched,1
4874031000,경상남도 창녕군 고암면,3833031,경상남도 창녕군 고암면,1093798.0,1731021.0,matched,1
4874032000,경상남도 창녕군 성산면,3833032,경상남도 창녕군 성산면,1092417.0,1736843.0,matched,1
4874033000,경상남도 창녕군 대합면,3833033,경상남도 창녕군 대합면,1085639.0,1733632.0,matched,1
4874034000,경상남도 창녕군 이방면,3833034,경상남도 창녕군 이방면,1079975.0,1730658.0,matched,1
4874035000,경상남도 창녕군 유어면,3833035,경상남도 창녕군 유어면,1083520.0,1725028.0,matched,1
4874036000,경상남도 창녕군 대지면,3833036,경상남도 창녕군 대지면,1086926.0,1727805.0,matched,1
4874037000,경상남도 창녕군 계성면,3833037,경상남도 창녕군 계성면,1092057.0,1720554.0,matched,1
4874038000,경상남도 창녕군 영산면,3833038,경상남도 창녕군 영산면,1093057.0,1717359.0,matched,1
4874039000,경상남도 창녕군 장마면,3833039,경상남도 창녕군 장마면,1088012.0,1719611.0,matched,1
4874040000,경상남도 창녕군 도천면,3833040,경상남도 창녕군 도천면,1093827.0,1714757.0,matched,1
4874041000,경상남도 창녕군 길곡면,3833041,경상남도 창녕군 길곡면,1096804.0,1712441.0,matched,1
4874042000,경상남도 창녕군 부곡면,3833042,경상남도 창녕군 부곡면,1101424.0,1714043.0,matched,1
4875000000,경상남도 밀양군,,,,,name_not_found,0
4875003000,경상남도 밀양군 삼랑진면,,,,,name_not_found,0
4875003500,경상남도 밀양군 하남면,,,,,name_not_found,0
4875011000,경상남도 밀양군 밀양읍,,,,,name_not_found,0
4875012000,경상남도 밀양군 삼랑진읍,,,,,name_not_found,0
4875012500,경상남도 밀양군 삼랑진임천출장소,,,,,name_not_found,0
4875013000,경상남도 밀양군 하남읍,,,,,name_not_found,0
4875031000,경상남도 밀양군 부북면,,,,,name_not_found,0
4875032000,경상남도 밀양군 상동면,,,,,name_not_found,0
4875033000,경상남도 밀양군 산외면,,,,,name_not_found,0
4875034000,경상남도 밀양군 산내면,,,,,name_not_found,0
4875035000,경상남도 밀양군 단장면,,,,,name_not_found,0
4875036000,경상남도 밀양군 상남면,,,,,name_not_found,0
4875037000,경상남도 밀양군 초동면,,,,,name_not_found,0
4875038000,경상남도 밀양군 무안면,,,,,name_not_found,0
4875039000,경상남도 밀양군 청도면,,,,,name_not_found,0
4876000000,경상남도 양산군,,,,,name_not_found,0
4876003000,경상남도 양산군 양산면,,,,,name_not_found,0
4876003500,경상남도 양산군 기장면,,,,,name_not_found,0
4876004000,경상남도 양산군 서생면,,,,,name_not_found,0
4876004500,경상남도 양산군 장안면,,,,,name_not_found,0
4876011000,경상남도 양산군 양산읍,,,,,name_not_found,0
4876012000,경상남도 양산군 기장읍,,,,,name_not_found,0
4876013000,경상남도 양산군 장안읍,,,,,name_not_found,0
4876014000,경상남도 양산군 웅상읍,,,,,name_not_found,0
4876031000,경상남도 양산군 동면,,,,,name_not_found,0
4876032000,경상남도 양산군 물금면,,,,,name_not_found,0
4876033000,경상남도 양산군 원동면,,,,,name_not_found,0
4876033500,경상남도 양산군 원동면이천출장소,,,,,name_not_found,0
4876034000,경상남도 양산군 상북면,,,,,name_not_found,0
4876035000,경상남도 양산군 하북면,,,,,name_not_found,0
4876036000,경상남도 양산군 웅상면,,,,,name_not_found,0
4876037000,경상남도 양산군 일광면,,,,,name_not_found,0
4876038000,경상남도 양산군 정관면,,,,,name_not_found,0
4876039000,경상남도 양산군 철마면,,,,,name_not_found,0
4877000000,경상남도 울주군,,,,,name_not_found,0
4877031000,경상남도 울주군 농소면,,,,,name_not_found,0
4877032000,경상남도 울주군 강동면,,,,,name_not_found,0
4877033000,경상남도 울주군 온산면,,,,,name_not_found,0
4877034000,경상남도 울주군 서생면,,,,,name_not_found,0
4877035000,경상남도 울주군 온양면,,,,,name_not_found,0
4877036000,경상남도 울주군 청량면,,,,,name_not_found,0
4877037000,경상남도 울주군 웅촌면,,,,,name_not_found,0
4877038000,경상남도 울주군 범서면,,,,,name_not_found,0
4877039000,경상남도 울주군 두동면,,,,,name_not_found,0
4877040000,경상남도 울주군 두서면,,,,,name_not_found,0
4877041000,경상남도 울주군 언양면,,,,,name_not_found,0
4877042000,경상남도 울주군 상북면,,,,,name_not_found,0
4877043000,경상남도 울주군 삼남면,,,,,name_not_found,0
4877043500,경상남도 울주군 삼남면삼동출장소,,,,,name_not_found,0
4877044000,경상남도 울주군 삼동면,,,,,name_not_found,0
4877049100,경상남도 울주군 두서면,,,,,name_not_found,0
4877500000,경상남도 울산군,,,,,name_not_found,0
4877531000,경상남도 울산군 농소면,,,,,name_not_found,0
4877532000,경상남도 울산군 강동면,,,,,name_not_found,0
4877533000,경상남도 울산군 온산면,,,,,name_not_found,0
4877534000,경상남도 울산군 서생면,,,,,name_not_found,0
4877535000,경상남도 울산군 온양면,,,,,name_not_found,0
4877536000,경상남도 울산군 청량면,,,,,name_not_found,0
4877537000,경상남도 울산군 웅촌면,,,,,name_not_found,0
4877538000,경상남도 울산군 범서면,,,,,name_not_found,0
4877539000,경상남도 울산군 두동면,,,,,name_not_found,0
4877540000,경상남도 울산군 두서면,,,,,name_not_found,0
4877541000,경상남도 울산군 언양면,,,,,name_not_found,0
4877542000,경상남도 울산군 상북면,,,,,name_not_found,0
4877543000,경상남도 울산군 삼남면,,,,,name_not_found,0
4877544000,경상남도 울산군 삼동면,,,,,name_not_found,0
4878000000,경상남도 김해군,,,,,name_not_found,0
4878001000,경상남도 김해군 김해읍,,,,,name_not_found,0
4878001500,경상남도 김해군 대저읍,,,,,name_not_found,0
4878003000,경상남도 김해군 이북면,,,,,name_not_found,0
4878003500,경상남도 김해군 명지면,,,,,name_not_found,0
4878004000,경상남도 김해군 대저면,,,,,name_not_found,0
4878011000,경상남도 김해군 진영읍,,,,,name_not_found,0
4878031000,경상남도 김해군 가락면,,,,,name_not_found,0
4878032000,경상남도 김해군 녹산면,,,,,name_not_found,0
4878033000,경상남도 김해군 장유면,,,,,name_not_found,0
4878034000,경상남도 김해군 주촌면,,,,,name_not_found,0
4878035000,경상남도 김해군 진례면,,,,,name_not_found,0
4878036000,경상남도 김해군 한림면,,,,,name_not_found,0
4878037000,경상남도 김해군 생림면,,,,,name_not_found,0
4878038000,경상남도 김해군 상동면,,,,,name_not_found,0
4878039000,경상남도 김해군 대동면,,,,,name_not_found,0
4879000000,경상남도 의창군,,,,,name_not_found,0
4879003000,경상남도 의창군 웅동면,,,,,name_not_found,0
4879031000,경상남도 의창군 내서면,,,,,name_not_found,0
4879032000,경상남도 의창군 동면,,,,,name_not_found,0
4879033000,경상남도 의창군 북면,,,,,name_not_found,0
4879033500,경상남도 의창군 북면화천출장소,,,,,name_not_found,0
4879034000,경상남도 의창군 대산면,,,,,name_not_found,0
4879035000,경상남도 의창군 구산면,,,,,name_not_found,0
4879036000,경상남도 의창군 진동면,,,,,name_not_found,0
4879037000,경상남도 의창군 진북면,,,,,name_not_found,0
4879038000,경상남도 의창군 진전면,,,,,name_not_found,0
4879038500,경상남도 의창군 진전면의산출장소,,,,,name_not_found,0
4879039000,경상남도 의창군 천가면,,,,,name_not_found,0
4879500000,경상남도 창원군,,,,,name_not_found,0
4879531000,경상남도 창원군 내서면,,,,,name_not_found,0
4879532000,경상남도 창원군 동면,,,,,name_not_found,0
4879533000,경상남도 창원군 북면,,,,,name_not_found,0
4879533500,경상남도 창원군 북면화천출장소,,,,,name_not_found,0
4879534000,경상남도 창원군 대산면,,,,,name_not_found,0
4879535000,경상남도 창원군 구산면,,,,,name_not_found,0
4879536000,경상남도 창원군 진동면,,,,,name_not_found,0
4879537000,경상남도 창원군 진북면,,,,,name_not_found,0
4879538000,경상남도 창원군 진전면,,,,,name_not_found,0
4879538500,경상남도 창원군 진전면의산출장소,,,,,name_not_found,0
4880000000,경상남도 통영군,,,,,name_not_found,0
4880031000,경상남도 통영군 용남면,,,,,name_not_found,0
4880032000,경상남도 통영군 산양면,,,,,name_not_found,0
4880033000,경상남도 통영군 도산면,,,,,name_not_found,0
4880034000,경상남도 통영군 광도면,,,,,name_not_found,0
4880034500,경상남도 통영군 광도면안정출장소,,,,,name_not_found,0
4880035000,경상남도 통영군 욕지면,,,,,name_not_found,0
4880036000,경상남도 통영군 한산면,,,,,name_not_found,0
4880037000,경상남도 통영군 사량면,,,,,name_not_found,0
4881000000,경상남도 거제군,,,,,name_not_found,0
4881003000,경상남도 거제군 신현면,,,,,name_not_found,0
4881011000,경상남도 거제군 신현읍,,,,,name_not_found,0
4881012000,경상남도 거제군 장승포읍,,,,,name_not_found,0
4881012500,경상남도 거제군 장승포옥포출장소,,,,,name_not_found,0
4881031000,경상남도 거제군 일운면,,,,,name_not_found,0
4881032000,경상남도 거제군 동부면,,,,,name_not_found,0
4881034000,경상남도 거제군 거제면,,,,,name_not_found,0
4881035000,경상남도 거제군 둔덕면,,,,,name_not_found,0
4881036000,경상남도 거제군 사등면,,,,,name_not_found,0
4881036600,경상남도 거제군 사등면가조출장소,,,,,name_not_found,0
4881037000,경상남도 거제군 연초면,,,,,name_not_found,0
4881038000,경상남도 거제군 하청면,,,,,name_not_found,0
4881038500,경상남도 거제군 하청면칠천출장소,,,,,name_not_found,0
4881039000,경상남도 거제군 장목면,,,,,name_not_found,0
4881039500,경상남도 거제군 장목면외포출장소,,,,,name_not_found,0
4881040000,경상남도 거제군 남부면,,,,,name_not_found,0
4882000000,경상남도 고성군,,,,,name_not_found,0
4882011000,경상남도 고성군 고성읍,3834011,경상남도 고성군 고성읍,1075386.0,1665192.0,matched,1
4882025000,경상남도 고성군 고성읍,3834011,경상남도 고성군 고성읍,1075386.0,1665192.0,matched,1
4882031000,경상남도 고성군 삼산면,3834031,경상남도 고성군 삼산면,1070996.0,1661945.0,matched,1
4882032000,경상남도 고성군 하일면,3834032,경상남도 고성군 하일면,1062570.0,1660690.0,matched,1
4882033000,경상남도 고성군 하이면,3834033,경상남도 고성군 하이면,1058680.0,1660542.0,matched,1
4882034000,경상남도 고성군 상리면,3834034,경상남도 고성군 상리면,1063882.0,1667139.0,matched,1
4882035000,경상남도 고성군 대가면,3834035,경상남도 고성군 대가면,1070854.0,1670544.0,matched,1
4882036000,경상남도 고성군 영현면,3834036,경상남도 고성군 영현면,1065567.0,1672753.0,matched,1
4882037000,경상남도 고성군 영오면,3834037,경상남도 고성군 영오면,1066594.0,1678969.0,matched,1
4882038000,경상남도 고성군 개천면,3834038,경상남도 고성군 개천면,1071676.0,1678240.0,matched,1
4882039000,경상남도 고성군 구만면,3834039,경상남도 고성군 구만면,1076389.0,1677868.0,matched,1
4882040000,경상남도 고성군 회화면,3834040,경상남도 고성군 회화면,1080892.0,1675911.0,matched,1
4882041000,경상남도 고성군 마암면,3834041,경상남도 고성군 마암면,1076116.0,1672578.0,matched,1
4882042000,경상남도 고성군 동해면,3834042,경상남도 고성군 동해면,1086171.0,1670383.0,matched,1
4882043000,경상남도 고성군 거류면,3834043,경상남도 고성군 거류면,1080557.0,1665860.0,matched,1
4883000000,경상남도 사천군,,,,,name_not_found,0
4883011000,경상남도 사천군 사천읍,,,,,name_not_found,0
4883031000,경상남도 사천군 정동면,,,,,name_not_found,0
4883032000,경상남도 사천군 사남면,,,,,name_not_found,0
4883033000,경상남도 사천군 용현면,,,,,name_not_found,0
4883034000,경상남도 사천군 축동면,,,,,name_not_found,0
4883035000,경상남도 사천군 곤양면,,,,,name_not_found,0
4883036000,경상남도 사천군 곤명면,,,,,name_not_found,0
4883037000,경상남도 사천군 서포면,,,,,name_not_found,0
4884000000,경상남도 남해군,,,,,name_not_found,0
4884003000,경상남도 남해군 남해면,,,,,name_not_found,0
4884011000,경상남도 남해군 남해읍,3835011,경상남도 남해군 남해읍,1035829.0,1648743.0,matched,1
4884025000,경상남도 남해군 남해읍,3835011,경상남도 남해군 남해읍,1035829.0,1648743.0,matched,1
4884031000,경상남도 남해군 이동면,3835031,경상남도 남해군 이동면,1041463.0,1643823.0,matched,1
4884032000,경상남도 남해군 상주면,3835032,경상남도 남해군 상주면,1044217.0,1637974.0,matched,1
4884033000,경상남도 남해군 삼동면,3835033,경상남도 남해군 삼동면,1047574.0,1644637.0,matched,1
4884034000,경상남도 남해군 미조면,3835034,경상남도 남해군 미조면,1048316.0,1637894.0,matched,1
4884035000,경상남도 남해군 남면,3835035,경상남도 남해군 남면,1034742.0,1640869.0,matched,1
4884036000,경상남도 남해군 서면,3835036,경상남도 남해군 서면,1030862.0,1649830.0,matched,1
4884036500,경상남도 남해군 서면중현출장소,,,,,name_not_found,0
4884037000,경상남도 남해군 고현면,3835037,경상남도 남해군 고현면,1034107.0,1655335.0,matched,1
4884038000,경상남도 남해군 설천면,3835038,경상남도 남해군 설천면,1037693.0,1657954.0,matched,1
4884039000,경상남도 남해군 창선면,3835039,경상남도 남해군 창선면,1047813.0,1651307.0,matched,1
4885000000,경상남도 하동군,,,,,name_not_found,0
4885011000,경상남도 하동군 하동읍,3836011,경상남도 하동군 하동읍,1021650.0,1676795.0,matched,1
4885025000,경상남도 하동군 하동읍,3836011,경상남도 하동군 하동읍,1021650.0,1676795.0,matched,1
4885031000,경상남도 하동군 화개면,3836031,경상남도 하동군 화개면,1013434.0,1695401.0,matched,1
4885031500,경상남도 하동군 하개면신흥출장소,,,,,name_not_found,0
4885032000,경상남도 하동군 악양면,3836032,경상남도 하동군 악양면,1019137.0,1686222.0,matched,1
4885033000,경상남도 하동군 적량면,3836033,경상남도 하동군 적량면,1024252.0,1678958.0,matched,1
4885034000,경상남도 하동군 횡천면,3836034,경상남도 하동군 횡천면,1028776.0,1680653.0,matched,1
4885035000,경상남도 하동군 고전면,3836035,경상남도 하동군 고전면,1028772.0,1670303.0,matched,1
4885036000,경상남도 하동군 금남면,3836036,경상남도 하동군 금남면,1032660.0,1664892.0,matched,1
4885036500,경상남도 하동군 금남면갈사출장소,,,,,name_not_found,0
4885037000,경상남도 하동군 진교면,3836038,경상남도 하동군 진교면,1036218.0,1671233.0,matched,1
4885038000,경상남도 하동군 양보면,3836039,경상남도 하동군 양보면,1031613.0,1674943.0,matched,1
4885039000,경상남도 하동군 북천면,3836040,경상남도 하동군 북천면,1033814.0,1680590.0,matched,1
4885040000,경상남도 하동군 청암면,3836041,경상남도 하동군 청암면,1023434.0,1689035.0,matched,1
4885040500,경상남도 하동군 청암면위태출장소,,,,,name_not_found,0
4885041000,경상남도 하동군 옥종면,3836042,경상남도 하동군 옥종면,1032894.0,1688834.0,matched,1
4885042000,경상남도 하동군 금성면,3836037,경상남도 하동군 금성면,1027386.0,1663325.0,matched,1
4886000000,경상남도 산청군,,,,,name_not_found,0
4886003000,경상남도 산청군 산청면,,,,,name_not_found,0
4886025000,경상남도 산청군 산청읍,3837011,경상남도 산청군 산청읍,1036363.0,1712486.0,matched,1
4886031000,경상남도 산청군 차황면,3837031,경상남도 산청군 차황면,1040313.0,1719654.0,matched,1
4886032000,경상남도 산청군 오부면,3837032,경상남도 산청군 오부면,1035571.0,1721763.0,matched,1
4886033000,경상남도 산청군 생초면,3837033,경상남도 산청군 생초면,1031563.0,1723761.0,matched,1
4886034000,경상남도 산청군 금서면,3837034,경상남도 산청군 금서면,1028427.0,1713768.0,matched,1
4886034500,경상남도 산청군 금서면서하출장소,,,,,name_not_found,0
4886035000,경상남도 산청군 삼장면,3837035,경상남도 산청군 삼장면,1028031.0,1704931.0,matched,1
4886036000,경상남도 산청군 시천면,3837036,경상남도 산청군 시천면,1025166.0,1697949.0,matched,1
4886037000,경상남도 산청군 단성면,3837037,경상남도 산청군 단성면,1037828.0,1699980.0,matched,1
4886037500,경상남도 산청군 단성면서부출장소,,,,,name_not_found,0
4886038000,경상남도 산청군 신안면,3837038,경상남도 산청군 신안면,1043504.0,1705356.0,matched,1
4886039000,경상남도 산청군 생비량면,3837039,경상남도 산청군 생비량면,1050521.0,1706258.0,matched,1
4886040000,경상남도 산청군 신등면,3837040,경상남도 산청군 신등면,1045558.0,1712406.0,matched,1
4887000000,경상남도 함양군,,,,,name_not_found,0
4887011000,경상남도 함양군 함양읍,3838011,경상남도 함양군 함양읍,1018465.0,1722693.0,matched,1
4887025000,경상남도 함양군 함양읍,3838011,경상남도 함양군 함양읍,1018465.0,1722693.0,matched,1
4887031000,경상남도 함양군 마천면,3838031,경상남도 함양군 마천면,1016314.0,1708721.0,matched,1
4887032000,경상남도 함양군 휴천면,3838032,경상남도 함양군 휴천면,1021298.0,1716645.0,matched,1
4887032500,경상남도 함양군 휴천면엄천출장소,,,,,name_not_found,0
4887033000,경상남도 함양군 유림면,3838033,경상남도 함양군 유림면,1026168.0,1721115.0,matched,1
4887034000,경상남도 함양군 수동면,3838034,경상남도 함양군 수동면,1028214.0,1729178.0,matched,1
4887035000,경상남도 함양군 지곡면,3838035,경상남도 함양군 지곡면,1023556.0,1731358.0,matched,1
4887036000,경상남도 함양군 안의면,3838036,경상남도 함양군 안의면,1027503.0,1740083.0,matched,1
4887037000,경상남도 함양군 서하면,3838037,경상남도 함양군 서하면,1019681.0,1737347.0,matched,1
4887038000,경상남도 함양군 서상면,3838038,경상남도 함양군 서상면,1016225.0,1744149.0,matched,1
4887039000,경상남도 함양군 백전면,3838039,경상남도 함양군 백전면,1012110.0,1730188.0,matched,1
4887040000,경상남도 함양군 병곡면,3838040,경상남도 함양군 병곡면,1017059.0,1728934.0,matched,1
4888000000,경상남도 거창군,,,,,name_not_found,0
4888011000,경상남도 거창군 거창읍,3839011,경상남도 거창군 거창읍,1037024.0,1744676.0,matched,1
4888025000,경상남도 거창군 거창읍,3839011,경상남도 거창군 거창읍,1037024.0,1744676.0,matched,1
4888031000,경상남도 거창군 주상면,3839031,경상남도 거창군 주상면,1037551.0,1752298.0,matched,1
4888032000,경상남도 거창군 웅양면,3839032,경상남도 거창군 웅양면,1038335.0,1759609.0,matched,1
4888033000,경상남도 거창군 고제면,3839033,경상남도 거창군 고제면,1032747.0,1761402.0,matched,1
4888034000,경상남도 거창군 북상면,3839034,경상남도 거창군 북상면,1024121.0,1754834.0,matched,1
4888035000,경상남도 거창군 위천면,3839035,경상남도 거창군 위천면,1029273.0,1750252.0,matched,1
4888036000,경상남도 거창군 마리면,3839036,경상남도 거창군 마리면,1031395.0,1744883.0,matched,1
4888037000,경상남도 거창군 남상면,3839037,경상남도 거창군 남상면,1037764.0,1736115.0,matched,1
4888038000,경상남도 거창군 남하면,3839038,경상남도 거창군 남하면,1042907.0,1742058.0,matched,1
4888039000,경상남도 거창군 신원면,3839039,경상남도 거창군 신원면,1038785.0,1729994.0,matched,1
4888040000,경상남도 거창군 가조면,3839040,경상남도 거창군 가조면,1047873.0,1745583.0,matched,1
4888041000,경상남도 거창군 가북면,3839041,경상남도 거창군 가북면,1045893.0,1755435.0,matched,1
4889000000,경상남도 합천군,,,,,name_not_found,0
4889003000,경상남도 합천군 합천면,,,,,name_not_found,0
4889011000,경상남도 합천군 합천읍,3840011,경상남도 합천군 합천읍,1057915.0,1734815.0,matched,1
4889025000,경상남도 합천군 합천읍,3840011,경상남도 합천군 합천읍,1057915.0,1734815.0,matched,1
4889031000,경상남도 합천군 봉산면,3840031,경상남도 합천군 봉산면,1048518.0,1734962.0,matched,1
4889032000,경상남도 합천군 묘산면,3840032,경상남도 합천군 묘산면,1055274.0,1740818.0,matched,1
4889033000,경상남도 합천군 가야면,3840033,경상남도 합천군 가야면,1054119.0,1751681.0,matched,1
4889034000,경상남도 합천군 야로면,3840034,경상남도 합천군 야로면,1060536.0,1746972.0,matched,1
4889035000,경상남도 합천군 율곡면,3840035,경상남도 합천군 율곡면,1064145.0,1733443.0,matched,1
4889036000,경상남도 합천군 초계면,3840036,경상남도 합천군 초계면,1067144.0,1727428.0,matched,1
4889037000,경상남도 합천군 쌍책면,3840037,경상남도 합천군 쌍책면,1069707.0,1735037.0,matched,1
4889038000,경상남도 합천군 덕곡면,3840038,경상남도 합천군 덕곡면,1074627.0,1737588.0,matched,1
4889039000,경상남도 합천군 청덕면,3840039,경상남도 합천군 청덕면,1075293.0,1729596.0,matched,1
4889040000,경상남도 합천군 적중면,3840040,경상남도 합천군 적중면,1071201.0,1727362.0,matched,1
4889041000,경상남도 합천군 대양면,3840041,경상남도 합천군 대양면,1062312.0,1724125.0,matched,1
4889042000,경상남도 합천군 쌍백면,3840042,경상남도 합천군 쌍백면,1059411.0,1717867.0,matched,1
4889043000,경상남도 합천군 삼가면,3840043,경상남도 합천군 삼가면,1055558.0,1713245.0,matched,1
4889044000,경상남도 합천군 가회면,3840044,경상남도 합천군 가회면,1048287.0,1718346.0,matched,1
4889045000,경상남도 합천군 대병면,3840045,경상남도 합천군 대병면,1046181.0,1725822.0,matched,1
4889046000,경상남도 합천군 용주면,3840046,경상남도 합천군 용주면,1054389.0,1727221.0,matched,1
4900000000,제주도,,,,,name_not_found,0
4911000000,제주도 제주시,,,,,name_not_found,0
4911051000,제주도 제주시 일도1동,,,,,name_not_found,0
4911052000,제주도 제주시 일도2동,,,,,name_not_found,0
4911053000,제주도 제주시 이도1동,,,,,name_not_found,0
4911054000,제주도 제주시 이도2동,,,,,name_not_found,0
4911055000,제주도 제주시 삼도1동,,,,,name_not_found,0
4911056000,제주도 제주시 삼도2동,,,,,name_not_found,0
4911057000,제주도 제주시 용담1동,,,,,name_not_found,0
4911058000,제주도 제주시 용담2동,,,,,name_not_found,0
4911059000,제주도 제주시 건입동,,,,,name_not_found,0
4911060000,제주도 제주시 화북동,,,,,name_not_found,0
4911061000,제주도 제주시 삼양동,,,,,name_not_found,0
4911062000,제주도 제주시 봉개동,,,,,name_not_found,0
4911063000,제주도 제주시 아라동,,,,,name_not_found,0
4911064000,제주도 제주시 오라동,,,,,name_not_found,0
4911065000,제주도 제주시 연동,,,,,name_not_found,0
4911066000,제주도 제주시 노형동,,,,,name_not_found,0
4911067000,제주도 제주시 외도동,,,,,name_not_found,0
4911068000,제주도 제주시 이호동,,,,,name_not_found,0
4911069000,제주도 제주시 도두동,,,,,name_not_found,0
4913000000,제주도 서귀포시,,,,,name_not_found,0
4913051000,제주도 서귀포시 송산동,,,,,name_not_found,0
4913052000,제주도 서귀포시 정방동,,,,,name_not_found,0
4913053000,제주도 서귀포시 중앙동,,,,,name_not_found,0
4913054000,제주도 서귀포시 천지동,,,,,name_not_found,0
4913055000,제주도 서귀포시 효돈동,,,,,name_not_found,0
4913056000,제주도 서귀포시 영천동,,,,,name_not_found,0
4913057000,제주도 서귀포시 동홍동,,,,,name_not_found,0
4913058000,제주도 서귀포시 서홍동,,,,,name_not_found,0
4913059000,제주도 서귀포시 대륜동,,,,,name_not_found,0
4913060000,제주도 서귀포시 대천동,,,,,name_not_found,0
4913061000,제주도 서귀포시 중문동,,,,,name_not_found,0
4913062000,제주도 서귀포시 예래동,,,,,name_not_found,0
4971000000,제주도 북제주군,,,,,name_not_found,0
4971003000,제주도 북제주군 조천면,,,,,name_not_found,0
4971003500,제주도 북제주군 애월면,,,,,name_not_found,0
4971004000,제주도 북제주군 구좌면,,,,,name_not_found,0
4971012500,제주도 북제주군 애월읍하귀출장소,,,,,name_not_found,0
4971013500,제주도 북제주군 구좌읍김녕출장소,,,,,name_not_found,0
4971014500,제주도 북제주군 조천읍함덕출장소,,,,,name_not_found,0
4971025000,제주도 북제주군 한림읍,,,,,name_not_found,0
4971025300,제주도 북제주군 애월읍,,,,,name_not_found,0
4971025600,제주도 북제주군 구좌읍,,,,,name_not_found,0
4971025900,제주도 북제주군 조천읍,,,,,name_not_found,0
4971031000,제주도 북제주군 한경면,,,,,name_not_found,0
4971031500,제주도 북제주군 한경면고산출장소,,,,,name_not_found,0
4971032000,제주도 북제주군 추자면,,,,,name_not_found,0
4971033000,제주도 북제주군 우도면,,,,,name_not_found,0
4972000000,제주도 남제주군,,,,,name_not_found,0
4972001000,제주도 남제주군 서귀읍,,,,,name_not_found,0
4972003000,제주도 남제주군 성산면,,,,,name_not_found,0
4972003500,제주도 남제주군 중문면,,,,,name_not_found,0
4972004000,제주도 남제주군 남원면,,,,,name_not_found,0
4972025000,제주도 남제주군 대정읍,,,,,name_not_found,0
4972025100,제주도 남제주군 대정읍무릉출장소,,,,,name_not_found,0
4972025300,제주도 남제주군 남원읍,,,,,name_not_found,0
4972025400,제주도 남제주군 남원읍위미출장소,,,,,name_not_found,0
4972025600,제주도 남제주군 성산읍,,,,,name_not_found,0
4972025700,제주도 남제주군 성산읍신산출장소,,,,,name_not_found,0
4972025900,제주도 남제주군 성산읍,,,,,name_not_found,0
4972026000,제주도 남제주군 성산읍신산출장소,,,,,name_not_found,0
4972029000,제주도 남제주군 대정읍무릉출장소,,,,,name_not_found,0
4972029100,제주도 남제주군 남원읍위미출장소,,,,,name_not_found,0
4972029200,제주도 남제주군 성산읍신산출장소,,,,,name_not_found,0
4972031000,제주도 남제주군 안덕면,,,,,name_not_found,0
4972032000,제주도 남제주군 표선면,,,,,name_not_found,0
5000000000,제주특별자치도,,,,,name_not_found,0
5011000000,제주특별자치도 제주시,,,,,name_not_found,0
5011025000,제주특별자치도 제주시 한림읍,3901011,제주특별자치도 제주시 한림읍,885780.0,1488411.0,matched,1
5011025300,제주특별자치도 제주시 애월읍,3901012,제주특별자치도 제주시 애월읍,897142.0,1491605.0,matched,1
5011025600,제주특별자치도 제주시 구좌읍,3901013,제주특별자치도 제주시 구좌읍,935022.0,1501835.0,matched,1
5011025900,제주특별자치도 제주시 조천읍,3901014,제주특별자치도 제주시 조천읍,923637.0,1498126.0,matched,1
5011031000,제주특별자치도 제주시 한경면,3901031,제주특별자치도 제주시 한경면,881675.0,1482392.0,matched,1
5011032000,제주특별자치도 제주시 추자면,3901032,제주특별자치도 제주시 추자면,890998.0,1551313.0,matched,1
5011033000,제주특별자치도 제주시 우도면,3901033,제주특별자치도 제주시 우도면,949470.0,1501657.0,matched,1
5011051000,제주특별자치도 제주시 일도1동,3901051,제주특별자치도 제주시 일도1동,909690.0,1502992.0,matched,1
5011052000,제주특별자치도 제주시 일도2동,3901052,제주특별자치도 제주시 일도2동,910926.0,1502143.0,matched,1
5011053000,제주특별자치도 제주시 이도1동,3901053,제주특별자치도 제주시 이도1동,909686.0,1501947.0,matched,1
5011054000,제주특별자치도 제주시 이도2동,3901054,제주특별자치도 제주시 이도2동,910131.0,1500365.0,matched,1
5011055000,제주특별자치도 제주시 삼도1동,3901055,제주특별자치도 제주시 삼도1동,908930.0,1501647.0,matched,1
5011056000,제주특별자치도 제주시 삼도2동,3901056,제주특별자치도 제주시 삼도2동,909100.0,1502749.0,matched,1
5011057000,제주특별자치도 제주시 용담1동,3901057,제주특별자치도 제주시 용담1동,908383.0,1502269.0,matched,1
5011058000,제주특별자치도 제주시 용담2동,3901058,제주특별자치도 제주시 용담2동,907042.0,1502387.0,matched,1
5011059000,제주특별자치도 제주시 건입동,3901059,제주특별자치도 제주시 건입동,911084.0,1503297.0,matched,1
5011060000,제주특별자치도 제주시 화북동,3901060,제주특별자치도 제주시 화북동,913085.0,1502218.0,matched,1
5011061000,제주특별자치도 제주시 삼양동,3901061,제주특별자치도 제주시 삼양동,915647.0,1502848.0,matched,1
5011062000,제주특별자치도 제주시 봉개동,3901062,제주특별자치도 제주시 봉개동,917357.0,1496346.0,matched,1
5011063000,제주특별자치도 제주시 아라동,3901063,제주특별자치도 제주시 아라동,912458.0,1494132.0,matched,1
5011064000,제주특별자치도 제주시 오라동,3901064,제주특별자치도 제주시 오라동,908734.0,1493745.0,matched,1
5011065000,제주특별자치도 제주시 연동,3901065,제주특별자치도 제주시 연동,906626.0,1496661.0,matched,1
5011066000,제주특별자치도 제주시 노형동,3901066,제주특별자치도 제주시 노형동,904799.0,1493849.0,matched,1
5011067000,제주특별자치도 제주시 외도동,3901067,제주특별자치도 제주시 외도동,901528.0,1499495.0,matched,1
5011068000,제주특별자치도 제주시 이호동,3901068,제주특별자치도 제주시 이호동,903228.0,1500813.0,matched,1
5011069000,제주특별자치도 제주시 도두동,3901069,제주특별자치도 제주시 도두동,905055.0,1501591.0,matched,1
5013000000,제주특별자치도 서귀포시,,,,,name_not_found,0
5013025000,제주특별자치도 서귀포시 대정읍,3902011,제주특별자치도 서귀포시 대정읍,884033.0,1474317.0,matched,1
5013025300,제주특별자치도 서귀포시 남원읍,3902012,제주특별자치도 서귀포시 남원읍,922855.0,1482445.0,matched,1
5013025900,제주특별자치도 서귀포시 성산읍,3902013,제주특별자치도 서귀포시 성산읍,940956.0,1492484.0,matched,1
5013031000,제주특별자치도 서귀포시 안덕면,3902031,제주특별자치도 서귀포시 안덕면,891595.0,1476924.0,matched,1
5013032000,제주특별자치도 서귀포시 표선면,3902032,제주특별자치도 서귀포시 표선면,931993.0,1487203.0,matched,1
5013051000,제주특별자치도 서귀포시 송산동,3902051,제주특별자치도 서귀포시 송산동,914930.0,1473189.0,matched,1
5013052000,제주특별자치도 서귀포시 정방동,3902052,제주특별자치도 서귀포시 정방동,912955.0,1473283.0,matched,1
5013053000,제주특별자치도 서귀포시 중앙동,3902053,제주특별자치도 서귀포시 중앙동,912859.0,1473648.0,matched,1
5013054000,제주특별자치도 서귀포시 천지동,3902054,제주특별자치도 서귀포시 천지동,911853.0,1473090.0,matched,1
5013055000,제주특별자치도 서귀포시 효돈동,3902055,제주특별자치도 서귀포시 효돈동,917284.0,1474754.0,matched,1
5013056000,제주특별자치도 서귀포시 영천동,3902056,제주특별자치도 서귀포시 영천동,913622.0,1480245.0,matched,1
5013057000,제주특별자치도 서귀포시 동홍동,3902057,제주특별자치도 서귀포시 동홍동,911712.0,1478673.0,matched,1
5013058000,제주특별자치도 서귀포시 서홍동,3902058,제주특별자치도 서귀포시 서홍동,910606.0,1478138.0,matched,1
5013059000,제주특별자치도 서귀포시 대륜동,3902059,제주특별자치도 서귀포시 대륜동,909090.0,1477624.0,matched,1
5013060000,제주특별자치도 서귀포시 대천동,3902060,제주특별자치도 서귀포시 대천동,906150.0,1477813.0,matched,1
5013061000,제주특별자치도 서귀포시 중문동,3902061,제주특별자치도 서귀포시 중문동,902499.0,1479114.0,matched,1
5013062000,제주특별자치도 서귀포시 예래동,3902062,제주특별자치도 서귀포시 예래동,897868.0,1477085.0,matched,1
