opr_ymd,route_id,route_no,route_name,stop_sequence,stop_id,stop_name,city_code,sgg_cd,emd_cd,ctpv_nm,sgg_nm,emd_nm,trfc_mns_se_cd,latitude,longitude,source,coordinate_status,latitude_resolved,longitude_resolved,coordinate_source,match_type
20250801,00000001,순환01(시청행),순환01(시청행),2,00001802,서창농협벽진지점,29,29140,2914012900,광주광역시,서구,벽진동,B,,,tago_route_specific_stop,not_provided_by_api,,,,
20250801,00000001,순환01(시청행),순환01(시청행),4,00000189,5.18자유공원,29,29140,2914012000,광주광역시,서구,치평동,B,,,tago_route_specific_stop,not_provided_by_api,,,,
20250801,00000001,순환01(시청행),순환01(시청행),5,00000165,상무금호아파트,29,29140,2914012000,광주광역시,서구,치평동,B,,,tago_route_specific_stop,not_provided_by_api,,,,
20250801,00000001,순환01(시청행),순환01(시청행),6,00001450,계수초교,29,29140,2914012000,광주광역시,서구,치평동,B,,,tago_route_specific_stop,not_provided_by_api,,,,
20250801,00000001,순환01(시청행),순환01(시청행),8,00000852,시청,29,29140,2914012000,광주광역시,서구,치평동,B,,,tago_route_specific_stop,not_provided_by_api,,,,
20250801,00000001,순환01(시청행),순환01(시청행),9,00000495,버들마을,29,29140,2914011800,광주광역시,서구,쌍촌동,B,,,tago_route_specific_stop,not_provided_by_api,,,,
20250801,00000001,순환01(시청행),순환01(시청행),10,00000110,광주종합버스터미널,29,29140,2914011500,광주광역시,서구,광천동,B,,,tago_route_specific_stop,not_provided_by_api,,,,
20250801,00000001,순환01(시청행),순환01(시청행),11,00000113,광천치안센터,29,29140,2914011500,광주광역시,서구,광천동,B,,,tago_route_specific_stop,not_provided_by_api,,,,
20250801,00000001,순환01(시청행),순환01(시청행),31,00001075,원광대한방병원,29,29140,2914012800,광주광역시,서구,풍암동,B,,,tago_route_specific_stop,not_provided_by_api,,,,
20250801,00000001,순환01(시청행),순환01(시청행),32,00001016,풍암우미아파트,29,29140,2914012800,광주광역시,서구,풍암동,B,,,tago_route_specific_stop,not_provided_by_api,,,,
20250801,00000001,순환01(시청행),순환01(시청행),33,00001447,풍암한국아파트,29,29140,2914012800,광주광역시,서구,풍암동,B,,,tago_route_specific_stop,not_provided_by_api,,,,
20250801,00000001,순환01(시청행),순환01(시청행),34,00000737,풍암한신아파트,29,29140,2914012800,광주광역시,서구,풍암동,B,,,tago_route_specific_stop,not_provided_by_api,,,,
20250801,00000001,순환01(시청행),순환01(시청행),35,00000304,풍암모아아파트,29,29140,2914012800,광주광역시,서구,풍암동,B,,,tago_route_specific_stop,not_provided_by_api,,,,
20250801,00000001,순환01(시청행),순환01(시청행),36,00001414,마재우체국,29,29140,2914012800,광주광역시,서구,풍암동,B,,,tago_route_specific_stop,not_provided_by_api,,,,
20250801,00000001,순환01(시청행),순환01(시청행),37,00000309,마재대주아파트,29,29140,2914013000,광주광역시,서구,금호동,B,,,tago_route_specific_stop,not_provided_by_api,,,,
20250801,00000001,순환01(시청행),순환01(시청행),38,00000746,서구문화센터,29,29140,2914013000,광주광역시,서구,금호동,B,,,tago_route_specific_stop,not_provided_by_api,,,,
20250801,00000001,순환01(시청행),순환01(시청행),39,00000163,금호시영아파트,29,29140,2914013000,광주광역시,서구,금호동,B,,,tago_route_specific_stop,not_provided_by_api,,,,
20250801,00000001,순환01(시청행),순환01(시청행),40,00001572,CBS방송국,29,29140,2914013000,광주광역시,서구,금호동,B,,,tago_route_specific_stop,not_provided_by_api,,,,
20250801,00000001,순환01(시청행),순환01(시청행),41,00000731,상무중,29,29140,2914011800,광주광역시,서구,쌍촌동,B,,,tago_route_specific_stop,not_provided_by_api,,,,
20250801,00000001,순환01(시청행),순환01(시청행),42,00001068,운천저수지,29,29140,2914011800,광주광역시,서구,쌍촌동,B,,,tago_route_specific_stop,not_provided_by_api,,,,
20250801,00000001,순환01(시청행),순환01(시청행),43,00000125,상무지구입구,29,29140,2914012000,광주광역시,서구,치평동,B,,,tago_route_specific_stop,not_provided_by_api,,,,
20250801,00000001,순환01(시청행),순환01(시청행),45,00001449,계수초교,29,29140,2914012000,광주광역시,서구,치평동,B,,,tago_route_specific_stop,not_provided_by_api,,,,
20250801,00000001,순환01(시청행),순환01(시청행),46,00000164,상무금호아파트,29,29140,2914012000,광주광역시,서구,치평동,B,,,tago_route_specific_stop,not_provided_by_api,,,,
20250801,00000001,순환01(시청행),순환01(시청행),47,00000188,5.18자유공원,29,29140,2914012000,광주광역시,서구,치평동,B,,,tago_route_specific_stop,not_provided_by_api,,,,
20250801,00000001,순환01(시청행),순환01(시청행),48,00001579,김대중컨벤션센터(마륵)역,29,29140,2914013100,광주광역시,서구,마륵동,B,,,tago_route_specific_stop,not_provided_by_api,,,,
20250801,00000001,순환01(시청행),순환01(시청행),49,00001717,서창농협벽진지점,29,29140,2914012900,광주광역시,서구,벽진동,B,,,tago_route_specific_stop,not_provided_by_api,,,,
20250801,00000003,매월06,매월06,1,00001723,매월동(북),29,29140,2914013200,광주광역시,서구,매월동,B,,,tago_route_specific_stop,not_provided_by_api,,,,
20250801,00000003,매월06,매월06,2,00001724,대동고,29,29140,2914013200,광주광역시,서구,매월동,B,,,tago_route_specific_stop,not_provided_by_api,,,,
20250801,00000003,매월06,매월06,3,00002995,화훼단지,29,29140,2914013200,광주광역시,서구,매월동,B,,,tago_route_specific_stop,not_provided_by_api,,,,
20250801,00000003,매월06,매월06,4,00002957,풍암사거리(동),29,29140,2914012800,광주광역시,서구,풍암동,B,,,tago_route_specific_stop,not_provided_by_api,,,,
20250801,00000003,매월06,매월06,5,00000309,마재대주아파트,29,29140,2914013000,광주광역시,서구,금호동,B,,,tago_route_specific_stop,not_provided_by_api,,,,
20250801,00000003,매월06,매월06,6,00000746,서구문화센터,29,29140,2914013000,광주광역시,서구,금호동,B,,,tago_route_specific_stop,not_provided_by_api,,,,
20250801,00000003,매월06,매월06,7,00001267,금호모아아파트,29,29140,2914013000,광주광역시,서구,금호동,B,,,tago_route_specific_stop,not_provided_by_api,,,,
20250801,00000003,매월06,매월06,8,00001094,월드컵경기장,29,29140,2914012800,광주광역시,서구,풍암동,B,,,tago_route_specific_stop,not_provided_by_api,,,,
20250801,00000003,매월06,매월06,54,00001095,월드컵경기장,29,29140,2914012800,광주광역시,서구,풍암동,B,,,tago_route_specific_stop,not_provided_by_api,,,,
20250801,00000003,매월06,매월06,55,00001266,금호모아아파트,29,29140,2914013000,광주광역시,서구,금호동,B,,,tago_route_specific_stop,not_provided_by_api,,,,
20250801,00000003,매월06,매월06,56,00000748,서구문화센터,29,29140,2914013000,광주광역시,서구,금호동,B,,,tago_route_specific_stop,not_provided_by_api,,,,
20250801,00000003,매월06,매월06,57,00000303,마재대주아파트,29,29140,2914013000,광주광역시,서구,금호동,B,,,tago_route_specific_stop,not_provided_by_api,,,,
20250801,00000003,매월06,매월06,58,00002955,풍암사거리(동),29,29140,2914013000,광주광역시,서구,금호동,B,,,tago_route_specific_stop,not_provided_by_api,,,,
20250801,00000003,매월06,매월06,59,00001759,화훼단지,29,29140,2914013200,광주광역시,서구,매월동,B,,,tago_route_specific_stop,not_provided_by_api,,,,
20250801,00000003,매월06,매월06,60,00001760,대동고,29,29140,2914013200,광주광역시,서구,매월동,B,,,tago_route_specific_stop,not_provided_by_api,,,,
20250801,00000003,매월06,매월06,61,00002185,매월동(북),29,29140,2914013200,광주광역시,서구,매월동,B,,,tago_route_specific_stop,not_provided_by_api,,,,
20250801,00000005,첨단09,첨단09,22,00001272,동천마을3단지,29,29140,2914013300,광주광역시,서구,동천동,B,,,tago_route_specific_stop,not_provided_by_api,,,,
20250801,00000005,첨단09,첨단09,23,00000573,유덕초교,29,29140,2914011600,광주광역시,서구,유촌동,B,,,tago_route_specific_stop,not_provided_by_api,,,,
20250801,00000005,첨단09,첨단09,24,00000058,광명하이츠후문,29,29140,2914011800,광주광역시,서구,쌍촌동,B,,,tago_route_specific_stop,not_provided_by_api,,,,
20250801,00000005,첨단09,첨단09,25,00000110,광주종합버스터미널,29,29140,2914011500,광주광역시,서구,광천동,B,,,tago_route_specific_stop,not_provided_by_api,,,,
20250801,00000005,첨단09,첨단09,26,00002872,현대자동차,29,29140,2914011500,광주광역시,서구,광천동,B,,,tago_route_specific_stop,not_provided_by_api,,,,
20250801,00000005,첨단09,첨단09,56,00002873,현대자동차,29,29140,2914011500,광주광역시,서구,광천동,B,,,tago_route_specific_stop,not_provided_by_api,,,,
20250801,00000005,첨단09,첨단09,57,00000109,광주종합버스터미널,29,29140,2914011500,광주광역시,서구,광천동,B,,,tago_route_specific_stop,not_provided_by_api,,,,
20250801,00000005,첨단09,첨단09,58,00000057,광명하이츠후문,29,29140,2914012100,광주광역시,서구,내방동,B,,,tago_route_specific_stop,not_provided_by_api,,,,
20250801,00000005,첨단09,첨단09,59,00001121,유덕초교,29,29140,2914011800,광주광역시,서구,쌍촌동,B,,,tago_route_specific_stop,not_provided_by_api,,,,
20250801,00000007,매월16,매월16,30,00002873,현대자동차,29,29140,2914011500,광주광역시,서구,광천동,B,,,tago_route_specific_stop,not_provided_by_api,,,,
20250801,00000007,매월16,매월16,31,00000109,광주종합버스터미널,29,29140,2914011500,광주광역시,서구,광천동,B,,,tago_route_specific_stop,not_provided_by_api,,,,
20250801,00000007,매월16,매월16,32,00000184,기아차중문,29,29140,2914012100,광주광역시,서구,내방동,B,,,tago_route_specific_stop,not_provided_by_api,,,,
20250801,00000007,매월16,매월16,33,00000057,광명하이츠후문,29,29140,2914012100,광주광역시,서구,내방동,B,,,tago_route_specific_stop,not_provided_by_api,,,,
20250801,00000007,매월16,매월16,34,00000574,버들마을,29,29140,2914011600,광주광역시,서구,유촌동,B,,,tago_route_specific_stop,not_provided_by_api,,,,
20250801,00000007,매월16,매월16,35,00000029,계수,29,29140,2914011600,광주광역시,서구,유촌동,B,,,tago_route_specific_stop,not_provided_by_api,,,,
20250801,00000007,매월16,매월16,36,00000850,시청,29,29140,2914012000,광주광역시,서구,치평동,B,,,tago_route_specific_stop,not_provided_by_api,,,,
20250801,00000007,매월16,매월16,37,00002832,한국은행,29,29140,2914012000,광주광역시,서구,치평동,B,,,tago_route_specific_stop,not_provided_by_api,,,,
20250801,00000007,매월16,매월16,38,00002836,한국국토정보공사,29,29140,2914012000,광주광역시,서구,치평동,B,,,tago_route_specific_stop,not_provided_by_api,,,,
20250801,00000007,매월16,매월16,39,00002965,한국수자원공사,29,29140,2914012000,광주광역시,서구,치평동,B,,,tago_route_specific_stop,not_provided_by_api,,,,
20250801,00000007,매월16,매월16,40,00002877,농협운천지점,29,29140,2914012000,광주광역시,서구,치평동,B,,,tago_route_specific_stop,not_provided_by_api,,,,
20250801,00000007,매월16,매월16,41,00000719,상무지구입구,29,29140,2914012000,광주광역시,서구,치평동,B,,,tago_route_specific_stop,not_provided_by_api,,,,
20250801,00000007,매월16,매월16,42,00001067,운천역,29,29140,2914011800,광주광역시,서구,쌍촌동,B,,,tago_route_specific_stop,not_provided_by_api,,,,
20250801,00000007,매월16,매월16,43,00001493,서광주세무서,29,29140,2914011800,광주광역시,서구,쌍촌동,B,,,tago_route_specific_stop,not_provided_by_api,,,,
20250801,00000007,매월16,매월16,44,00000922,쌍촌역,29,29140,2914011800,광주광역시,서구,쌍촌동,B,,,tago_route_specific_stop,not_provided_by_api,,,,
20250801,00000007,매월16,매월16,45,00000905,가톨릭대평생교육원,29,29140,2914011800,광주광역시,서구,쌍촌동,B,,,tago_route_specific_stop,not_provided_by_api,,,,
20250801,00000007,매월16,매월16,46,00000740,서광주우체국,29,29140,2914011900,광주광역시,서구,화정동,B,,,tago_route_specific_stop,not_provided_by_api,,,,
20250801,00000007,매월16,매월16,47,00001542,염주사거리(서),29,29140,2914011900,광주광역시,서구,화정동,B,,,tago_route_specific_stop,not_provided_by_api,,,,
20250801,00000007,매월16,매월16,48,00000969,염주초교,29,29140,2914011900,광주광역시,서구,화정동,B,,,tago_route_specific_stop,not_provided_by_api,,,,
20250801,00000007,매월16,매월16,49,00001242,염주체육관,29,29140,2914011900,광주광역시,서구,화정동,B,,,tago_route_specific_stop,not_provided_by_api,,,,
20250801,00000007,매월16,매월16,50,00001095,월드컵경기장,29,29140,2914012800,광주광역시,서구,풍암동,B,,,tago_route_specific_stop,not_provided_by_api,,,,
20250801,00000007,매월16,매월16,51,00001266,금호모아아파트,29,29140,2914013000,광주광역시,서구,금호동,B,,,tago_route_specific_stop,not_provided_by_api,,,,
20250801,00000007,매월16,매월16,52,00000749,금호도개공아파트,29,29140,2914013000,광주광역시,서구,금호동,B,,,tago_route_specific_stop,not_provided_by_api,,,,
20250801,00000007,매월16,매월16,53,00000771,서창농협,29,29140,2914013000,광주광역시,서구,금호동,B,,,tago_route_specific_stop,not_provided_by_api,,,,
20250801,00000007,매월16,매월16,54,00001238,마재종원아파트,29,29140,2914013000,광주광역시,서구,금호동,B,,,tago_route_specific_stop,not_provided_by_api,,,,
20250801,00000007,매월16,매월16,55,00001504,광주중,29,29140,2914013000,광주광역시,서구,금호동,B,,,tago_route_specific_stop,not_provided_by_api,,,,
20250801,00000007,매월16,매월16,59,00001758,공구단지,29,29140,2914013200,광주광역시,서구,매월동,B,,,tago_route_specific_stop,not_provided_by_api,,,,
20250801,00000007,매월16,매월16,60,00001759,화훼단지,29,29140,2914013200,광주광역시,서구,매월동,B,,,tago_route_specific_stop,not_provided_by_api,,,,
20250801,00000007,매월16,매월16,61,00001760,대동고,29,29140,2914013200,광주광역시,서구,매월동,B,,,tago_route_specific_stop,not_provided_by_api,,,,
20250801,00000007,매월16,매월16,62,00001723,매월동(북),29,29140,2914013200,광주광역시,서구,매월동,B,,,tago_route_specific_stop,not_provided_by_api,,,,
20250801,00000007,매월16,매월16,63,00001723,매월동(북),29,29140,2914013200,광주광역시,서구,매월동,B,,,tago_route_specific_stop,not_provided_by_api,,,,
20250801,00000007,매월16,매월16,64,00001724,대동고,29,29140,2914013200,광주광역시,서구,매월동,B,,,tago_route_specific_stop,not_provided_by_api,,,,
20250801,00000007,매월16,매월16,65,00002995,화훼단지,29,29140,2914013200,광주광역시,서구,매월동,B,,,tago_route_specific_stop,not_provided_by_api,,,,
20250801,00000007,매월16,매월16,67,00001506,광주중,29,29140,2914013000,광주광역시,서구,금호동,B,,,tago_route_specific_stop,not_provided_by_api,,,,
20250801,00000007,매월16,매월16,68,00001239,마재종원아파트,29,29140,2914013000,광주광역시,서구,금호동,B,,,tago_route_specific_stop,not_provided_by_api,,,,
20250801,00000007,매월16,매월16,69,00003543,만호초교,29,29140,2914013000,광주광역시,서구,금호동,B,,,tago_route_specific_stop,not_provided_by_api,,,,
20250801,00000007,매월16,매월16,70,00000772,서창농협,29,29140,2914013000,광주광역시,서구,금호동,B,,,tago_route_specific_stop,not_provided_by_api,,,,
20250801,00000007,매월16,매월16,71,00000747,금호도개공아파트,29,29140,2914013000,광주광역시,서구,금호동,B,,,tago_route_specific_stop,not_provided_by_api,,,,
20250801,00000007,매월16,매월16,72,00001267,금호모아아파트,29,29140,2914013000,광주광역시,서구,금호동,B,,,tago_route_specific_stop,not_provided_by_api,,,,
20250801,00000007,매월16,매월16,73,00001094,월드컵경기장,29,29140,2914012800,광주광역시,서구,풍암동,B,,,tago_route_specific_stop,not_provided_by_api,,,,
20250801,00000007,매월16,매월16,74,00001243,염주체육관,29,29140,2914011900,광주광역시,서구,화정동,B,,,tago_route_specific_stop,not_provided_by_api,,,,
20250801,00000007,매월16,매월16,75,00000970,염주초교,29,29140,2914011900,광주광역시,서구,화정동,B,,,tago_route_specific_stop,not_provided_by_api,,,,
20250801,00000007,매월16,매월16,76,00000968,염주사거리(서),29,29140,2914011900,광주광역시,서구,화정동,B,,,tago_route_specific_stop,not_provided_by_api,,,,
20250801,00000007,매월16,매월16,77,00000741,서광주우체국,29,29140,2914011900,광주광역시,서구,화정동,B,,,tago_route_specific_stop,not_provided_by_api,,,,
20250801,00000007,매월16,매월16,78,00000906,가톨릭대평생교육원,29,29140,2914011800,광주광역시,서구,쌍촌동,B,,,tago_route_specific_stop,not_provided_by_api,,,,
20250801,00000007,매월16,매월16,79,00000920,쌍촌역,29,29140,2914011800,광주광역시,서구,쌍촌동,B,,,tago_route_specific_stop,not_provided_by_api,,,,
20250801,00000007,매월16,매월16,80,00000250,한국농어촌공사,29,29140,2914011800,광주광역시,서구,쌍촌동,B,,,tago_route_specific_stop,not_provided_by_api,,,,
20250801,00000007,매월16,매월16,81,00001491,서광주세무서,29,29140,2914011800,광주광역시,서구,쌍촌동,B,,,tago_route_specific_stop,not_provided_by_api,,,,
20250801,00000007,매월16,매월16,82,00001065,운천역,29,29140,2914011800,광주광역시,서구,쌍촌동,B,,,tago_route_specific_stop,not_provided_by_api,,,,
20250801,00000007,매월16,매월16,83,00000125,상무지구입구,29,29140,2914012000,광주광역시,서구,치평동,B,,,tago_route_specific_stop,not_provided_by_api,,,,
20250801,00000007,매월16,매월16,87,00000852,시청,29,29140,2914012000,광주광역시,서구,치평동,B,,,tago_route_specific_stop,not_provided_by_api,,,,
20250801,00000007,매월16,매월16,88,00000030,계수,29,29140,2914011800,광주광역시,서구,쌍촌동,B,,,tago_route_specific_stop,not_provided_by_api,,,,
20250801,00000007,매월16,매월16,89,00000495,버들마을,29,29140,2914011800,광주광역시,서구,쌍촌동,B,,,tago_route_specific_stop,not_provided_by_api,,,,
20250801,00000007,매월16,매월16,90,00000058,광명하이츠후문,29,29140,2914011800,광주광역시,서구,쌍촌동,B,,,tago_route_specific_stop,not_provided_by_api,,,,
20250801,00000007,매월16,매월16,91,00000928,기아차중문,29,29140,2914012100,광주광역시,서구,내방동,B,,,tago_route_specific_stop,not_provided_by_api,,,,
20250801,00000007,매월16,매월16,92,00000110,광주종합버스터미널,29,29140,2914011500,광주광역시,서구,광천동,B,,,tago_route_specific_stop,not_provided_by_api,,,,
20250801,00000007,매월16,매월16,93,00002872,현대자동차,29,29140,2914011500,광주광역시,서구,광천동,B,,,tago_route_specific_stop,not_provided_by_api,,,,
20250801,00000008,진월17,진월17,39,00001755,동명회.송원고,29,29140,2914012800,광주광역시,서구,풍암동,B,,,tago_route_specific_stop,not_provided_by_api,,,,
20250801,00000008,진월17,진월17,40,00001756,운리마을,29,29140,2914012800,광주광역시,서구,풍암동,B,,,tago_route_specific_stop,not_provided_by_api,,,,
20250801,00000008,진월17,진월17,42,00002957,풍암사거리(동),29,29140,2914012800,광주광역시,서구,풍암동,B,,,tago_route_specific_stop,not_provided_by_api,,,,
20250801,00000008,진월17,진월17,43,00000635,마재부영아파트,29,29140,2914013000,광주광역시,서구,금호동,B,,,tago_route_specific_stop,not_provided_by_api,,,,
20250801,00000008,진월17,진월17,44,00000309,마재대주아파트,29,29140,2914013000,광주광역시,서구,금호동,B,,,tago_route_specific_stop,not_provided_by_api,,,,
20250801,00000008,진월17,진월17,45,00000771,서창농협,29,29140,2914013000,광주광역시,서구,금호동,B,,,tago_route_specific_stop,not_provided_by_api,,,,
20250801,00000008,진월17,진월17,46,00003544,만호초교,29,29140,2914013000,광주광역시,서구,금호동,B,,,tago_route_specific_stop,not_provided_by_api,,,,
20250801,00000008,진월17,진월17,47,00003541,만호마을,29,29140,2914013000,광주광역시,서구,금호동,B,,,tago_route_specific_stop,not_provided_by_api,,,,
20250801,00000008,진월17,진월17,48,00003597,무등교회,29,29140,2914013200,광주광역시,서구,매월동,B,,,tago_route_specific_stop,not_provided_by_api,,,,
20250801,00000008,진월17,진월17,53,00003596,무등교회,29,29140,2914013000,광주광역시,서구,금호동,B,,,tago_route_specific_stop,not_provided_by_api,,,,
20250801,00000008,진월17,진월17,54,00003542,만호마을,29,29140,2914013000,광주광역시,서구,금호동,B,,,tago_route_specific_stop,not_provided_by_api,,,,
20250801,00000008,진월17,진월17,55,00003543,만호초교,29,29140,2914013000,광주광역시,서구,금호동,B,,,tago_route_specific_stop,not_provided_by_api,,,,
20250801,00000008,진월17,진월17,56,00000772,서창농협,29,29140,2914013000,광주광역시,서구,금호동,B,,,tago_route_specific_stop,not_provided_by_api,,,,
20250801,00000008,진월17,진월17,57,00000748,서구문화센터,29,29140,2914013000,광주광역시,서구,금호동,B,,,tago_route_specific_stop,not_provided_by_api,,,,
20250801,00000008,진월17,진월17,58,00000303,마재대주아파트,29,29140,2914013000,광주광역시,서구,금호동,B,,,tago_route_specific_stop,not_provided_by_api,,,,
20250801,00000008,진월17,진월17,59,00000634,마재부영아파트,29,29140,2914013000,광주광역시,서구,금호동,B,,,tago_route_specific_stop,not_provided_by_api,,,,
20250801,00000008,진월17,진월17,60,00002955,풍암사거리(동),29,29140,2914013000,광주광역시,서구,금호동,B,,,tago_route_specific_stop,not_provided_by_api,,,,
20250801,00000008,진월17,진월17,62,00001734,운리마을,29,29140,2914012800,광주광역시,서구,풍암동,B,,,tago_route_specific_stop,not_provided_by_api,,,,
20250801,00000008,진월17,진월17,63,00001735,동명회.송원고,29,29140,2914012800,광주광역시,서구,풍암동,B,,,tago_route_specific_stop,not_provided_by_api,,,,
20250801,00000009,문흥18,문흥18,85,00000067,광신대교,29,29140,2914013300,광주광역시,서구,동천동,B,,,tago_route_specific_stop,not_provided_by_api,,,,
20250801,00000009,문흥18,문흥18,86,00002893,동림I.C입구,29,29140,2914013300,광주광역시,서구,동천동,B,,,tago_route_specific_stop,not_provided_by_api,,,,
20250801,00000009,문흥18,문흥18,87,00002894,동천마을1단지,29,29140,2914013300,광주광역시,서구,동천동,B,,,tago_route_specific_stop,not_provided_by_api,,,,
20250801,00000009,문흥18,문흥18,88,00001272,동천마을3단지,29,29140,2914013300,광주광역시,서구,동천동,B,,,tago_route_specific_stop,not_provided_by_api,,,,
20250801,00000009,문흥18,문흥18,89,00000375,동천우미린아파트,29,29140,2914013300,광주광역시,서구,동천동,B,,,tago_route_specific_stop,not_provided_by_api,,,,
20250801,00000010,송정19,송정19,16,00000775,서창입구,29,29140,2914012900,광주광역시,서구,벽진동,B,,,tago_route_specific_stop,not_provided_by_api,,,,
20250801,00000010,송정19,송정19,17,00001114,월암,29,29140,2914013100,광주광역시,서구,마륵동,B,,,tago_route_specific_stop,not_provided_by_api,,,,
20250801,00000010,송정19,송정19,18,00000440,김대중컨벤션센터(마륵)역,29,29140,2914013100,광주광역시,서구,마륵동,B,,,tago_route_specific_stop,not_provided_by_api,,,,
20250801,00000010,송정19,송정19,19,00001241,전남고입구,29,29140,2914013100,광주광역시,서구,마륵동,B,,,tago_route_specific_stop,not_provided_by_api,,,,
20250801,00000010,송정19,송정19,20,00000729,상무역,29,29140,2914013100,광주광역시,서구,마륵동,B,,,tago_route_specific_stop,not_provided_by_api,,,,
20250801,00000010,송정19,송정19,21,00000719,상무지구입구,29,29140,2914012000,광주광역시,서구,치평동,B,,,tago_route_specific_stop,not_provided_by_api,,,,
20250801,00000010,송정19,송정19,22,00001067,운천역,29,29140,2914011800,광주광역시,서구,쌍촌동,B,,,tago_route_specific_stop,not_provided_by_api,,,,
20250801,00000010,송정19,송정19,23,00001493,서광주세무서,29,29140,2914011800,광주광역시,서구,쌍촌동,B,,,tago_route_specific_stop,not_provided_by_api,,,,
20250801,00000010,송정19,송정19,24,00000922,쌍촌역,29,29140,2914011800,광주광역시,서구,쌍촌동,B,,,tago_route_specific_stop,not_provided_by_api,,,,
20250801,00000010,송정19,송정19,25,00001182,잿등,29,29140,2914011900,광주광역시,서구,화정동,B,,,tago_route_specific_stop,not_provided_by_api,,,,
20250801,00000010,송정19,송정19,26,00001546,화정역,29,29140,2914011900,광주광역시,서구,화정동,B,,,tago_route_specific_stop,not_provided_by_api,,,,
20250801,00000010,송정19,송정19,27,00000768,서석고,29,29140,2914011900,광주광역시,서구,화정동,B,,,tago_route_specific_stop,not_provided_by_api,,,,
20250801,00000010,송정19,송정19,28,00000751,서구청,29,29140,2914010600,광주광역시,서구,농성동,B,,,tago_route_specific_stop,not_provided_by_api,,,,
20250801,00000010,송정19,송정19,31,00000934,양동시장역(남),29,29140,2914010400,광주광역시,서구,양동,B,,,tago_route_specific_stop,not_provided_by_api,,,,
20250801,00000010,송정19,송정19,88,00000937,양동시장역(남),29,29140,2914010400,광주광역시,서구,양동,B,,,tago_route_specific_stop,not_provided_by_api,,,,
20250801,00000010,송정19,송정19,89,00000344,돌고개역(동),29,29140,2914010600,광주광역시,서구,농성동,B,,,tago_route_specific_stop,not_provided_by_api,,,,
20250801,00000010,송정19,송정19,91,00000750,서구청,29,29140,2914010600,광주광역시,서구,농성동,B,,,tago_route_specific_stop,not_provided_by_api,,,,
20250801,00000010,송정19,송정19,93,00000769,서석고,29,29140,2914011900,광주광역시,서구,화정동,B,,,tago_route_specific_stop,not_provided_by_api,,,,
20250801,00000010,송정19,송정19,94,00001545,화정역,29,29140,2914011900,광주광역시,서구,화정동,B,,,tago_route_specific_stop,not_provided_by_api,,,,
20250801,00000010,송정19,송정19,95,00001181,잿등,29,29140,2914012100,광주광역시,서구,내방동,B,,,tago_route_specific_stop,not_provided_by_api,,,,
20250801,00000010,송정19,송정19,96,00000920,쌍촌역,29,29140,2914011800,광주광역시,서구,쌍촌동,B,,,tago_route_specific_stop,not_provided_by_api,,,,
20250801,00000010,송정19,송정19,97,00000250,한국농어촌공사,29,29140,2914011800,광주광역시,서구,쌍촌동,B,,,tago_route_specific_stop,not_provided_by_api,,,,
20250801,00000010,송정19,송정19,98,00001491,서광주세무서,29,29140,2914011800,광주광역시,서구,쌍촌동,B,,,tago_route_specific_stop,not_provided_by_api,,,,
20250801,00000010,송정19,송정19,99,00001065,운천역,29,29140,2914011800,광주광역시,서구,쌍촌동,B,,,tago_route_specific_stop,not_provided_by_api,,,,
20250801,00000010,송정19,송정19,100,00000125,상무지구입구,29,29140,2914012000,광주광역시,서구,치평동,B,,,tago_route_specific_stop,not_provided_by_api,,,,
20250801,00000010,송정19,송정19,101,00000730,상무역,29,29140,2914013100,광주광역시,서구,마륵동,B,,,tago_route_specific_stop,not_provided_by_api,,,,
20250801,00000010,송정19,송정19,102,00000687,전남고입구,29,29140,2914012000,광주광역시,서구,치평동,B,,,tago_route_specific_stop,not_provided_by_api,,,,
20250801,00000010,송정19,송정19,103,00001579,김대중컨벤션센터(마륵)역,29,29140,2914013100,광주광역시,서구,마륵동,B,,,tago_route_specific_stop,not_provided_by_api,,,,
20250801,00000010,송정19,송정19,104,00001583,월암,29,29140,2914013100,광주광역시,서구,마륵동,B,,,tago_route_specific_stop,not_provided_by_api,,,,
20250801,00000010,송정19,송정19,105,00000776,서창입구,29,29140,2914012900,광주광역시,서구,벽진동,B,,,tago_route_specific_stop,not_provided_by_api,,,,
20250801,00000011,첨단20,첨단20,54,00000775,서창입구,29,29140,2914012900,광주광역시,서구,벽진동,B,,,tago_route_specific_stop,not_provided_by_api,,,,
20250801,00000011,첨단20,첨단20,55,00001114,월암,29,29140,2914013100,광주광역시,서구,마륵동,B,,,tago_route_specific_stop,not_provided_by_api,,,,
20250801,00000011,첨단20,첨단20,56,00000440,김대중컨벤션센터(마륵)역,29,29140,2914013100,광주광역시,서구,마륵동,B,,,tago_route_specific_stop,not_provided_by_api,,,,
20250801,00000011,첨단20,첨단20,57,00001241,전남고입구,29,29140,2914013100,광주광역시,서구,마륵동,B,,,tago_route_specific_stop,not_provided_by_api,,,,
20250801,00000011,첨단20,첨단20,58,00000729,상무역,29,29140,2914013100,광주광역시,서구,마륵동,B,,,tago_route_specific_stop,not_provided_by_api,,,,
20250801,00000011,첨단20,첨단20,59,00000719,상무지구입구,29,29140,2914012000,광주광역시,서구,치평동,B,,,tago_route_specific_stop,not_provided_by_api,,,,
20250801,00000011,첨단20,첨단20,60,00001069,운천저수지,29,29140,2914011800,광주광역시,서구,쌍촌동,B,,,tago_route_specific_stop,not_provided_by_api,,,,
20250801,00000011,첨단20,첨단20,61,00000732,상무중,29,29140,2914011800,광주광역시,서구,쌍촌동,B,,,tago_route_specific_stop,not_provided_by_api,,,,
20250801,00000011,첨단20,첨단20,62,00000571,광주학생독립운동기념관,29,29140,2914011800,광주광역시,서구,쌍촌동,B,,,tago_route_specific_stop,not_provided_by_api,,,,
20250801,00000011,첨단20,첨단20,63,00001295,쌍촌시영아파트,29,29140,2914011800,광주광역시,서구,쌍촌동,B,,,tago_route_specific_stop,not_provided_by_api,,,,
20250801,00000011,첨단20,첨단20,65,00001542,염주사거리(서),29,29140,2914011900,광주광역시,서구,화정동,B,,,tago_route_specific_stop,not_provided_by_api,,,,
20250801,00000011,첨단20,첨단20,66,00000969,염주초교,29,29140,2914011900,광주광역시,서구,화정동,B,,,tago_route_specific_stop,not_provided_by_api,,,,
20250801,00000011,첨단20,첨단20,67,00001242,염주체육관,29,29140,2914011900,광주광역시,서구,화정동,B,,,tago_route_specific_stop,not_provided_by_api,,,,
20250801,00000011,첨단20,첨단20,68,00001095,월드컵경기장,29,29140,2914012800,광주광역시,서구,풍암동,B,,,tago_route_specific_stop,not_provided_by_api,,,,
20250801,00000011,첨단20,첨단20,69,00001094,월드컵경기장,29,29140,2914012800,광주광역시,서구,풍암동,B,,,tago_route_specific_stop,not_provided_by_api,,,,
20250801,00000011,첨단20,첨단20,70,00001243,염주체육관,29,29140,2914011900,광주광역시,서구,화정동,B,,,tago_route_specific_stop,not_provided_by_api,,,,
20250801,00000011,첨단20,첨단20,71,00000970,염주초교,29,29140,2914011900,광주광역시,서구,화정동,B,,,tago_route_specific_stop,not_provided_by_api,,,,
20250801,00000011,첨단20,첨단20,72,00000968,염주사거리(서),29,29140,2914011900,광주광역시,서구,화정동,B,,,tago_route_specific_stop,not_provided_by_api,,,,
20250801,00000011,첨단20,첨단20,73,00001293,쌍촌시영아파트,29,29140,2914011800,광주광역시,서구,쌍촌동,B,,,tago_route_specific_stop,not_provided_by_api,,,,
20250801,00000011,첨단20,첨단20,74,00001561,광주학생독립운동기념관,29,29140,2914011800,광주광역시,서구,쌍촌동,B,,,tago_route_specific_stop,not_provided_by_api,,,,
20250801,00000011,첨단20,첨단20,76,00000731,상무중,29,29140,2914011800,광주광역시,서구,쌍촌동,B,,,tago_route_specific_stop,not_provided_by_api,,,,
20250801,00000011,첨단20,첨단20,77,00001068,운천저수지,29,29140,2914011800,광주광역시,서구,쌍촌동,B,,,tago_route_specific_stop,not_provided_by_api,,,,
20250801,00000011,첨단20,첨단20,78,00000125,상무지구입구,29,29140,2914012000,광주광역시,서구,치평동,B,,,tago_route_specific_stop,not_provided_by_api,,,,
20250801,00000011,첨단20,첨단20,79,00000730,상무역,29,29140,2914013100,광주광역시,서구,마륵동,B,,,tago_route_specific_stop,not_provided_by_api,,,,
20250801,00000011,첨단20,첨단20,80,00000687,전남고입구,29,29140,2914012000,광주광역시,서구,치평동,B,,,tago_route_specific_stop,not_provided_by_api,,,,
20250801,00000011,첨단20,첨단20,81,00001579,김대중컨벤션센터(마륵)역,29,29140,2914013100,광주광역시,서구,마륵동,B,,,tago_route_specific_stop,not_provided_by_api,,,,
20250801,00000011,첨단20,첨단20,82,00001583,월암,29,29140,2914013100,광주광역시,서구,마륵동,B,,,tago_route_specific_stop,not_provided_by_api,,,,
20250801,00000011,첨단20,첨단20,83,00000776,서창입구,29,29140,2914012900,광주광역시,서구,벽진동,B,,,tago_route_specific_stop,not_provided_by_api,,,,
20250801,00000012,지원25,지원25,20,00000020,건강협회 [광주1호선],29,29140,2914010600,광주광역시,서구,농성동,B,,,tago_route_specific_stop,not_provided_by_api,,,,
20250801,00000012,지원25,지원25,21,00000715,상공회의소,29,29140,2914010600,광주광역시,서구,농성동,B,,,tago_route_specific_stop,not_provided_by_api,,,,
20250801,00000012,지원25,지원25,22,00001557,화정중흥파크,29,29140,2914011900,광주광역시,서구,화정동,B,,,tago_route_specific_stop,not_provided_by_api,,,,
20250801,00000012,지원25,지원25,23,00000864,신세계백화점,29,29140,2914010600,광주광역시,서구,농성동,B,,,tago_route_specific_stop,not_provided_by_api,,,,
20250801,00000012,지원25,지원25,24,00000109,광주종합버스터미널,29,29140,2914011500,광주광역시,서구,광천동,B,,,tago_route_specific_stop,not_provided_by_api,,,,
20250801,00000012,지원25,지원25,25,00000182,기아차정문,29,29140,2914012100,광주광역시,서구,내방동,B,,,tago_route_specific_stop,not_provided_by_api,,,,
20250801,00000012,지원25,지원25,26,00000807,광천E편한세상,29,29140,2914012100,광주광역시,서구,내방동,B,,,tago_route_specific_stop,not_provided_by_api,,,,
20250801,00000012,지원25,지원25,27,00001323,진성아파트,29,29140,2914012100,광주광역시,서구,내방동,B,,,tago_route_specific_stop,not_provided_by_api,,,,
20250801,00000012,지원25,지원25,28,00000700,삼우아파트,29,29140,2914012100,광주광역시,서구,내방동,B,,,tago_route_specific_stop,not_provided_by_api,,,,
20250801,00000012,지원25,지원25,29,00001375,광천동,29,29140,2914011800,광주광역시,서구,쌍촌동,B,,,tago_route_specific_stop,not_provided_by_api,,,,
20250801,00000012,지원25,지원25,30,00001376,칠성마을,29,29140,2914011800,광주광역시,서구,쌍촌동,B,,,tago_route_specific_stop,not_provided_by_api,,,,
20250801,00000012,지원25,지원25,31,00000573,유덕초교,29,29140,2914011600,광주광역시,서구,유촌동,B,,,tago_route_specific_stop,not_provided_by_api,,,,
20250801,00000012,지원25,지원25,32,00000574,버들마을,29,29140,2914011600,광주광역시,서구,유촌동,B,,,tago_route_specific_stop,not_provided_by_api,,,,
20250801,00000012,지원25,지원25,33,00000029,계수,29,29140,2914011600,광주광역시,서구,유촌동,B,,,tago_route_specific_stop,not_provided_by_api,,,,
20250801,00000012,지원25,지원25,34,00000850,시청,29,29140,2914012000,광주광역시,서구,치평동,B,,,tago_route_specific_stop,not_provided_by_api,,,,
20250801,00000012,지원25,지원25,35,00002832,한국은행,29,29140,2914012000,광주광역시,서구,치평동,B,,,tago_route_specific_stop,not_provided_by_api,,,,
20250801,00000012,지원25,지원25,36,00002836,한국국토정보공사,29,29140,2914012000,광주광역시,서구,치평동,B,,,tago_route_specific_stop,not_provided_by_api,,,,
20250801,00000012,지원25,지원25,37,00002965,한국수자원공사,29,29140,2914012000,광주광역시,서구,치평동,B,,,tago_route_specific_stop,not_provided_by_api,,,,
20250801,00000012,지원25,지원25,38,00002877,농협운천지점,29,29140,2914012000,광주광역시,서구,치평동,B,,,tago_route_specific_stop,not_provided_by_api,,,,
20250801,00000012,지원25,지원25,39,00000730,상무역,29,29140,2914013100,광주광역시,서구,마륵동,B,,,tago_route_specific_stop,not_provided_by_api,,,,
20250801,00000012,지원25,지원25,40,00000687,전남고입구,29,29140,2914012000,광주광역시,서구,치평동,B,,,tago_route_specific_stop,not_provided_by_api,,,,
20250801,00000012,지원25,지원25,41,00004009,전남고,29,29140,2914012000,광주광역시,서구,치평동,B,,,tago_route_specific_stop,not_provided_by_api,,,,
20250801,00000012,지원25,지원25,42,00000165,상무금호아파트,29,29140,2914012000,광주광역시,서구,치평동,B,,,tago_route_specific_stop,not_provided_by_api,,,,
20250801,00000012,지원25,지원25,43,00003415,상무해광한신아파트,29,29140,2914012000,광주광역시,서구,치평동,B,,,tago_route_specific_stop,not_provided_by_api,,,,
20250801,00000012,지원25,지원25,44,00000840,상무시민공원,29,29140,2914012000,광주광역시,서구,치평동,B,,,tago_route_specific_stop,not_provided_by_api,,,,
20250801,00000012,지원25,지원25,45,00006700,보훈회관(서),29,29140,2914012000,광주광역시,서구,치평동,B,,,tago_route_specific_stop,not_provided_by_api,,,,
20250801,00000012,지원25,지원25,46,00001716,서창사거리,29,29140,2914012900,광주광역시,서구,벽진동,B,,,tago_route_specific_stop,not_provided_by_api,,,,
20250801,00000012,지원25,지원25,47,00001717,서창농협벽진지점,29,29140,2914012900,광주광역시,서구,벽진동,B,,,tago_route_specific_stop,not_provided_by_api,,,,
20250801,00000012,지원25,지원25,48,00006704,다사랑병원,29,29140,2914012900,광주광역시,서구,벽진동,B,,,tago_route_specific_stop,not_provided_by_api,,,,
20250801,00000012,지원25,지원25,53,00006705,다사랑병원,29,29140,2914012900,광주광역시,서구,벽진동,B,,,tago_route_specific_stop,not_provided_by_api,,,,
20250801,00000012,지원25,지원25,54,00001802,서창농협벽진지점,29,29140,2914012900,광주광역시,서구,벽진동,B,,,tago_route_specific_stop,not_provided_by_api,,,,
20250801,00000012,지원25,지원25,55,00006737,서창사거리,29,29140,2914012900,광주광역시,서구,벽진동,B,,,tago_route_specific_stop,not_provided_by_api,,,,
20250801,00000012,지원25,지원25,56,00006699,보훈회관(서),29,29140,2914012000,광주광역시,서구,치평동,B,,,tago_route_specific_stop,not_provided_by_api,,,,
20250801,00000012,지원25,지원25,57,00000841,상무시민공원,29,29140,2914012000,광주광역시,서구,치평동,B,,,tago_route_specific_stop,not_provided_by_api,,,,
20250801,00000012,지원25,지원25,58,00003416,상무해광한신아파트,29,29140,2914012000,광주광역시,서구,치평동,B,,,tago_route_specific_stop,not_provided_by_api,,,,
20250801,00000012,지원25,지원25,59,00000164,상무금호아파트,29,29140,2914012000,광주광역시,서구,치평동,B,,,tago_route_specific_stop,not_provided_by_api,,,,
20250801,00000012,지원25,지원25,60,00004010,전남고,29,29140,2914012000,광주광역시,서구,치평동,B,,,tago_route_specific_stop,not_provided_by_api,,,,
20250801,00000012,지원25,지원25,62,00002876,농협운천지점,29,29140,2914012000,광주광역시,서구,치평동,B,,,tago_route_specific_stop,not_provided_by_api,,,,
20250801,00000012,지원25,지원25,63,00002966,한국수자원공사,29,29140,2914012000,광주광역시,서구,치평동,B,,,tago_route_specific_stop,not_provided_by_api,,,,
20250801,00000012,지원25,지원25,64,00002835,한국국토정보공사,29,29140,2914012000,광주광역시,서구,치평동,B,,,tago_route_specific_stop,not_provided_by_api,,,,
20250801,00000012,지원25,지원25,65,00002831,한국은행,29,29140,2914012000,광주광역시,서구,치평동,B,,,tago_route_specific_stop,not_provided_by_api,,,,
20250801,00000012,지원25,지원25,66,00000852,시청,29,29140,2914012000,광주광역시,서구,치평동,B,,,tago_route_specific_stop,not_provided_by_api,,,,
20250801,00000012,지원25,지원25,67,00001126,극락초교,29,29140,2914011600,광주광역시,서구,유촌동,B,,,tago_route_specific_stop,not_provided_by_api,,,,
20250801,00000012,지원25,지원25,68,00000146,버들주공1단지,29,29140,2914011600,광주광역시,서구,유촌동,B,,,tago_route_specific_stop,not_provided_by_api,,,,
20250801,00000012,지원25,지원25,69,00001373,칠성마을,29,29140,2914011800,광주광역시,서구,쌍촌동,B,,,tago_route_specific_stop,not_provided_by_api,,,,
20250801,00000012,지원25,지원25,70,00001374,광천동,29,29140,2914011800,광주광역시,서구,쌍촌동,B,,,tago_route_specific_stop,not_provided_by_api,,,,
20250801,00000012,지원25,지원25,71,00000699,삼우아파트,29,29140,2914012100,광주광역시,서구,내방동,B,,,tago_route_specific_stop,not_provided_by_api,,,,
20250801,00000012,지원25,지원25,72,00001322,진성아파트,29,29140,2914012100,광주광역시,서구,내방동,B,,,tago_route_specific_stop,not_provided_by_api,,,,
20250801,00000012,지원25,지원25,73,00000806,광천E편한세상,29,29140,2914012100,광주광역시,서구,내방동,B,,,tago_route_specific_stop,not_provided_by_api,,,,
20250801,00000012,지원25,지원25,74,00000183,기아차정문,29,29140,2914012100,광주광역시,서구,내방동,B,,,tago_route_specific_stop,not_provided_by_api,,,,
20250801,00000012,지원25,지원25,75,00000110,광주종합버스터미널,29,29140,2914011500,광주광역시,서구,광천동,B,,,tago_route_specific_stop,not_provided_by_api,,,,
20250801,00000012,지원25,지원25,76,00000866,신세계백화점,29,29140,2914011900,광주광역시,서구,화정동,B,,,tago_route_specific_stop,not_provided_by_api,,,,
20250801,00000012,지원25,지원25,77,00001556,화정중흥파크,29,29140,2914011900,광주광역시,서구,화정동,B,,,tago_route_specific_stop,not_provided_by_api,,,,
20250801,00000012,지원25,지원25,78,00000716,상공회의소,29,29140,2914010600,광주광역시,서구,농성동,B,,,tago_route_specific_stop,not_provided_by_api,,,,
20250801,00000012,지원25,지원25,79,00000021,건강협회,29,29140,2914010600,광주광역시,서구,농성동,B,,,tago_route_specific_stop,not_provided_by_api,,,,
20250801,00000013,매월26,매월26,1,00001723,매월동(북),29,29140,2914013200,광주광역시,서구,매월동,B,,,tago_route_specific_stop,not_provided_by_api,,,,
20250801,00000013,매월26,매월26,2,00001724,대동고,29,29140,2914013200,광주광역시,서구,매월동,B,,,tago_route_specific_stop,not_provided_by_api,,,,
20250801,00000013,매월26,매월26,3,00002995,화훼단지,29,29140,2914013200,광주광역시,서구,매월동,B,,,tago_route_specific_stop,not_provided_by_api,,,,
20250801,00000013,매월26,매월26,4,00001732,공구단지,29,29140,2914013200,광주광역시,서구,매월동,B,,,tago_route_specific_stop,not_provided_by_api,,,,
20250801,00000013,매월26,매월26,5,00002957,풍암사거리(동),29,29140,2914012800,광주광역시,서구,풍암동,B,,,tago_route_specific_stop,not_provided_by_api,,,,
20250801,00000013,매월26,매월26,6,00000635,마재부영아파트,29,29140,2914013000,광주광역시,서구,금호동,B,,,tago_route_specific_stop,not_provided_by_api,,,,
20250801,00000013,매월26,매월26,7,00000309,마재대주아파트,29,29140,2914013000,광주광역시,서구,금호동,B,,,tago_route_specific_stop,not_provided_by_api,,,,
20250801,00000013,매월26,매월26,8,00000746,서구문화센터,29,29140,2914013000,광주광역시,서구,금호동,B,,,tago_route_specific_stop,not_provided_by_api,,,,
20250801,00000013,매월26,매월26,9,00000747,금호도개공아파트,29,29140,2914013000,광주광역시,서구,금호동,B,,,tago_route_specific_stop,not_provided_by_api,,,,
20250801,00000013,매월26,매월26,10,00001267,금호모아아파트,29,29140,2914013000,광주광역시,서구,금호동,B,,,tago_route_specific_stop,not_provided_by_api,,,,
20250801,00000013,매월26,매월26,11,00001094,월드컵경기장,29,29140,2914012800,광주광역시,서구,풍암동,B,,,tago_route_specific_stop,not_provided_by_api,,,,
20250801,00000013,매월26,매월26,12,00001243,염주체육관,29,29140,2914011900,광주광역시,서구,화정동,B,,,tago_route_specific_stop,not_provided_by_api,,,,
20250801,00000013,매월26,매월26,13,00000970,염주초교,29,29140,2914011900,광주광역시,서구,화정동,B,,,tago_route_specific_stop,not_provided_by_api,,,,
20250801,00000013,매월26,매월26,14,00000966,염주사거리(동),29,29140,2914011900,광주광역시,서구,화정동,B,,,tago_route_specific_stop,not_provided_by_api,,,,
20250801,00000013,매월26,매월26,15,00000965,염주맨션,29,29140,2914011900,광주광역시,서구,화정동,B,,,tago_route_specific_stop,not_provided_by_api,,,,
20250801,00000013,매월26,매월26,16,00001554,화정중,29,29140,2914011900,광주광역시,서구,화정동,B,,,tago_route_specific_stop,not_provided_by_api,,,,
20250801,00000013,매월26,매월26,17,00000053,광주광역시교육청(광덕고),29,29140,2914011900,광주광역시,서구,화정동,B,,,tago_route_specific_stop,not_provided_by_api,,,,
20250801,00000013,매월26,매월26,18,00001550,화정사거리,29,29140,2914011900,광주광역시,서구,화정동,B,,,tago_route_specific_stop,not_provided_by_api,,,,
20250801,00000013,매월26,매월26,19,00001487,화정현대아파트,29,29140,2914011900,광주광역시,서구,화정동,B,,,tago_route_specific_stop,not_provided_by_api,,,,
20250801,00000013,매월26,매월26,20,00000180,기아자동차,29,29140,2914012100,광주광역시,서구,내방동,B,,,tago_route_specific_stop,not_provided_by_api,,,,
20250801,00000013,매월26,매월26,21,00000110,광주종합버스터미널,29,29140,2914011500,광주광역시,서구,광천동,B,,,tago_route_specific_stop,not_provided_by_api,,,,
20250801,00000013,매월26,매월26,22,00000113,광천치안센터,29,29140,2914011500,광주광역시,서구,광천동,B,,,tago_route_specific_stop,not_provided_by_api,,,,
20250801,00000013,매월26,매월26,78,00000114,광천치안센터,29,29140,2914011500,광주광역시,서구,광천동,B,,,tago_route_specific_stop,not_provided_by_api,,,,
20250801,00000013,매월26,매월26,79,00000109,광주종합버스터미널,29,29140,2914011500,광주광역시,서구,광천동,B,,,tago_route_specific_stop,not_provided_by_api,,,,
20250801,00000013,매월26,매월26,80,00000179,기아자동차,29,29140,2914012100,광주광역시,서구,내방동,B,,,tago_route_specific_stop,not_provided_by_api,,,,
20250801,00000013,매월26,매월26,81,00001484,화정현대아파트,29,29140,2914011900,광주광역시,서구,화정동,B,,,tago_route_specific_stop,not_provided_by_api,,,,
20250801,00000013,매월26,매월26,82,00001549,화정사거리,29,29140,2914011900,광주광역시,서구,화정동,B,,,tago_route_specific_stop,not_provided_by_api,,,,
20250801,00000013,매월26,매월26,83,00000052,광주광역시교육청(광덕고),29,29140,2914011900,광주광역시,서구,화정동,B,,,tago_route_specific_stop,not_provided_by_api,,,,
20250801,00000013,매월26,매월26,84,00001553,화정중,29,29140,2914011900,광주광역시,서구,화정동,B,,,tago_route_specific_stop,not_provided_by_api,,,,
20250801,00000013,매월26,매월26,85,00000054,염주맨션,29,29140,2914011900,광주광역시,서구,화정동,B,,,tago_route_specific_stop,not_provided_by_api,,,,
20250801,00000013,매월26,매월26,86,00000967,염주사거리(동),29,29140,2914011900,광주광역시,서구,화정동,B,,,tago_route_specific_stop,not_provided_by_api,,,,
20250801,00000013,매월26,매월26,87,00000969,염주초교,29,29140,2914011900,광주광역시,서구,화정동,B,,,tago_route_specific_stop,not_provided_by_api,,,,
20250801,00000013,매월26,매월26,88,00001242,염주체육관,29,29140,2914011900,광주광역시,서구,화정동,B,,,tago_route_specific_stop,not_provided_by_api,,,,
20250801,00000013,매월26,매월26,89,00001095,월드컵경기장,29,29140,2914012800,광주광역시,서구,풍암동,B,,,tago_route_specific_stop,not_provided_by_api,,,,
20250801,00000013,매월26,매월26,90,00001266,금호모아아파트,29,29140,2914013000,광주광역시,서구,금호동,B,,,tago_route_specific_stop,not_provided_by_api,,,,
20250801,00000013,매월26,매월26,91,00000749,금호도개공아파트,29,29140,2914013000,광주광역시,서구,금호동,B,,,tago_route_specific_stop,not_provided_by_api,,,,
20250801,00000013,매월26,매월26,92,00000748,서구문화센터,29,29140,2914013000,광주광역시,서구,금호동,B,,,tago_route_specific_stop,not_provided_by_api,,,,
20250801,00000013,매월26,매월26,93,00000303,마재대주아파트,29,29140,2914013000,광주광역시,서구,금호동,B,,,tago_route_specific_stop,not_provided_by_api,,,,
20250801,00000013,매월26,매월26,94,00000634,마재부영아파트,29,29140,2914013000,광주광역시,서구,금호동,B,,,tago_route_specific_stop,not_provided_by_api,,,,
20250801,00000013,매월26,매월26,95,00002955,풍암사거리(동),29,29140,2914013000,광주광역시,서구,금호동,B,,,tago_route_specific_stop,not_provided_by_api,,,,
20250801,00000013,매월26,매월26,96,00001758,공구단지,29,29140,2914013200,광주광역시,서구,매월동,B,,,tago_route_specific_stop,not_provided_by_api,,,,
20250801,00000013,매월26,매월26,97,00001759,화훼단지,29,29140,2914013200,광주광역시,서구,매월동,B,,,tago_route_specific_stop,not_provided_by_api,,,,
20250801,00000013,매월26,매월26,98,00001760,대동고,29,29140,2914013200,광주광역시,서구,매월동,B,,,tago_route_specific_stop,not_provided_by_api,,,,
20250801,00000013,매월26,매월26,99,00002185,매월동(북),29,29140,2914013200,광주광역시,서구,매월동,B,,,tago_route_specific_stop,not_provided_by_api,,,,
20250801,00000015,일곡28,일곡28,1,00001723,매월동(북),29,29140,2914013200,광주광역시,서구,매월동,B,,,tago_route_specific_stop,not_provided_by_api,,,,
20250801,00000015,일곡28,일곡28,2,00001724,대동고,29,29140,2914013200,광주광역시,서구,매월동,B,,,tago_route_specific_stop,not_provided_by_api,,,,
20250801,00000015,일곡28,일곡28,3,00002995,화훼단지,29,29140,2914013200,광주광역시,서구,매월동,B,,,tago_route_specific_stop,not_provided_by_api,,,,
20250801,00000015,일곡28,일곡28,4,00001732,공구단지,29,29140,2914013200,광주광역시,서구,매월동,B,,,tago_route_specific_stop,not_provided_by_api,,,,
20250801,00000015,일곡28,일곡28,6,00001734,운리마을,29,29140,2914012800,광주광역시,서구,풍암동,B,,,tago_route_specific_stop,not_provided_by_api,,,,
20250801,00000015,일곡28,일곡28,7,00001735,동명회.송원고,29,29140,2914012800,광주광역시,서구,풍암동,B,,,tago_route_specific_stop,not_provided_by_api,,,,
20250801,00000015,일곡28,일곡28,114,00001755,동명회.송원고,29,29140,2914012800,광주광역시,서구,풍암동,B,,,tago_route_specific_stop,not_provided_by_api,,,,
20250801,00000015,일곡28,일곡28,115,00001756,운리마을,29,29140,2914012800,광주광역시,서구,풍암동,B,,,tago_route_specific_stop,not_provided_by_api,,,,
20250801,00000015,일곡28,일곡28,117,00001758,공구단지,29,29140,2914013200,광주광역시,서구,매월동,B,,,tago_route_specific_stop,not_provided_by_api,,,,
20250801,00000015,일곡28,일곡28,118,00001759,화훼단지,29,29140,2914013200,광주광역시,서구,매월동,B,,,tago_route_specific_stop,not_provided_by_api,,,,
20250801,00000015,일곡28,일곡28,119,00001760,대동고,29,29140,2914013200,광주광역시,서구,매월동,B,,,tago_route_specific_stop,not_provided_by_api,,,,
20250801,00000015,일곡28,일곡28,120,00002185,매월동(북),29,29140,2914013200,광주광역시,서구,매월동,B,,,tago_route_specific_stop,not_provided_by_api,,,,
20250801,00000017,첨단30,첨단30,43,00000936,양동시장역(북),29,29140,2914010400,광주광역시,서구,양동,B,,,tago_route_specific_stop,not_provided_by_api,,,,
20250801,00000017,첨단30,첨단30,44,00000344,돌고개역(동),29,29140,2914010600,광주광역시,서구,농성동,B,,,tago_route_specific_stop,not_provided_by_api,,,,
20250801,00000017,첨단30,첨단30,45,00000763,서광주전화국,29,29140,2914010600,광주광역시,서구,농성동,B,,,tago_route_specific_stop,not_provided_by_api,,,,
20250801,00000017,첨단30,첨단30,46,00000243,농성1동행정복지센터,29,29140,2914010600,광주광역시,서구,농성동,B,,,tago_route_specific_stop,not_provided_by_api,,,,
20250801,00000017,첨단30,첨단30,47,00000107,광천초교,29,29140,2914010600,광주광역시,서구,농성동,B,,,tago_route_specific_stop,not_provided_by_api,,,,
20250801,00000017,첨단30,첨단30,48,00002873,현대자동차,29,29140,2914011500,광주광역시,서구,광천동,B,,,tago_route_specific_stop,not_provided_by_api,,,,
20250801,00000017,첨단30,첨단30,49,00000109,광주종합버스터미널,29,29140,2914011500,광주광역시,서구,광천동,B,,,tago_route_specific_stop,not_provided_by_api,,,,
20250801,00000017,첨단30,첨단30,50,00000182,기아차정문,29,29140,2914012100,광주광역시,서구,내방동,B,,,tago_route_specific_stop,not_provided_by_api,,,,
20250801,00000017,첨단30,첨단30,51,00000807,광천E편한세상,29,29140,2914012100,광주광역시,서구,내방동,B,,,tago_route_specific_stop,not_provided_by_api,,,,
20250801,00000017,첨단30,첨단30,52,00001323,진성아파트,29,29140,2914012100,광주광역시,서구,내방동,B,,,tago_route_specific_stop,not_provided_by_api,,,,
20250801,00000017,첨단30,첨단30,53,00000700,삼우아파트,29,29140,2914012100,광주광역시,서구,내방동,B,,,tago_route_specific_stop,not_provided_by_api,,,,
20250801,00000017,첨단30,첨단30,54,00001375,광천동,29,29140,2914011800,광주광역시,서구,쌍촌동,B,,,tago_route_specific_stop,not_provided_by_api,,,,
20250801,00000017,첨단30,첨단30,55,00001376,칠성마을,29,29140,2914011800,광주광역시,서구,쌍촌동,B,,,tago_route_specific_stop,not_provided_by_api,,,,
20250801,00000017,첨단30,첨단30,56,00002996,동천동행정복지센터,29,29140,2914013300,광주광역시,서구,동천동,B,,,tago_route_specific_stop,not_provided_by_api,,,,
20250801,00000017,첨단30,첨단30,63,00002997,동천동행정복지센터,29,29140,2914013300,광주광역시,서구,동천동,B,,,tago_route_specific_stop,not_provided_by_api,,,,
20250801,00000017,첨단30,첨단30,64,00001373,칠성마을,29,29140,2914011800,광주광역시,서구,쌍촌동,B,,,tago_route_specific_stop,not_provided_by_api,,,,
20250801,00000017,첨단30,첨단30,65,00001374,광천동,29,29140,2914011800,광주광역시,서구,쌍촌동,B,,,tago_route_specific_stop,not_provided_by_api,,,,
20250801,00000017,첨단30,첨단30,66,00000699,삼우아파트,29,29140,2914012100,광주광역시,서구,내방동,B,,,tago_route_specific_stop,not_provided_by_api,,,,
20250801,00000017,첨단30,첨단30,67,00001322,진성아파트,29,29140,2914012100,광주광역시,서구,내방동,B,,,tago_route_specific_stop,not_provided_by_api,,,,
20250801,00000017,첨단30,첨단30,68,00000806,광천E편한세상,29,29140,2914012100,광주광역시,서구,내방동,B,,,tago_route_specific_stop,not_provided_by_api,,,,
20250801,00000017,첨단30,첨단30,69,00000183,기아차정문,29,29140,2914012100,광주광역시,서구,내방동,B,,,tago_route_specific_stop,not_provided_by_api,,,,
20250801,00000017,첨단30,첨단30,70,00000110,광주종합버스터미널,29,29140,2914011500,광주광역시,서구,광천동,B,,,tago_route_specific_stop,not_provided_by_api,,,,
20250801,00000017,첨단30,첨단30,71,00002872,현대자동차,29,29140,2914011500,광주광역시,서구,광천동,B,,,tago_route_specific_stop,not_provided_by_api,,,,
20250801,00000017,첨단30,첨단30,72,00000108,광천초교,29,29140,2914010600,광주광역시,서구,농성동,B,,,tago_route_specific_stop,not_provided_by_api,,,,
20250801,00000017,첨단30,첨단30,73,00001301,농성1동행정복지센터,29,29140,2914010600,광주광역시,서구,농성동,B,,,tago_route_specific_stop,not_provided_by_api,,,,
20250801,00000017,첨단30,첨단30,74,00000764,서광주전화국,29,29140,2914010600,광주광역시,서구,농성동,B,,,tago_route_specific_stop,not_provided_by_api,,,,
20250801,00000017,첨단30,첨단30,76,00000935,양동시장역(북),29,29140,2914010400,광주광역시,서구,양동,B,,,tago_route_specific_stop,not_provided_by_api,,,,
20250801,00000019,봉선37,봉선37,33,00000067,광신대교,29,29140,2914013300,광주광역시,서구,동천동,B,,,tago_route_specific_stop,not_provided_by_api,,,,
20250801,00000019,봉선37,봉선37,34,00002893,동림I.C입구,29,29140,2914013300,광주광역시,서구,동천동,B,,,tago_route_specific_stop,not_provided_by_api,,,,
20250801,00000019,봉선37,봉선37,35,00002894,동천마을1단지,29,29140,2914013300,광주광역시,서구,동천동,B,,,tago_route_specific_stop,not_provided_by_api,,,,
20250801,00000019,봉선37,봉선37,36,00001272,동천마을3단지,29,29140,2914013300,광주광역시,서구,동천동,B,,,tago_route_specific_stop,not_provided_by_api,,,,
20250801,00000019,봉선37,봉선37,37,00003506,동천마을6단지,29,29140,2914013300,광주광역시,서구,동천동,B,,,tago_route_specific_stop,not_provided_by_api,,,,
20250801,00000019,봉선37,봉선37,41,00000114,광천치안센터,29,29140,2914011500,광주광역시,서구,광천동,B,,,tago_route_specific_stop,not_provided_by_api,,,,
20250801,00000019,봉선37,봉선37,42,00000866,신세계백화점,29,29140,2914011900,광주광역시,서구,화정동,B,,,tago_route_specific_stop,not_provided_by_api,,,,
20250801,00000019,봉선37,봉선37,43,00001556,화정중흥파크,29,29140,2914011900,광주광역시,서구,화정동,B,,,tago_route_specific_stop,not_provided_by_api,,,,
20250801,00000019,봉선37,봉선37,44,00000751,서구청,29,29140,2914010600,광주광역시,서구,농성동,B,,,tago_route_specific_stop,not_provided_by_api,,,,
20250801,00000019,봉선37,봉선37,47,00000935,양동시장역(북),29,29140,2914010400,광주광역시,서구,양동,B,,,tago_route_specific_stop,not_provided_by_api,,,,
20250801,00000019,봉선37,봉선37,99,00000936,양동시장역(북),29,29140,2914010400,광주광역시,서구,양동,B,,,tago_route_specific_stop,not_provided_by_api,,,,
20250801,00000019,봉선37,봉선37,100,00000344,돌고개역(동),29,29140,2914010600,광주광역시,서구,농성동,B,,,tago_route_specific_stop,not_provided_by_api,,,,
20250801,00000019,봉선37,봉선37,102,00000750,서구청,29,29140,2914010600,광주광역시,서구,농성동,B,,,tago_route_specific_stop,not_provided_by_api,,,,
20250801,00000019,봉선37,봉선37,104,00001557,화정중흥파크,29,29140,2914011900,광주광역시,서구,화정동,B,,,tago_route_specific_stop,not_provided_by_api,,,,
20250801,00000019,봉선37,봉선37,106,00000113,광천치안센터,29,29140,2914011500,광주광역시,서구,광천동,B,,,tago_route_specific_stop,not_provided_by_api,,,,
20250801,00000020,일곡38,일곡38,36,00000114,광천치안센터,29,29140,2914011500,광주광역시,서구,광천동,B,,,tago_route_specific_stop,not_provided_by_api,,,,
20250801,00000020,일곡38,일곡38,37,00000109,광주종합버스터미널,29,29140,2914011500,광주광역시,서구,광천동,B,,,tago_route_specific_stop,not_provided_by_api,,,,
20250801,00000020,일곡38,일곡38,38,00000184,기아차중문,29,29140,2914012100,광주광역시,서구,내방동,B,,,tago_route_specific_stop,not_provided_by_api,,,,
20250801,00000020,일곡38,일곡38,39,00000057,광명하이츠후문,29,29140,2914012100,광주광역시,서구,내방동,B,,,tago_route_specific_stop,not_provided_by_api,,,,
20250801,00000020,일곡38,일곡38,40,00000574,버들마을,29,29140,2914011600,광주광역시,서구,유촌동,B,,,tago_route_specific_stop,not_provided_by_api,,,,
20250801,00000020,일곡38,일곡38,41,00000029,계수,29,29140,2914011600,광주광역시,서구,유촌동,B,,,tago_route_specific_stop,not_provided_by_api,,,,
20250801,00000020,일곡38,일곡38,42,00000850,시청,29,29140,2914012000,광주광역시,서구,치평동,B,,,tago_route_specific_stop,not_provided_by_api,,,,
20250801,00000020,일곡38,일곡38,43,00002832,한국은행,29,29140,2914012000,광주광역시,서구,치평동,B,,,tago_route_specific_stop,not_provided_by_api,,,,
20250801,00000020,일곡38,일곡38,44,00002836,한국국토정보공사,29,29140,2914012000,광주광역시,서구,치평동,B,,,tago_route_specific_stop,not_provided_by_api,,,,
20250801,00000020,일곡38,일곡38,45,00002965,한국수자원공사,29,29140,2914012000,광주광역시,서구,치평동,B,,,tago_route_specific_stop,not_provided_by_api,,,,
20250801,00000020,일곡38,일곡38,46,00001302,상무중흥아파트,29,29140,2914012000,광주광역시,서구,치평동,B,,,tago_route_specific_stop,not_provided_by_api,,,,
20250801,00000020,일곡38,일곡38,47,00000947,일가정양립지원본부,29,29140,2914012000,광주광역시,서구,치평동,B,,,tago_route_specific_stop,not_provided_by_api,,,,
20250801,00000020,일곡38,일곡38,48,00006674,보훈회관(5.18민주화운동교육관),29,29140,2914012000,광주광역시,서구,치평동,B,,,tago_route_specific_stop,not_provided_by_api,,,,
20250801,00000020,일곡38,일곡38,49,00003275,김대중컨벤션센터,29,29140,2914012000,광주광역시,서구,치평동,B,,,tago_route_specific_stop,not_provided_by_api,,,,
20250801,00000020,일곡38,일곡38,50,00001579,김대중컨벤션센터(마륵)역,29,29140,2914013100,광주광역시,서구,마륵동,B,,,tago_route_specific_stop,not_provided_by_api,,,,
20250801,00000020,일곡38,일곡38,51,00001583,월암,29,29140,2914013100,광주광역시,서구,마륵동,B,,,tago_route_specific_stop,not_provided_by_api,,,,
20250801,00000020,일곡38,일곡38,52,00000776,서창입구,29,29140,2914012900,광주광역시,서구,벽진동,B,,,tago_route_specific_stop,not_provided_by_api,,,,
20250801,00000020,일곡38,일곡38,87,00000775,서창입구,29,29140,2914012900,광주광역시,서구,벽진동,B,,,tago_route_specific_stop,not_provided_by_api,,,,
20250801,00000020,일곡38,일곡38,88,00001114,월암,29,29140,2914013100,광주광역시,서구,마륵동,B,,,tago_route_specific_stop,not_provided_by_api,,,,
20250801,00000020,일곡38,일곡38,90,00003274,김대중컨벤션센터,29,29140,2914012000,광주광역시,서구,치평동,B,,,tago_route_specific_stop,not_provided_by_api,,,,
20250801,00000020,일곡38,일곡38,91,00006673,보훈회관(5.18민주화운동교육관),29,29140,2914012000,광주광역시,서구,치평동,B,,,tago_route_specific_stop,not_provided_by_api,,,,
20250801,00000020,일곡38,일곡38,92,00000948,일가정양립지원본부,29,29140,2914012000,광주광역시,서구,치평동,B,,,tago_route_specific_stop,not_provided_by_api,,,,
20250801,00000020,일곡38,일곡38,93,00001303,상무중흥아파트,29,29140,2914012000,광주광역시,서구,치평동,B,,,tago_route_specific_stop,not_provided_by_api,,,,
20250801,00000020,일곡38,일곡38,96,00000852,시청,29,29140,2914012000,광주광역시,서구,치평동,B,,,tago_route_specific_stop,not_provided_by_api,,,,
20250801,00000020,일곡38,일곡38,97,00000030,계수,29,29140,2914011800,광주광역시,서구,쌍촌동,B,,,tago_route_specific_stop,not_provided_by_api,,,,
20250801,00000020,일곡38,일곡38,98,00000495,버들마을,29,29140,2914011800,광주광역시,서구,쌍촌동,B,,,tago_route_specific_stop,not_provided_by_api,,,,
20250801,00000020,일곡38,일곡38,99,00000058,광명하이츠후문,29,29140,2914011800,광주광역시,서구,쌍촌동,B,,,tago_route_specific_stop,not_provided_by_api,,,,
20250801,00000020,일곡38,일곡38,100,00000928,기아차중문,29,29140,2914012100,광주광역시,서구,내방동,B,,,tago_route_specific_stop,not_provided_by_api,,,,
20250801,00000020,일곡38,일곡38,101,00000110,광주종합버스터미널,29,29140,2914011500,광주광역시,서구,광천동,B,,,tago_route_specific_stop,not_provided_by_api,,,,
20250801,00000020,일곡38,일곡38,102,00000113,광천치안센터,29,29140,2914011500,광주광역시,서구,광천동,B,,,tago_route_specific_stop,not_provided_by_api,,,,
20250801,00000023,지원45,지원45,14,00006699,보훈회관(서),29,29140,2914012000,광주광역시,서구,치평동,B,,,tago_route_specific_stop,not_provided_by_api,,,,
20250801,00000023,지원45,지원45,15,00000948,일가정양립지원본부,29,29140,2914012000,광주광역시,서구,치평동,B,,,tago_route_specific_stop,not_provided_by_api,,,,
20250801,00000023,지원45,지원45,16,00003415,상무해광한신아파트,29,29140,2914012000,광주광역시,서구,치평동,B,,,tago_route_specific_stop,not_provided_by_api,,,,
20250801,00000023,지원45,지원45,17,00001450,계수초교,29,29140,2914012000,광주광역시,서구,치평동,B,,,tago_route_specific_stop,not_provided_by_api,,,,
20250801,00000023,지원45,지원45,19,00000852,시청,29,29140,2914012000,광주광역시,서구,치평동,B,,,tago_route_specific_stop,not_provided_by_api,,,,
20250801,00000023,지원45,지원45,20,00001574,5.18기념공원,29,29140,2914012000,광주광역시,서구,치평동,B,,,tago_route_specific_stop,not_provided_by_api,,,,
20250801,00000023,지원45,지원45,21,00000726,상무병원,29,29140,2914012000,광주광역시,서구,치평동,B,,,tago_route_specific_stop,not_provided_by_api,,,,
20250801,00000023,지원45,지원45,22,00001069,운천저수지,29,29140,2914011800,광주광역시,서구,쌍촌동,B,,,tago_route_specific_stop,not_provided_by_api,,,,
20250801,00000023,지원45,지원45,24,00001571,CBS방송국,29,29140,2914013000,광주광역시,서구,금호동,B,,,tago_route_specific_stop,not_provided_by_api,,,,
20250801,00000023,지원45,지원45,25,00000845,금호시영아파트,29,29140,2914013000,광주광역시,서구,금호동,B,,,tago_route_specific_stop,not_provided_by_api,,,,
20250801,00000023,지원45,지원45,26,00001443,금호한국아파트,29,29140,2914013000,광주광역시,서구,금호동,B,,,tago_route_specific_stop,not_provided_by_api,,,,
20250801,00000023,지원45,지원45,27,00000748,서구문화센터,29,29140,2914013000,광주광역시,서구,금호동,B,,,tago_route_specific_stop,not_provided_by_api,,,,
20250801,00000023,지원45,지원45,28,00000303,마재대주아파트,29,29140,2914013000,광주광역시,서구,금호동,B,,,tago_route_specific_stop,not_provided_by_api,,,,
20250801,00000023,지원45,지원45,29,00000634,마재부영아파트,29,29140,2914013000,광주광역시,서구,금호동,B,,,tago_route_specific_stop,not_provided_by_api,,,,
20250801,00000023,지원45,지원45,30,00001413,마재우체국,29,29140,2914012800,광주광역시,서구,풍암동,B,,,tago_route_specific_stop,not_provided_by_api,,,,
20250801,00000023,지원45,지원45,31,00001417,풍암저수지,29,29140,2914012800,광주광역시,서구,풍암동,B,,,tago_route_specific_stop,not_provided_by_api,,,,
20250801,00000023,지원45,지원45,32,00001294,풍암모아아파트,29,29140,2914012800,광주광역시,서구,풍암동,B,,,tago_route_specific_stop,not_provided_by_api,,,,
20250801,00000023,지원45,지원45,33,00000736,풍암한신아파트,29,29140,2914012800,광주광역시,서구,풍암동,B,,,tago_route_specific_stop,not_provided_by_api,,,,
20250801,00000023,지원45,지원45,34,00001444,풍암한국아파트,29,29140,2914012800,광주광역시,서구,풍암동,B,,,tago_route_specific_stop,not_provided_by_api,,,,
20250801,00000023,지원45,지원45,35,00000880,신암마을,29,29140,2914012800,광주광역시,서구,풍암동,B,,,tago_route_specific_stop,not_provided_by_api,,,,
20250801,00000023,지원45,지원45,36,00000160,풍암금호아파트,29,29140,2914012800,광주광역시,서구,풍암동,B,,,tago_route_specific_stop,not_provided_by_api,,,,
20250801,00000023,지원45,지원45,37,00001024,풍암우미아파트,29,29140,2914012800,광주광역시,서구,풍암동,B,,,tago_route_specific_stop,not_provided_by_api,,,,
20250801,00000023,지원45,지원45,38,00001073,원광대한방병원,29,29140,2914012800,광주광역시,서구,풍암동,B,,,tago_route_specific_stop,not_provided_by_api,,,,
20250801,00000023,지원45,지원45,87,00001075,원광대한방병원,29,29140,2914012800,광주광역시,서구,풍암동,B,,,tago_route_specific_stop,not_provided_by_api,,,,
20250801,00000023,지원45,지원45,88,00001016,풍암우미아파트,29,29140,2914012800,광주광역시,서구,풍암동,B,,,tago_route_specific_stop,not_provided_by_api,,,,
20250801,00000023,지원45,지원45,89,00000161,풍암금호아파트,29,29140,2914012800,광주광역시,서구,풍암동,B,,,tago_route_specific_stop,not_provided_by_api,,,,
20250801,00000023,지원45,지원45,90,00000879,신암마을,29,29140,2914012800,광주광역시,서구,풍암동,B,,,tago_route_specific_stop,not_provided_by_api,,,,
20250801,00000023,지원45,지원45,91,00001447,풍암한국아파트,29,29140,2914012800,광주광역시,서구,풍암동,B,,,tago_route_specific_stop,not_provided_by_api,,,,
20250801,00000023,지원45,지원45,92,00000737,풍암한신아파트,29,29140,2914012800,광주광역시,서구,풍암동,B,,,tago_route_specific_stop,not_provided_by_api,,,,
20250801,00000023,지원45,지원45,93,00000304,풍암모아아파트,29,29140,2914012800,광주광역시,서구,풍암동,B,,,tago_route_specific_stop,not_provided_by_api,,,,
20250801,00000023,지원45,지원45,94,00001416,풍암저수지,29,29140,2914012800,광주광역시,서구,풍암동,B,,,tago_route_specific_stop,not_provided_by_api,,,,
20250801,00000023,지원45,지원45,95,00001414,마재우체국,29,29140,2914012800,광주광역시,서구,풍암동,B,,,tago_route_specific_stop,not_provided_by_api,,,,
20250801,00000023,지원45,지원45,96,00000635,마재부영아파트,29,29140,2914013000,광주광역시,서구,금호동,B,,,tago_route_specific_stop,not_provided_by_api,,,,
20250801,00000023,지원45,지원45,97,00000309,마재대주아파트,29,29140,2914013000,광주광역시,서구,금호동,B,,,tago_route_specific_stop,not_provided_by_api,,,,
20250801,00000023,지원45,지원45,98,00000746,서구문화센터,29,29140,2914013000,광주광역시,서구,금호동,B,,,tago_route_specific_stop,not_provided_by_api,,,,
20250801,00000023,지원45,지원45,99,00001442,금호한국아파트,29,29140,2914013000,광주광역시,서구,금호동,B,,,tago_route_specific_stop,not_provided_by_api,,,,
20250801,00000023,지원45,지원45,100,00000163,금호시영아파트,29,29140,2914013000,광주광역시,서구,금호동,B,,,tago_route_specific_stop,not_provided_by_api,,,,
20250801,00000023,지원45,지원45,101,00001572,CBS방송국,29,29140,2914013000,광주광역시,서구,금호동,B,,,tago_route_specific_stop,not_provided_by_api,,,,
20250801,00000023,지원45,지원45,102,00000731,상무중,29,29140,2914011800,광주광역시,서구,쌍촌동,B,,,tago_route_specific_stop,not_provided_by_api,,,,
20250801,00000023,지원45,지원45,103,00001068,운천저수지,29,29140,2914011800,광주광역시,서구,쌍촌동,B,,,tago_route_specific_stop,not_provided_by_api,,,,
20250801,00000023,지원45,지원45,104,00000725,상무병원,29,29140,2914012000,광주광역시,서구,치평동,B,,,tago_route_specific_stop,not_provided_by_api,,,,
20250801,00000023,지원45,지원45,105,00001573,5.18기념공원,29,29140,2914012000,광주광역시,서구,치평동,B,,,tago_route_specific_stop,not_provided_by_api,,,,
20250801,00000023,지원45,지원45,106,00000850,시청,29,29140,2914012000,광주광역시,서구,치평동,B,,,tago_route_specific_stop,not_provided_by_api,,,,
20250801,00000023,지원45,지원45,107,00002832,한국은행,29,29140,2914012000,광주광역시,서구,치평동,B,,,tago_route_specific_stop,not_provided_by_api,,,,
20250801,00000023,지원45,지원45,108,00002836,한국국토정보공사,29,29140,2914012000,광주광역시,서구,치평동,B,,,tago_route_specific_stop,not_provided_by_api,,,,
20250801,00000023,지원45,지원45,109,00001449,계수초교,29,29140,2914012000,광주광역시,서구,치평동,B,,,tago_route_specific_stop,not_provided_by_api,,,,
20250801,00000023,지원45,지원45,110,00003416,상무해광한신아파트,29,29140,2914012000,광주광역시,서구,치평동,B,,,tago_route_specific_stop,not_provided_by_api,,,,
20250801,00000023,지원45,지원45,111,00000947,일가정양립지원본부,29,29140,2914012000,광주광역시,서구,치평동,B,,,tago_route_specific_stop,not_provided_by_api,,,,
20250801,00000023,지원45,지원45,112,00006700,보훈회관(서),29,29140,2914012000,광주광역시,서구,치평동,B,,,tago_route_specific_stop,not_provided_by_api,,,,
20250801,00000024,송암47,송암47,21,00000114,광천치안센터,29,29140,2914011500,광주광역시,서구,광천동,B,,,tago_route_specific_stop,not_provided_by_api,,,,
20250801,00000024,송암47,송암47,22,00000109,광주종합버스터미널,29,29140,2914011500,광주광역시,서구,광천동,B,,,tago_route_specific_stop,not_provided_by_api,,,,
20250801,00000024,송암47,송암47,23,00000179,기아자동차,29,29140,2914012100,광주광역시,서구,내방동,B,,,tago_route_specific_stop,not_provided_by_api,,,,
20250801,00000024,송암47,송암47,24,00001470,해태아파트,29,29140,2914012100,광주광역시,서구,내방동,B,,,tago_route_specific_stop,not_provided_by_api,,,,
20250801,00000024,송암47,송암47,25,00001439,한국병원,29,29140,2914011800,광주광역시,서구,쌍촌동,B,,,tago_route_specific_stop,not_provided_by_api,,,,
20250801,00000024,송암47,송암47,26,00000721,상무1동행정복지센터,29,29140,2914011800,광주광역시,서구,쌍촌동,B,,,tago_route_specific_stop,not_provided_by_api,,,,
20250801,00000024,송암47,송암47,27,00000905,가톨릭대평생교육원,29,29140,2914011800,광주광역시,서구,쌍촌동,B,,,tago_route_specific_stop,not_provided_by_api,,,,
20250801,00000024,송암47,송암47,28,00000740,서광주우체국,29,29140,2914011900,광주광역시,서구,화정동,B,,,tago_route_specific_stop,not_provided_by_api,,,,
20250801,00000024,송암47,송암47,29,00001542,염주사거리(서),29,29140,2914011900,광주광역시,서구,화정동,B,,,tago_route_specific_stop,not_provided_by_api,,,,
20250801,00000024,송암47,송암47,30,00000969,염주초교,29,29140,2914011900,광주광역시,서구,화정동,B,,,tago_route_specific_stop,not_provided_by_api,,,,
20250801,00000024,송암47,송암47,31,00001242,염주체육관,29,29140,2914011900,광주광역시,서구,화정동,B,,,tago_route_specific_stop,not_provided_by_api,,,,
20250801,00000024,송암47,송암47,37,00001075,원광대한방병원,29,29140,2914012800,광주광역시,서구,풍암동,B,,,tago_route_specific_stop,not_provided_by_api,,,,
20250801,00000024,송암47,송암47,38,00001016,풍암우미아파트,29,29140,2914012800,광주광역시,서구,풍암동,B,,,tago_route_specific_stop,not_provided_by_api,,,,
20250801,00000024,송암47,송암47,39,00000161,풍암금호아파트,29,29140,2914012800,광주광역시,서구,풍암동,B,,,tago_route_specific_stop,not_provided_by_api,,,,
20250801,00000024,송암47,송암47,40,00000879,신암마을,29,29140,2914012800,광주광역시,서구,풍암동,B,,,tago_route_specific_stop,not_provided_by_api,,,,
20250801,00000024,송암47,송암47,41,00001447,풍암한국아파트,29,29140,2914012800,광주광역시,서구,풍암동,B,,,tago_route_specific_stop,not_provided_by_api,,,,
20250801,00000024,송암47,송암47,42,00000737,풍암한신아파트,29,29140,2914012800,광주광역시,서구,풍암동,B,,,tago_route_specific_stop,not_provided_by_api,,,,
20250801,00000024,송암47,송암47,43,00000304,풍암모아아파트,29,29140,2914012800,광주광역시,서구,풍암동,B,,,tago_route_specific_stop,not_provided_by_api,,,,
20250801,00000024,송암47,송암47,44,00001416,풍암저수지,29,29140,2914012800,광주광역시,서구,풍암동,B,,,tago_route_specific_stop,not_provided_by_api,,,,
20250801,00000024,송암47,송암47,45,00001414,마재우체국,29,29140,2914012800,광주광역시,서구,풍암동,B,,,tago_route_specific_stop,not_provided_by_api,,,,
20250801,00000024,송암47,송암47,46,00002955,풍암사거리(동),29,29140,2914013000,광주광역시,서구,금호동,B,,,tago_route_specific_stop,not_provided_by_api,,,,
20250801,00000024,송암47,송암47,48,00001734,운리마을,29,29140,2914012800,광주광역시,서구,풍암동,B,,,tago_route_specific_stop,not_provided_by_api,,,,
20250801,00000024,송암47,송암47,49,00001735,동명회.송원고,29,29140,2914012800,광주광역시,서구,풍암동,B,,,tago_route_specific_stop,not_provided_by_api,,,,
20250801,00000024,송암47,송암47,73,00001755,동명회.송원고,29,29140,2914012800,광주광역시,서구,풍암동,B,,,tago_route_specific_stop,not_provided_by_api,,,,
20250801,00000024,송암47,송암47,74,00001756,운리마을,29,29140,2914012800,광주광역시,서구,풍암동,B,,,tago_route_specific_stop,not_provided_by_api,,,,
20250801,00000024,송암47,송암47,76,00002957,풍암사거리(동),29,29140,2914012800,광주광역시,서구,풍암동,B,,,tago_route_specific_stop,not_provided_by_api,,,,
20250801,00000024,송암47,송암47,77,00001413,마재우체국,29,29140,2914012800,광주광역시,서구,풍암동,B,,,tago_route_specific_stop,not_provided_by_api,,,,
20250801,00000024,송암47,송암47,78,00001417,풍암저수지,29,29140,2914012800,광주광역시,서구,풍암동,B,,,tago_route_specific_stop,not_provided_by_api,,,,
20250801,00000024,송암47,송암47,79,00001294,풍암모아아파트,29,29140,2914012800,광주광역시,서구,풍암동,B,,,tago_route_specific_stop,not_provided_by_api,,,,
20250801,00000024,송암47,송암47,80,00000736,풍암한신아파트,29,29140,2914012800,광주광역시,서구,풍암동,B,,,tago_route_specific_stop,not_provided_by_api,,,,
20250801,00000024,송암47,송암47,81,00001444,풍암한국아파트,29,29140,2914012800,광주광역시,서구,풍암동,B,,,tago_route_specific_stop,not_provided_by_api,,,,
20250801,00000024,송암47,송암47,82,00000880,신암마을,29,29140,2914012800,광주광역시,서구,풍암동,B,,,tago_route_specific_stop,not_provided_by_api,,,,
20250801,00000024,송암47,송암47,83,00000160,풍암금호아파트,29,29140,2914012800,광주광역시,서구,풍암동,B,,,tago_route_specific_stop,not_provided_by_api,,,,
20250801,00000024,송암47,송암47,84,00001024,풍암우미아파트,29,29140,2914012800,광주광역시,서구,풍암동,B,,,tago_route_specific_stop,not_provided_by_api,,,,
20250801,00000024,송암47,송암47,85,00001073,원광대한방병원,29,29140,2914012800,광주광역시,서구,풍암동,B,,,tago_route_specific_stop,not_provided_by_api,,,,
20250801,00000024,송암47,송암47,90,00001243,염주체육관,29,29140,2914011900,광주광역시,서구,화정동,B,,,tago_route_specific_stop,not_provided_by_api,,,,
20250801,00000024,송암47,송암47,91,00000970,염주초교,29,29140,2914011900,광주광역시,서구,화정동,B,,,tago_route_specific_stop,not_provided_by_api,,,,
20250801,00000024,송암47,송암47,92,00000968,염주사거리(서),29,29140,2914011900,광주광역시,서구,화정동,B,,,tago_route_specific_stop,not_provided_by_api,,,,
20250801,00000024,송암47,송암47,93,00000741,서광주우체국,29,29140,2914011900,광주광역시,서구,화정동,B,,,tago_route_specific_stop,not_provided_by_api,,,,
20250801,00000024,송암47,송암47,94,00000906,가톨릭대평생교육원,29,29140,2914011800,광주광역시,서구,쌍촌동,B,,,tago_route_specific_stop,not_provided_by_api,,,,
20250801,00000024,송암47,송암47,95,00000720,상무1동행정복지센터,29,29140,2914012100,광주광역시,서구,내방동,B,,,tago_route_specific_stop,not_provided_by_api,,,,
20250801,00000024,송암47,송암47,96,00001438,한국병원,29,29140,2914011800,광주광역시,서구,쌍촌동,B,,,tago_route_specific_stop,not_provided_by_api,,,,
20250801,00000024,송암47,송암47,98,00001469,해태아파트,29,29140,2914012100,광주광역시,서구,내방동,B,,,tago_route_specific_stop,not_provided_by_api,,,,
20250801,00000024,송암47,송암47,99,00000180,기아자동차,29,29140,2914012100,광주광역시,서구,내방동,B,,,tago_route_specific_stop,not_provided_by_api,,,,
20250801,00000024,송암47,송암47,100,00000110,광주종합버스터미널,29,29140,2914011500,광주광역시,서구,광천동,B,,,tago_route_specific_stop,not_provided_by_api,,,,
20250801,00000024,송암47,송암47,101,00000113,광천치안센터,29,29140,2914011500,광주광역시,서구,광천동,B,,,tago_route_specific_stop,not_provided_by_api,,,,
20250801,00000025,운림50,운림50,2,00002181,동하,29,29140,2914012600,광주광역시,서구,세하동,B,,,tago_route_specific_stop,not_provided_by_api,,,,
20250801,00000025,운림50,운림50,3,00002180,마산(서창),29,29140,2914012900,광주광역시,서구,벽진동,B,,,tago_route_specific_stop,not_provided_by_api,,,,
20250801,00000025,운림50,운림50,4,00001802,서창농협벽진지점,29,29140,2914012900,광주광역시,서구,벽진동,B,,,tago_route_specific_stop,not_provided_by_api,,,,
20250801,00000025,운림50,운림50,5,00006737,서창사거리,29,29140,2914012900,광주광역시,서구,벽진동,B,,,tago_route_specific_stop,not_provided_by_api,,,,
20250801,00000025,운림50,운림50,6,00000775,서창입구,29,29140,2914012900,광주광역시,서구,벽진동,B,,,tago_route_specific_stop,not_provided_by_api,,,,
20250801,00000025,운림50,운림50,7,00001114,월암,29,29140,2914013100,광주광역시,서구,마륵동,B,,,tago_route_specific_stop,not_provided_by_api,,,,
20250801,00000025,운림50,운림50,8,00000440,김대중컨벤션센터(마륵)역,29,29140,2914013100,광주광역시,서구,마륵동,B,,,tago_route_specific_stop,not_provided_by_api,,,,
20250801,00000025,운림50,운림50,9,00004009,전남고,29,29140,2914012000,광주광역시,서구,치평동,B,,,tago_route_specific_stop,not_provided_by_api,,,,
20250801,00000025,운림50,운림50,10,00000165,상무금호아파트,29,29140,2914012000,광주광역시,서구,치평동,B,,,tago_route_specific_stop,not_provided_by_api,,,,
20250801,00000025,운림50,운림50,11,00001303,상무중흥아파트,29,29140,2914012000,광주광역시,서구,치평동,B,,,tago_route_specific_stop,not_provided_by_api,,,,
20250801,00000025,운림50,운림50,12,00002966,한국수자원공사,29,29140,2914012000,광주광역시,서구,치평동,B,,,tago_route_specific_stop,not_provided_by_api,,,,
20250801,00000025,운림50,운림50,13,00002835,한국국토정보공사,29,29140,2914012000,광주광역시,서구,치평동,B,,,tago_route_specific_stop,not_provided_by_api,,,,
20250801,00000025,운림50,운림50,14,00002831,한국은행,29,29140,2914012000,광주광역시,서구,치평동,B,,,tago_route_specific_stop,not_provided_by_api,,,,
20250801,00000025,운림50,운림50,15,00000852,시청,29,29140,2914012000,광주광역시,서구,치평동,B,,,tago_route_specific_stop,not_provided_by_api,,,,
20250801,00000025,운림50,운림50,16,00001574,5.18기념공원,29,29140,2914012000,광주광역시,서구,치평동,B,,,tago_route_specific_stop,not_provided_by_api,,,,
20250801,00000025,운림50,운림50,17,00000726,상무병원,29,29140,2914012000,광주광역시,서구,치평동,B,,,tago_route_specific_stop,not_provided_by_api,,,,
20250801,00000025,운림50,운림50,18,00001069,운천저수지,29,29140,2914011800,광주광역시,서구,쌍촌동,B,,,tago_route_specific_stop,not_provided_by_api,,,,
20250801,00000025,운림50,운림50,19,00000732,상무중,29,29140,2914011800,광주광역시,서구,쌍촌동,B,,,tago_route_specific_stop,not_provided_by_api,,,,
20250801,00000025,운림50,운림50,20,00000571,광주학생독립운동기념관,29,29140,2914011800,광주광역시,서구,쌍촌동,B,,,tago_route_specific_stop,not_provided_by_api,,,,
20250801,00000025,운림50,운림50,21,00001295,쌍촌시영아파트,29,29140,2914011800,광주광역시,서구,쌍촌동,B,,,tago_route_specific_stop,not_provided_by_api,,,,
20250801,00000025,운림50,운림50,23,00000966,염주사거리(동),29,29140,2914011900,광주광역시,서구,화정동,B,,,tago_route_specific_stop,not_provided_by_api,,,,
20250801,00000025,운림50,운림50,24,00000965,염주맨션,29,29140,2914011900,광주광역시,서구,화정동,B,,,tago_route_specific_stop,not_provided_by_api,,,,
20250801,00000025,운림50,운림50,25,00001264,주월초교,29,29140,2914011900,광주광역시,서구,화정동,B,,,tago_route_specific_stop,not_provided_by_api,,,,
20250801,00000025,운림50,운림50,81,00001265,주월초교,29,29140,2914011900,광주광역시,서구,화정동,B,,,tago_route_specific_stop,not_provided_by_api,,,,
20250801,00000025,운림50,운림50,82,00000054,염주맨션,29,29140,2914011900,광주광역시,서구,화정동,B,,,tago_route_specific_stop,not_provided_by_api,,,,
20250801,00000025,운림50,운림50,83,00000968,염주사거리(서),29,29140,2914011900,광주광역시,서구,화정동,B,,,tago_route_specific_stop,not_provided_by_api,,,,
20250801,00000025,운림50,운림50,84,00001293,쌍촌시영아파트,29,29140,2914011800,광주광역시,서구,쌍촌동,B,,,tago_route_specific_stop,not_provided_by_api,,,,
20250801,00000025,운림50,운림50,85,00001561,광주학생독립운동기념관,29,29140,2914011800,광주광역시,서구,쌍촌동,B,,,tago_route_specific_stop,not_provided_by_api,,,,
20250801,00000025,운림50,운림50,87,00000731,상무중,29,29140,2914011800,광주광역시,서구,쌍촌동,B,,,tago_route_specific_stop,not_provided_by_api,,,,
20250801,00000025,운림50,운림50,88,00001068,운천저수지,29,29140,2914011800,광주광역시,서구,쌍촌동,B,,,tago_route_specific_stop,not_provided_by_api,,,,
20250801,00000025,운림50,운림50,89,00000725,상무병원,29,29140,2914012000,광주광역시,서구,치평동,B,,,tago_route_specific_stop,not_provided_by_api,,,,
20250801,00000025,운림50,운림50,90,00001573,5.18기념공원,29,29140,2914012000,광주광역시,서구,치평동,B,,,tago_route_specific_stop,not_provided_by_api,,,,
20250801,00000025,운림50,운림50,91,00000850,시청,29,29140,2914012000,광주광역시,서구,치평동,B,,,tago_route_specific_stop,not_provided_by_api,,,,
20250801,00000025,운림50,운림50,92,00002832,한국은행,29,29140,2914012000,광주광역시,서구,치평동,B,,,tago_route_specific_stop,not_provided_by_api,,,,
20250801,00000025,운림50,운림50,93,00002836,한국국토정보공사,29,29140,2914012000,광주광역시,서구,치평동,B,,,tago_route_specific_stop,not_provided_by_api,,,,
20250801,00000025,운림50,운림50,94,00002965,한국수자원공사,29,29140,2914012000,광주광역시,서구,치평동,B,,,tago_route_specific_stop,not_provided_by_api,,,,
20250801,00000025,운림50,운림50,95,00001302,상무중흥아파트,29,29140,2914012000,광주광역시,서구,치평동,B,,,tago_route_specific_stop,not_provided_by_api,,,,
20250801,00000025,운림50,운림50,96,00000164,상무금호아파트,29,29140,2914012000,광주광역시,서구,치평동,B,,,tago_route_specific_stop,not_provided_by_api,,,,
20250801,00000025,운림50,운림50,97,00004010,전남고,29,29140,2914012000,광주광역시,서구,치평동,B,,,tago_route_specific_stop,not_provided_by_api,,,,
20250801,00000025,운림50,운림50,98,00001579,김대중컨벤션센터(마륵)역,29,29140,2914013100,광주광역시,서구,마륵동,B,,,tago_route_specific_stop,not_provided_by_api,,,,
20250801,00000025,운림50,운림50,99,00001583,월암,29,29140,2914013100,광주광역시,서구,마륵동,B,,,tago_route_specific_stop,not_provided_by_api,,,,
20250801,00000025,운림50,운림50,100,00001716,서창사거리,29,29140,2914012900,광주광역시,서구,벽진동,B,,,tago_route_specific_stop,not_provided_by_api,,,,
20250801,00000025,운림50,운림50,101,00001717,서창농협벽진지점,29,29140,2914012900,광주광역시,서구,벽진동,B,,,tago_route_specific_stop,not_provided_by_api,,,,
20250801,00000025,운림50,운림50,102,00001718,마산(서창),29,29140,2914012900,광주광역시,서구,벽진동,B,,,tago_route_specific_stop,not_provided_by_api,,,,
20250801,00000025,운림50,운림50,103,00001719,동하,29,29140,2914012600,광주광역시,서구,세하동,B,,,tago_route_specific_stop,not_provided_by_api,,,,
20250801,00000027,지원52,지원52,35,00001035,우진아파트,29,29140,2914010400,광주광역시,서구,양동,B,,,tago_route_specific_stop,not_provided_by_api,,,,
20250801,00000027,지원52,지원52,36,00000276,닭전머리,29,29140,2914010400,광주광역시,서구,양동,B,,,tago_route_specific_stop,not_provided_by_api,,,,
20250801,00000027,지원52,지원52,38,00000344,돌고개역(동),29,29140,2914010600,광주광역시,서구,농성동,B,,,tago_route_specific_stop,not_provided_by_api,,,,
20250801,00000027,지원52,지원52,39,00000763,서광주전화국,29,29140,2914010600,광주광역시,서구,농성동,B,,,tago_route_specific_stop,not_provided_by_api,,,,
20250801,00000027,지원52,지원52,40,00002973,농성중흥파크,29,29140,2914010600,광주광역시,서구,농성동,B,,,tago_route_specific_stop,not_provided_by_api,,,,
20250801,00000027,지원52,지원52,41,00002776,발산교(남),29,29140,2914010400,광주광역시,서구,양동,B,,,tago_route_specific_stop,not_provided_by_api,,,,
20250801,00000027,지원52,지원52,42,00002782,양동교,29,29140,2914010400,광주광역시,서구,양동,B,,,tago_route_specific_stop,not_provided_by_api,,,,
20250801,00000027,지원52,지원52,43,00000242,그린파크,29,29140,2914010400,광주광역시,서구,양동,B,,,tago_route_specific_stop,not_provided_by_api,,,,
20250801,00000027,지원52,지원52,44,00000764,서광주전화국,29,29140,2914010600,광주광역시,서구,농성동,B,,,tago_route_specific_stop,not_provided_by_api,,,,
20250801,00000027,지원52,지원52,48,00001036,우진아파트,29,29140,2914010400,광주광역시,서구,양동,B,,,tago_route_specific_stop,not_provided_by_api,,,,
20250801,00000033,금남58,금남58,3,00000375,동천우미린아파트,29,29140,2914013300,광주광역시,서구,동천동,B,,,tago_route_specific_stop,not_provided_by_api,,,,
20250801,00000034,금남59,금남59,1,00001723,매월동(북),29,29140,2914013200,광주광역시,서구,매월동,B,,,tago_route_specific_stop,not_provided_by_api,,,,
20250801,00000034,금남59,금남59,2,00001724,대동고,29,29140,2914013200,광주광역시,서구,매월동,B,,,tago_route_specific_stop,not_provided_by_api,,,,
20250801,00000034,금남59,금남59,3,00002995,화훼단지,29,29140,2914013200,광주광역시,서구,매월동,B,,,tago_route_specific_stop,not_provided_by_api,,,,
20250801,00000034,금남59,금남59,4,00001732,공구단지,29,29140,2914013200,광주광역시,서구,매월동,B,,,tago_route_specific_stop,not_provided_by_api,,,,
20250801,00000034,금남59,금남59,5,00002957,풍암사거리(동),29,29140,2914012800,광주광역시,서구,풍암동,B,,,tago_route_specific_stop,not_provided_by_api,,,,
20250801,00000034,금남59,금남59,6,00001413,마재우체국,29,29140,2914012800,광주광역시,서구,풍암동,B,,,tago_route_specific_stop,not_provided_by_api,,,,
20250801,00000034,금남59,금남59,7,00001417,풍암저수지,29,29140,2914012800,광주광역시,서구,풍암동,B,,,tago_route_specific_stop,not_provided_by_api,,,,
20250801,00000034,금남59,금남59,8,00001294,풍암모아아파트,29,29140,2914012800,광주광역시,서구,풍암동,B,,,tago_route_specific_stop,not_provided_by_api,,,,
20250801,00000034,금남59,금남59,9,00000736,풍암한신아파트,29,29140,2914012800,광주광역시,서구,풍암동,B,,,tago_route_specific_stop,not_provided_by_api,,,,
20250801,00000034,금남59,금남59,10,00001444,풍암한국아파트,29,29140,2914012800,광주광역시,서구,풍암동,B,,,tago_route_specific_stop,not_provided_by_api,,,,
20250801,00000034,금남59,금남59,11,00000880,신암마을,29,29140,2914012800,광주광역시,서구,풍암동,B,,,tago_route_specific_stop,not_provided_by_api,,,,
20250801,00000034,금남59,금남59,12,00000160,풍암금호아파트,29,29140,2914012800,광주광역시,서구,풍암동,B,,,tago_route_specific_stop,not_provided_by_api,,,,
20250801,00000034,금남59,금남59,13,00001024,풍암우미아파트,29,29140,2914012800,광주광역시,서구,풍암동,B,,,tago_route_specific_stop,not_provided_by_api,,,,
20250801,00000034,금남59,금남59,14,00004289,서구국민체육센터,29,29140,2914012800,광주광역시,서구,풍암동,B,,,tago_route_specific_stop,not_provided_by_api,,,,
20250801,00000034,금남59,금남59,15,00004293,월드컵경기장주차장,29,29140,2914012800,광주광역시,서구,풍암동,B,,,tago_route_specific_stop,not_provided_by_api,,,,
20250801,00000034,금남59,금남59,16,00004291,월드컵경기장정문,29,29140,2914012800,광주광역시,서구,풍암동,B,,,tago_route_specific_stop,not_provided_by_api,,,,
20250801,00000034,금남59,금남59,17,00004300,화정우성아파트,29,29140,2914011900,광주광역시,서구,화정동,B,,,tago_route_specific_stop,not_provided_by_api,,,,
20250801,00000034,금남59,금남59,18,00001544,화정남초교,29,29140,2914011900,광주광역시,서구,화정동,B,,,tago_route_specific_stop,not_provided_by_api,,,,
20250801,00000034,금남59,금남59,19,00000966,염주사거리(동),29,29140,2914011900,광주광역시,서구,화정동,B,,,tago_route_specific_stop,not_provided_by_api,,,,
20250801,00000034,금남59,금남59,20,00000965,염주맨션,29,29140,2914011900,광주광역시,서구,화정동,B,,,tago_route_specific_stop,not_provided_by_api,,,,
20250801,00000034,금남59,금남59,21,00001554,화정중,29,29140,2914011900,광주광역시,서구,화정동,B,,,tago_route_specific_stop,not_provided_by_api,,,,
20250801,00000034,금남59,금남59,22,00001552,유니버시아드힐스테이트,29,29140,2914011900,광주광역시,서구,화정동,B,,,tago_route_specific_stop,not_provided_by_api,,,,
20250801,00000034,금남59,금남59,23,00000244,농성파출소,29,29140,2914010600,광주광역시,서구,농성동,B,,,tago_route_specific_stop,not_provided_by_api,,,,
20250801,00000034,금남59,금남59,26,00000935,양동시장역(북),29,29140,2914010400,광주광역시,서구,양동,B,,,tago_route_specific_stop,not_provided_by_api,,,,
20250801,00000034,금남59,금남59,28,00002784,천교,29,29140,2914010400,광주광역시,서구,양동,B,,,tago_route_specific_stop,not_provided_by_api,,,,
20250801,00000034,금남59,금남59,81,00000936,양동시장역(북),29,29140,2914010400,광주광역시,서구,양동,B,,,tago_route_specific_stop,not_provided_by_api,,,,
20250801,00000034,금남59,금남59,83,00000245,농성파출소,29,29140,2914010600,광주광역시,서구,농성동,B,,,tago_route_specific_stop,not_provided_by_api,,,,
20250801,00000034,금남59,금남59,84,00001551,유니버시아드힐스테이트,29,29140,2914011900,광주광역시,서구,화정동,B,,,tago_route_specific_stop,not_provided_by_api,,,,
20250801,00000034,금남59,금남59,85,00001553,화정중,29,29140,2914011900,광주광역시,서구,화정동,B,,,tago_route_specific_stop,not_provided_by_api,,,,
20250801,00000034,금남59,금남59,86,00000054,염주맨션,29,29140,2914011900,광주광역시,서구,화정동,B,,,tago_route_specific_stop,not_provided_by_api,,,,
20250801,00000034,금남59,금남59,87,00000967,염주사거리(동),29,29140,2914011900,광주광역시,서구,화정동,B,,,tago_route_specific_stop,not_provided_by_api,,,,
20250801,00000034,금남59,금남59,88,00001543,화정남초교,29,29140,2914011900,광주광역시,서구,화정동,B,,,tago_route_specific_stop,not_provided_by_api,,,,
20250801,00000034,금남59,금남59,89,00004299,화정우성아파트,29,29140,2914011900,광주광역시,서구,화정동,B,,,tago_route_specific_stop,not_provided_by_api,,,,
20250801,00000034,금남59,금남59,90,00004292,월드컵경기장정문,29,29140,2914012800,광주광역시,서구,풍암동,B,,,tago_route_specific_stop,not_provided_by_api,,,,
20250801,00000034,금남59,금남59,91,00004294,월드컵경기장주차장,29,29140,2914012800,광주광역시,서구,풍암동,B,,,tago_route_specific_stop,not_provided_by_api,,,,
20250801,00000034,금남59,금남59,92,00004290,서구국민체육센터,29,29140,2914012800,광주광역시,서구,풍암동,B,,,tago_route_specific_stop,not_provided_by_api,,,,
20250801,00000034,금남59,금남59,93,00001016,풍암우미아파트,29,29140,2914012800,광주광역시,서구,풍암동,B,,,tago_route_specific_stop,not_provided_by_api,,,,
20250801,00000034,금남59,금남59,94,00000161,풍암금호아파트,29,29140,2914012800,광주광역시,서구,풍암동,B,,,tago_route_specific_stop,not_provided_by_api,,,,
20250801,00000034,금남59,금남59,95,00000879,신암마을,29,29140,2914012800,광주광역시,서구,풍암동,B,,,tago_route_specific_stop,not_provided_by_api,,,,
20250801,00000034,금남59,금남59,96,00001447,풍암한국아파트,29,29140,2914012800,광주광역시,서구,풍암동,B,,,tago_route_specific_stop,not_provided_by_api,,,,
20250801,00000034,금남59,금남59,97,00000737,풍암한신아파트,29,29140,2914012800,광주광역시,서구,풍암동,B,,,tago_route_specific_stop,not_provided_by_api,,,,
20250801,00000034,금남59,금남59,98,00000304,풍암모아아파트,29,29140,2914012800,광주광역시,서구,풍암동,B,,,tago_route_specific_stop,not_provided_by_api,,,,
20250801,00000034,금남59,금남59,99,00001416,풍암저수지,29,29140,2914012800,광주광역시,서구,풍암동,B,,,tago_route_specific_stop,not_provided_by_api,,,,
20250801,00000034,금남59,금남59,100,00001414,마재우체국,29,29140,2914012800,광주광역시,서구,풍암동,B,,,tago_route_specific_stop,not_provided_by_api,,,,
20250801,00000034,금남59,금남59,101,00002955,풍암사거리(동),29,29140,2914013000,광주광역시,서구,금호동,B,,,tago_route_specific_stop,not_provided_by_api,,,,
20250801,00000034,금남59,금남59,102,00001758,공구단지,29,29140,2914013200,광주광역시,서구,매월동,B,,,tago_route_specific_stop,not_provided_by_api,,,,
20250801,00000034,금남59,금남59,103,00001759,화훼단지,29,29140,2914013200,광주광역시,서구,매월동,B,,,tago_route_specific_stop,not_provided_by_api,,,,
20250801,00000034,금남59,금남59,104,00001760,대동고,29,29140,2914013200,광주광역시,서구,매월동,B,,,tago_route_specific_stop,not_provided_by_api,,,,
20250801,00000034,금남59,금남59,105,00002185,매월동(북),29,29140,2914013200,광주광역시,서구,매월동,B,,,tago_route_specific_stop,not_provided_by_api,,,,
20250801,00000035,매월61(칠석),매월61(칠석),10,00002195,학동(서창),29,29140,2914012700,광주광역시,서구,용두동,B,,,tago_route_specific_stop,not_provided_by_api,,,,
20250801,00000035,매월61(칠석),매월61(칠석),11,00002193,용두입구,29,29140,2914012700,광주광역시,서구,용두동,B,,,tago_route_specific_stop,not_provided_by_api,,,,
20250801,00000035,매월61(칠석),매월61(칠석),12,00002192,서창치안센터,29,29140,2914012500,광주광역시,서구,서창동,B,,,tago_route_specific_stop,not_provided_by_api,,,,
20250801,00000035,매월61(칠석),매월61(칠석),13,00002191,중촌,29,29140,2914012500,광주광역시,서구,서창동,B,,,tago_route_specific_stop,not_provided_by_api,,,,
20250801,00000035,매월61(칠석),매월61(칠석),14,00002190,절골입구(서),29,29140,2914012500,광주광역시,서구,서창동,B,,,tago_route_specific_stop,not_provided_by_api,,,,
20250801,00000035,매월61(칠석),매월61(칠석),15,00003774,매월동(동),29,29140,2914013200,광주광역시,서구,매월동,B,,,tago_route_specific_stop,not_provided_by_api,,,,
20250801,00000035,매월61(칠석),매월61(칠석),16,00001724,대동고,29,29140,2914013200,광주광역시,서구,매월동,B,,,tago_route_specific_stop,not_provided_by_api,,,,
20250801,00000035,매월61(칠석),매월61(칠석),17,00001726,서부자동차매매단지,29,29140,2914013200,광주광역시,서구,매월동,B,,,tago_route_specific_stop,not_provided_by_api,,,,
20250801,00000035,매월61(칠석),매월61(칠석),18,00001727,종합유통단지,29,29140,2914013200,광주광역시,서구,매월동,B,,,tago_route_specific_stop,not_provided_by_api,,,,
20250801,00000035,매월61(칠석),매월61(칠석),19,00001729,서부농수산물도매시장,29,29140,2914013200,광주광역시,서구,매월동,B,,,tago_route_specific_stop,not_provided_by_api,,,,
20250801,00000035,매월61(칠석),매월61(칠석),20,00001732,공구단지,29,29140,2914013200,광주광역시,서구,매월동,B,,,tago_route_specific_stop,not_provided_by_api,,,,
20250801,00000035,매월61(칠석),매월61(칠석),21,00002957,풍암사거리(동),29,29140,2914012800,광주광역시,서구,풍암동,B,,,tago_route_specific_stop,not_provided_by_api,,,,
20250801,00000035,매월61(칠석),매월61(칠석),22,00000635,마재부영아파트,29,29140,2914013000,광주광역시,서구,금호동,B,,,tago_route_specific_stop,not_provided_by_api,,,,
20250801,00000035,매월61(칠석),매월61(칠석),23,00000309,마재대주아파트,29,29140,2914013000,광주광역시,서구,금호동,B,,,tago_route_specific_stop,not_provided_by_api,,,,
20250801,00000035,매월61(칠석),매월61(칠석),24,00000746,서구문화센터,29,29140,2914013000,광주광역시,서구,금호동,B,,,tago_route_specific_stop,not_provided_by_api,,,,
20250801,00000035,매월61(칠석),매월61(칠석),25,00001442,금호한국아파트,29,29140,2914013000,광주광역시,서구,금호동,B,,,tago_route_specific_stop,not_provided_by_api,,,,
20250801,00000035,매월61(칠석),매월61(칠석),26,00000163,금호시영아파트,29,29140,2914013000,광주광역시,서구,금호동,B,,,tago_route_specific_stop,not_provided_by_api,,,,
20250801,00000035,매월61(칠석),매월61(칠석),27,00001572,CBS방송국,29,29140,2914013000,광주광역시,서구,금호동,B,,,tago_route_specific_stop,not_provided_by_api,,,,
20250801,00000035,매월61(칠석),매월61(칠석),28,00000732,상무중,29,29140,2914011800,광주광역시,서구,쌍촌동,B,,,tago_route_specific_stop,not_provided_by_api,,,,
20250801,00000035,매월61(칠석),매월61(칠석),29,00000571,광주학생독립운동기념관,29,29140,2914011800,광주광역시,서구,쌍촌동,B,,,tago_route_specific_stop,not_provided_by_api,,,,
20250801,00000035,매월61(칠석),매월61(칠석),30,00001295,쌍촌시영아파트,29,29140,2914011800,광주광역시,서구,쌍촌동,B,,,tago_route_specific_stop,not_provided_by_api,,,,
20250801,00000035,매월61(칠석),매월61(칠석),32,00000966,염주사거리(동),29,29140,2914011900,광주광역시,서구,화정동,B,,,tago_route_specific_stop,not_provided_by_api,,,,
20250801,00000035,매월61(칠석),매월61(칠석),33,00000965,염주맨션,29,29140,2914011900,광주광역시,서구,화정동,B,,,tago_route_specific_stop,not_provided_by_api,,,,
20250801,00000035,매월61(칠석),매월61(칠석),34,00001554,화정중,29,29140,2914011900,광주광역시,서구,화정동,B,,,tago_route_specific_stop,not_provided_by_api,,,,
20250801,00000035,매월61(칠석),매월61(칠석),35,00001552,유니버시아드힐스테이트,29,29140,2914011900,광주광역시,서구,화정동,B,,,tago_route_specific_stop,not_provided_by_api,,,,
20250801,00000035,매월61(칠석),매월61(칠석),36,00000244,농성파출소,29,29140,2914010600,광주광역시,서구,농성동,B,,,tago_route_specific_stop,not_provided_by_api,,,,
20250801,00000035,매월61(칠석),매월61(칠석),39,00000935,양동시장역(북),29,29140,2914010400,광주광역시,서구,양동,B,,,tago_route_specific_stop,not_provided_by_api,,,,
20250801,00000035,매월61(칠석),매월61(칠석),41,00002784,천교,29,29140,2914010400,광주광역시,서구,양동,B,,,tago_route_specific_stop,not_provided_by_api,,,,
20250801,00000035,매월61(칠석),매월61(칠석),64,00000936,양동시장역(북),29,29140,2914010400,광주광역시,서구,양동,B,,,tago_route_specific_stop,not_provided_by_api,,,,
20250801,00000035,매월61(칠석),매월61(칠석),66,00000245,농성파출소,29,29140,2914010600,광주광역시,서구,농성동,B,,,tago_route_specific_stop,not_provided_by_api,,,,
20250801,00000035,매월61(칠석),매월61(칠석),67,00001551,유니버시아드힐스테이트,29,29140,2914011900,광주광역시,서구,화정동,B,,,tago_route_specific_stop,not_provided_by_api,,,,
20250801,00000035,매월61(칠석),매월61(칠석),68,00001553,화정중,29,29140,2914011900,광주광역시,서구,화정동,B,,,tago_route_specific_stop,not_provided_by_api,,,,
20250801,00000035,매월61(칠석),매월61(칠석),69,00000054,염주맨션,29,29140,2914011900,광주광역시,서구,화정동,B,,,tago_route_specific_stop,not_provided_by_api,,,,
20250801,00000035,매월61(칠석),매월61(칠석),70,00000968,염주사거리(서),29,29140,2914011900,광주광역시,서구,화정동,B,,,tago_route_specific_stop,not_provided_by_api,,,,
20250801,00000035,매월61(칠석),매월61(칠석),71,00001293,쌍촌시영아파트,29,29140,2914011800,광주광역시,서구,쌍촌동,B,,,tago_route_specific_stop,not_provided_by_api,,,,
20250801,00000035,매월61(칠석),매월61(칠석),72,00001561,광주학생독립운동기념관,29,29140,2914011800,광주광역시,서구,쌍촌동,B,,,tago_route_specific_stop,not_provided_by_api,,,,
20250801,00000035,매월61(칠석),매월61(칠석),75,00001571,CBS방송국,29,29140,2914013000,광주광역시,서구,금호동,B,,,tago_route_specific_stop,not_provided_by_api,,,,
20250801,00000035,매월61(칠석),매월61(칠석),76,00000845,금호시영아파트,29,29140,2914013000,광주광역시,서구,금호동,B,,,tago_route_specific_stop,not_provided_by_api,,,,
20250801,00000035,매월61(칠석),매월61(칠석),77,00001443,금호한국아파트,29,29140,2914013000,광주광역시,서구,금호동,B,,,tago_route_specific_stop,not_provided_by_api,,,,
20250801,00000035,매월61(칠석),매월61(칠석),78,00000748,서구문화센터,29,29140,2914013000,광주광역시,서구,금호동,B,,,tago_route_specific_stop,not_provided_by_api,,,,
20250801,00000035,매월61(칠석),매월61(칠석),79,00000303,마재대주아파트,29,29140,2914013000,광주광역시,서구,금호동,B,,,tago_route_specific_stop,not_provided_by_api,,,,
20250801,00000035,매월61(칠석),매월61(칠석),80,00000634,마재부영아파트,29,29140,2914013000,광주광역시,서구,금호동,B,,,tago_route_specific_stop,not_provided_by_api,,,,
20250801,00000035,매월61(칠석),매월61(칠석),81,00002955,풍암사거리(동),29,29140,2914013000,광주광역시,서구,금호동,B,,,tago_route_specific_stop,not_provided_by_api,,,,
20250801,00000035,매월61(칠석),매월61(칠석),82,00001758,공구단지,29,29140,2914013200,광주광역시,서구,매월동,B,,,tago_route_specific_stop,not_provided_by_api,,,,
20250801,00000035,매월61(칠석),매월61(칠석),83,00002188,서부농수산물도매시장,29,29140,2914013200,광주광역시,서구,매월동,B,,,tago_route_specific_stop,not_provided_by_api,,,,
20250801,00000035,매월61(칠석),매월61(칠석),84,00002187,종합유통단지,29,29140,2914013200,광주광역시,서구,매월동,B,,,tago_route_specific_stop,not_provided_by_api,,,,
20250801,00000035,매월61(칠석),매월61(칠석),85,00002186,서부자동차매매단지,29,29140,2914013200,광주광역시,서구,매월동,B,,,tago_route_specific_stop,not_provided_by_api,,,,
20250801,00000035,매월61(칠석),매월61(칠석),86,00001760,대동고,29,29140,2914013200,광주광역시,서구,매월동,B,,,tago_route_specific_stop,not_provided_by_api,,,,
20250801,00000035,매월61(칠석),매월61(칠석),87,00003775,매월동(동),29,29140,2914013200,광주광역시,서구,매월동,B,,,tago_route_specific_stop,not_provided_by_api,,,,
20250801,00000035,매월61(칠석),매월61(칠석),88,00001762,절골입구(서),29,29140,2914012600,광주광역시,서구,세하동,B,,,tago_route_specific_stop,not_provided_by_api,,,,
20250801,00000035,매월61(칠석),매월61(칠석),89,00001763,중촌,29,29140,2914012500,광주광역시,서구,서창동,B,,,tago_route_specific_stop,not_provided_by_api,,,,
20250801,00000035,매월61(칠석),매월61(칠석),90,00001764,서창치안센터,29,29140,2914012500,광주광역시,서구,서창동,B,,,tago_route_specific_stop,not_provided_by_api,,,,
20250801,00000035,매월61(칠석),매월61(칠석),91,00001765,용두입구,29,29140,2914012700,광주광역시,서구,용두동,B,,,tago_route_specific_stop,not_provided_by_api,,,,
20250801,00000035,매월61(칠석),매월61(칠석),92,00001767,학동(서창),29,29140,2914012700,광주광역시,서구,용두동,B,,,tago_route_specific_stop,not_provided_by_api,,,,
20250801,00000036,상무62(상무역행),상무62(상무역행),1,00000722,상무지구,29,29140,2914012000,광주광역시,서구,치평동,B,,,tago_route_specific_stop,not_provided_by_api,,,,
20250801,00000036,상무62(상무역행),상무62(상무역행),2,00001450,계수초교,29,29140,2914012000,광주광역시,서구,치평동,B,,,tago_route_specific_stop,not_provided_by_api,,,,
20250801,00000036,상무62(상무역행),상무62(상무역행),4,00000852,시청,29,29140,2914012000,광주광역시,서구,치평동,B,,,tago_route_specific_stop,not_provided_by_api,,,,
20250801,00000036,상무62(상무역행),상무62(상무역행),5,00000011,5.18기념문화센터 [광주1호선],29,29140,2914011800,광주광역시,서구,쌍촌동,B,,,tago_route_specific_stop,not_provided_by_api,,,,
20250801,00000036,상무62(상무역행),상무62(상무역행),6,00000494,모아제일아파트,29,29140,2914011800,광주광역시,서구,쌍촌동,B,,,tago_route_specific_stop,not_provided_by_api,,,,
20250801,00000036,상무62(상무역행),상무62(상무역행),7,00001497,상무호반3차,29,29140,2914011800,광주광역시,서구,쌍촌동,B,,,tago_route_specific_stop,not_provided_by_api,,,,
20250801,00000036,상무62(상무역행),상무62(상무역행),8,00001121,유덕초교,29,29140,2914011800,광주광역시,서구,쌍촌동,B,,,tago_route_specific_stop,not_provided_by_api,,,,
20250801,00000036,상무62(상무역행),상무62(상무역행),9,00003604,칠성마을사거리,29,29140,2914011800,광주광역시,서구,쌍촌동,B,,,tago_route_specific_stop,not_provided_by_api,,,,
20250801,00000036,상무62(상무역행),상무62(상무역행),10,00002996,동천동행정복지센터,29,29140,2914013300,광주광역시,서구,동천동,B,,,tago_route_specific_stop,not_provided_by_api,,,,
20250801,00000036,상무62(상무역행),상무62(상무역행),41,00000775,서창입구,29,29140,2914012900,광주광역시,서구,벽진동,B,,,tago_route_specific_stop,not_provided_by_api,,,,
20250801,00000036,상무62(상무역행),상무62(상무역행),42,00001114,월암,29,29140,2914013100,광주광역시,서구,마륵동,B,,,tago_route_specific_stop,not_provided_by_api,,,,
20250801,00000036,상무62(상무역행),상무62(상무역행),43,00000440,김대중컨벤션센터(마륵)역,29,29140,2914013100,광주광역시,서구,마륵동,B,,,tago_route_specific_stop,not_provided_by_api,,,,
20250801,00000036,상무62(상무역행),상무62(상무역행),44,00001241,전남고입구,29,29140,2914013100,광주광역시,서구,마륵동,B,,,tago_route_specific_stop,not_provided_by_api,,,,
20250801,00000036,상무62(상무역행),상무62(상무역행),48,00001449,계수초교,29,29140,2914012000,광주광역시,서구,치평동,B,,,tago_route_specific_stop,not_provided_by_api,,,,
20250801,00000037,상무63,상무63,1,00000722,상무지구,29,29140,2914012000,광주광역시,서구,치평동,B,,,tago_route_specific_stop,not_provided_by_api,,,,
20250801,00000037,상무63,상무63,2,00000840,상무시민공원,29,29140,2914012000,광주광역시,서구,치평동,B,,,tago_route_specific_stop,not_provided_by_api,,,,
20250801,00000037,상무63,상무63,3,00006674,보훈회관(5.18민주화운동교육관),29,29140,2914012000,광주광역시,서구,치평동,B,,,tago_route_specific_stop,not_provided_by_api,,,,
20250801,00000037,상무63,상무63,4,00000189,5.18자유공원,29,29140,2914012000,광주광역시,서구,치평동,B,,,tago_route_specific_stop,not_provided_by_api,,,,
20250801,00000037,상무63,상무63,5,00000165,상무금호아파트,29,29140,2914012000,광주광역시,서구,치평동,B,,,tago_route_specific_stop,not_provided_by_api,,,,
20250801,00000037,상무63,상무63,6,00003415,상무해광한신아파트,29,29140,2914012000,광주광역시,서구,치평동,B,,,tago_route_specific_stop,not_provided_by_api,,,,
20250801,00000037,상무63,상무63,7,00001450,계수초교,29,29140,2914012000,광주광역시,서구,치평동,B,,,tago_route_specific_stop,not_provided_by_api,,,,
20250801,00000037,상무63,상무63,9,00000852,시청,29,29140,2914012000,광주광역시,서구,치평동,B,,,tago_route_specific_stop,not_provided_by_api,,,,
20250801,00000037,상무63,상무63,10,00000011,5.18기념문화센터 [광주1호선],29,29140,2914011800,광주광역시,서구,쌍촌동,B,,,tago_route_specific_stop,not_provided_by_api,,,,
20250801,00000037,상무63,상무63,11,00000494,모아제일아파트,29,29140,2914011800,광주광역시,서구,쌍촌동,B,,,tago_route_specific_stop,not_provided_by_api,,,,
20250801,00000037,상무63,상무63,12,00001497,상무호반3차,29,29140,2914011800,광주광역시,서구,쌍촌동,B,,,tago_route_specific_stop,not_provided_by_api,,,,
20250801,00000037,상무63,상무63,13,00001121,유덕초교,29,29140,2914011800,광주광역시,서구,쌍촌동,B,,,tago_route_specific_stop,not_provided_by_api,,,,
20250801,00000037,상무63,상무63,14,00003604,칠성마을사거리,29,29140,2914011800,광주광역시,서구,쌍촌동,B,,,tago_route_specific_stop,not_provided_by_api,,,,
20250801,00000037,상무63,상무63,15,00002996,동천동행정복지센터,29,29140,2914013300,광주광역시,서구,동천동,B,,,tago_route_specific_stop,not_provided_by_api,,,,
20250801,00000037,상무63,상무63,16,00000375,동천우미린아파트,29,29140,2914013300,광주광역시,서구,동천동,B,,,tago_route_specific_stop,not_provided_by_api,,,,
20250801,00000037,상무63,상무63,39,00002997,동천동행정복지센터,29,29140,2914013300,광주광역시,서구,동천동,B,,,tago_route_specific_stop,not_provided_by_api,,,,
20250801,00000037,상무63,상무63,40,00003605,칠성마을사거리,29,29140,2914011800,광주광역시,서구,쌍촌동,B,,,tago_route_specific_stop,not_provided_by_api,,,,
20250801,00000037,상무63,상무63,41,00000573,유덕초교,29,29140,2914011600,광주광역시,서구,유촌동,B,,,tago_route_specific_stop,not_provided_by_api,,,,
20250801,00000037,상무63,상무63,42,00000496,상무호반3차,29,29140,2914011800,광주광역시,서구,쌍촌동,B,,,tago_route_specific_stop,not_provided_by_api,,,,
20250801,00000037,상무63,상무63,43,00000485,모아제일아파트,29,29140,2914011800,광주광역시,서구,쌍촌동,B,,,tago_route_specific_stop,not_provided_by_api,,,,
20250801,00000037,상무63,상무63,44,00000012,5.18기념문화센터 [광주1호선],29,29140,2914011800,광주광역시,서구,쌍촌동,B,,,tago_route_specific_stop,not_provided_by_api,,,,
20250801,00000037,상무63,상무63,45,00000850,시청,29,29140,2914012000,광주광역시,서구,치평동,B,,,tago_route_specific_stop,not_provided_by_api,,,,
20250801,00000037,상무63,상무63,46,00002832,한국은행,29,29140,2914012000,광주광역시,서구,치평동,B,,,tago_route_specific_stop,not_provided_by_api,,,,
20250801,00000037,상무63,상무63,47,00002836,한국국토정보공사,29,29140,2914012000,광주광역시,서구,치평동,B,,,tago_route_specific_stop,not_provided_by_api,,,,
20250801,00000037,상무63,상무63,48,00001449,계수초교,29,29140,2914012000,광주광역시,서구,치평동,B,,,tago_route_specific_stop,not_provided_by_api,,,,
20250801,00000037,상무63,상무63,49,00003416,상무해광한신아파트,29,29140,2914012000,광주광역시,서구,치평동,B,,,tago_route_specific_stop,not_provided_by_api,,,,
20250801,00000037,상무63,상무63,50,00000164,상무금호아파트,29,29140,2914012000,광주광역시,서구,치평동,B,,,tago_route_specific_stop,not_provided_by_api,,,,
20250801,00000037,상무63,상무63,51,00000188,5.18자유공원,29,29140,2914012000,광주광역시,서구,치평동,B,,,tago_route_specific_stop,not_provided_by_api,,,,
20250801,00000037,상무63,상무63,52,00006673,보훈회관(5.18민주화운동교육관),29,29140,2914012000,광주광역시,서구,치평동,B,,,tago_route_specific_stop,not_provided_by_api,,,,
20250801,00000037,상무63,상무63,53,00000841,상무시민공원,29,29140,2914012000,광주광역시,서구,치평동,B,,,tago_route_specific_stop,not_provided_by_api,,,,
20250801,00000038,상무64,상무64,2,00002181,동하,29,29140,2914012600,광주광역시,서구,세하동,B,,,tago_route_specific_stop,not_provided_by_api,,,,
20250801,00000038,상무64,상무64,3,00002180,마산(서창),29,29140,2914012900,광주광역시,서구,벽진동,B,,,tago_route_specific_stop,not_provided_by_api,,,,
20250801,00000038,상무64,상무64,4,00001802,서창농협벽진지점,29,29140,2914012900,광주광역시,서구,벽진동,B,,,tago_route_specific_stop,not_provided_by_api,,,,
20250801,00000038,상무64,상무64,5,00006737,서창사거리,29,29140,2914012900,광주광역시,서구,벽진동,B,,,tago_route_specific_stop,not_provided_by_api,,,,
20250801,00000038,상무64,상무64,6,00000775,서창입구,29,29140,2914012900,광주광역시,서구,벽진동,B,,,tago_route_specific_stop,not_provided_by_api,,,,
20250801,00000038,상무64,상무64,7,00001114,월암,29,29140,2914013100,광주광역시,서구,마륵동,B,,,tago_route_specific_stop,not_provided_by_api,,,,
20250801,00000038,상무64,상무64,9,00003274,김대중컨벤션센터,29,29140,2914012000,광주광역시,서구,치평동,B,,,tago_route_specific_stop,not_provided_by_api,,,,
20250801,00000038,상무64,상무64,10,00000189,5.18자유공원,29,29140,2914012000,광주광역시,서구,치평동,B,,,tago_route_specific_stop,not_provided_by_api,,,,
20250801,00000038,상무64,상무64,11,00000165,상무금호아파트,29,29140,2914012000,광주광역시,서구,치평동,B,,,tago_route_specific_stop,not_provided_by_api,,,,
20250801,00000038,상무64,상무64,12,00001303,상무중흥아파트,29,29140,2914012000,광주광역시,서구,치평동,B,,,tago_route_specific_stop,not_provided_by_api,,,,
20250801,00000038,상무64,상무64,15,00000852,시청,29,29140,2914012000,광주광역시,서구,치평동,B,,,tago_route_specific_stop,not_provided_by_api,,,,
20250801,00000038,상무64,상무64,16,00000011,5.18기념문화센터 [광주1호선],29,29140,2914011800,광주광역시,서구,쌍촌동,B,,,tago_route_specific_stop,not_provided_by_api,,,,
20250801,00000038,상무64,상무64,17,00000494,모아제일아파트,29,29140,2914011800,광주광역시,서구,쌍촌동,B,,,tago_route_specific_stop,not_provided_by_api,,,,
20250801,00000038,상무64,상무64,18,00001485,쌍촌현대아파트,29,29140,2914011800,광주광역시,서구,쌍촌동,B,,,tago_route_specific_stop,not_provided_by_api,,,,
20250801,00000038,상무64,상무64,20,00001469,해태아파트,29,29140,2914012100,광주광역시,서구,내방동,B,,,tago_route_specific_stop,not_provided_by_api,,,,
20250801,00000038,상무64,상무64,21,00000180,기아자동차,29,29140,2914012100,광주광역시,서구,내방동,B,,,tago_route_specific_stop,not_provided_by_api,,,,
20250801,00000038,상무64,상무64,22,00000110,광주종합버스터미널,29,29140,2914011500,광주광역시,서구,광천동,B,,,tago_route_specific_stop,not_provided_by_api,,,,
20250801,00000038,상무64,상무64,23,00000113,광천치안센터,29,29140,2914011500,광주광역시,서구,광천동,B,,,tago_route_specific_stop,not_provided_by_api,,,,
20250801,00000038,상무64,상무64,51,00000114,광천치안센터,29,29140,2914011500,광주광역시,서구,광천동,B,,,tago_route_specific_stop,not_provided_by_api,,,,
20250801,00000038,상무64,상무64,52,00000109,광주종합버스터미널,29,29140,2914011500,광주광역시,서구,광천동,B,,,tago_route_specific_stop,not_provided_by_api,,,,
20250801,00000038,상무64,상무64,53,00000179,기아자동차,29,29140,2914012100,광주광역시,서구,내방동,B,,,tago_route_specific_stop,not_provided_by_api,,,,
20250801,00000038,상무64,상무64,54,00001470,해태아파트,29,29140,2914012100,광주광역시,서구,내방동,B,,,tago_route_specific_stop,not_provided_by_api,,,,
20250801,00000038,상무64,상무64,55,00001486,쌍촌현대아파트,29,29140,2914011800,광주광역시,서구,쌍촌동,B,,,tago_route_specific_stop,not_provided_by_api,,,,
20250801,00000038,상무64,상무64,56,00000485,모아제일아파트,29,29140,2914011800,광주광역시,서구,쌍촌동,B,,,tago_route_specific_stop,not_provided_by_api,,,,
20250801,00000038,상무64,상무64,57,00000012,5.18기념문화센터 [광주1호선],29,29140,2914011800,광주광역시,서구,쌍촌동,B,,,tago_route_specific_stop,not_provided_by_api,,,,
20250801,00000038,상무64,상무64,58,00000850,시청,29,29140,2914012000,광주광역시,서구,치평동,B,,,tago_route_specific_stop,not_provided_by_api,,,,
20250801,00000038,상무64,상무64,59,00002832,한국은행,29,29140,2914012000,광주광역시,서구,치평동,B,,,tago_route_specific_stop,not_provided_by_api,,,,
20250801,00000038,상무64,상무64,60,00002836,한국국토정보공사,29,29140,2914012000,광주광역시,서구,치평동,B,,,tago_route_specific_stop,not_provided_by_api,,,,
20250801,00000038,상무64,상무64,61,00002965,한국수자원공사,29,29140,2914012000,광주광역시,서구,치평동,B,,,tago_route_specific_stop,not_provided_by_api,,,,
20250801,00000038,상무64,상무64,62,00001302,상무중흥아파트,29,29140,2914012000,광주광역시,서구,치평동,B,,,tago_route_specific_stop,not_provided_by_api,,,,
20250801,00000038,상무64,상무64,63,00000164,상무금호아파트,29,29140,2914012000,광주광역시,서구,치평동,B,,,tago_route_specific_stop,not_provided_by_api,,,,
20250801,00000038,상무64,상무64,64,00000188,5.18자유공원,29,29140,2914012000,광주광역시,서구,치평동,B,,,tago_route_specific_stop,not_provided_by_api,,,,
20250801,00000038,상무64,상무64,65,00003275,김대중컨벤션센터,29,29140,2914012000,광주광역시,서구,치평동,B,,,tago_route_specific_stop,not_provided_by_api,,,,
20250801,00000038,상무64,상무64,66,00001579,김대중컨벤션센터(마륵)역,29,29140,2914013100,광주광역시,서구,마륵동,B,,,tago_route_specific_stop,not_provided_by_api,,,,
20250801,00000038,상무64,상무64,67,00001583,월암,29,29140,2914013100,광주광역시,서구,마륵동,B,,,tago_route_specific_stop,not_provided_by_api,,,,
20250801,00000038,상무64,상무64,68,00001716,서창사거리,29,29140,2914012900,광주광역시,서구,벽진동,B,,,tago_route_specific_stop,not_provided_by_api,,,,
20250801,00000038,상무64,상무64,69,00001717,서창농협벽진지점,29,29140,2914012900,광주광역시,서구,벽진동,B,,,tago_route_specific_stop,not_provided_by_api,,,,
20250801,00000038,상무64,상무64,70,00001718,마산(서창),29,29140,2914012900,광주광역시,서구,벽진동,B,,,tago_route_specific_stop,not_provided_by_api,,,,
20250801,00000038,상무64,상무64,71,00001719,동하,29,29140,2914012600,광주광역시,서구,세하동,B,,,tago_route_specific_stop,not_provided_by_api,,,,
20250801,00000039,유덕65,유덕65,1,00004040,덕흥동,29,29140,2914011700,광주광역시,서구,덕흥동,B,,,tago_route_specific_stop,not_provided_by_api,,,,
20250801,00000039,유덕65,유덕65,2,00004039,덕흥마을입구,29,29140,2914011700,광주광역시,서구,덕흥동,B,,,tago_route_specific_stop,not_provided_by_api,,,,
20250801,00000039,유덕65,유덕65,3,00002718,덕흥삼거리,29,29140,2914011700,광주광역시,서구,덕흥동,B,,,tago_route_specific_stop,not_provided_by_api,,,,
20250801,00000039,유덕65,유덕65,4,00003289,유덕2교차로,29,29140,2914011600,광주광역시,서구,유촌동,B,,,tago_route_specific_stop,not_provided_by_api,,,,
20250801,00000039,유덕65,유덕65,5,00003000,유덕동행정복지센터,29,29140,2914011600,광주광역시,서구,유촌동,B,,,tago_route_specific_stop,not_provided_by_api,,,,
20250801,00000039,유덕65,유덕65,6,00003002,유촌마을입구,29,29140,2914011600,광주광역시,서구,유촌동,B,,,tago_route_specific_stop,not_provided_by_api,,,,
20250801,00000039,유덕65,유덕65,7,00001126,극락초교,29,29140,2914011600,광주광역시,서구,유촌동,B,,,tago_route_specific_stop,not_provided_by_api,,,,
20250801,00000039,유덕65,유덕65,8,00000146,버들주공1단지,29,29140,2914011600,광주광역시,서구,유촌동,B,,,tago_route_specific_stop,not_provided_by_api,,,,
20250801,00000039,유덕65,유덕65,9,00001373,칠성마을,29,29140,2914011800,광주광역시,서구,쌍촌동,B,,,tago_route_specific_stop,not_provided_by_api,,,,
20250801,00000039,유덕65,유덕65,10,00001374,광천동,29,29140,2914011800,광주광역시,서구,쌍촌동,B,,,tago_route_specific_stop,not_provided_by_api,,,,
20250801,00000039,유덕65,유덕65,11,00000699,삼우아파트,29,29140,2914012100,광주광역시,서구,내방동,B,,,tago_route_specific_stop,not_provided_by_api,,,,
20250801,00000039,유덕65,유덕65,12,00001322,진성아파트,29,29140,2914012100,광주광역시,서구,내방동,B,,,tago_route_specific_stop,not_provided_by_api,,,,
20250801,00000039,유덕65,유덕65,13,00000806,광천E편한세상,29,29140,2914012100,광주광역시,서구,내방동,B,,,tago_route_specific_stop,not_provided_by_api,,,,
20250801,00000039,유덕65,유덕65,14,00000183,기아차정문,29,29140,2914012100,광주광역시,서구,내방동,B,,,tago_route_specific_stop,not_provided_by_api,,,,
20250801,00000039,유덕65,유덕65,15,00000110,광주종합버스터미널,29,29140,2914011500,광주광역시,서구,광천동,B,,,tago_route_specific_stop,not_provided_by_api,,,,
20250801,00000039,유덕65,유덕65,16,00002872,현대자동차,29,29140,2914011500,광주광역시,서구,광천동,B,,,tago_route_specific_stop,not_provided_by_api,,,,
20250801,00000039,유덕65,유덕65,17,00003282,발산마을,29,29140,2914010400,광주광역시,서구,양동,B,,,tago_route_specific_stop,not_provided_by_api,,,,
20250801,00000039,유덕65,유덕65,18,00003490,발산교(남),29,29140,2914010400,광주광역시,서구,양동,B,,,tago_route_specific_stop,not_provided_by_api,,,,
20250801,00000039,유덕65,유덕65,19,00002972,농성중흥파크,29,29140,2914010600,광주광역시,서구,농성동,B,,,tago_route_specific_stop,not_provided_by_api,,,,
20250801,00000039,유덕65,유덕65,20,00000764,서광주전화국,29,29140,2914010600,광주광역시,서구,농성동,B,,,tago_route_specific_stop,not_provided_by_api,,,,
20250801,00000039,유덕65,유덕65,22,00000935,양동시장역(북),29,29140,2914010400,광주광역시,서구,양동,B,,,tago_route_specific_stop,not_provided_by_api,,,,
20250801,00000039,유덕65,유덕65,24,00002784,천교,29,29140,2914010400,광주광역시,서구,양동,B,,,tago_route_specific_stop,not_provided_by_api,,,,
20250801,00000039,유덕65,유덕65,40,00000936,양동시장역(북),29,29140,2914010400,광주광역시,서구,양동,B,,,tago_route_specific_stop,not_provided_by_api,,,,
20250801,00000039,유덕65,유덕65,41,00000344,돌고개역(동),29,29140,2914010600,광주광역시,서구,농성동,B,,,tago_route_specific_stop,not_provided_by_api,,,,
20250801,00000039,유덕65,유덕65,42,00000763,서광주전화국,29,29140,2914010600,광주광역시,서구,농성동,B,,,tago_route_specific_stop,not_provided_by_api,,,,
20250801,00000039,유덕65,유덕65,43,00002973,농성중흥파크,29,29140,2914010600,광주광역시,서구,농성동,B,,,tago_route_specific_stop,not_provided_by_api,,,,
20250801,00000039,유덕65,유덕65,44,00002776,발산교(남),29,29140,2914010400,광주광역시,서구,양동,B,,,tago_route_specific_stop,not_provided_by_api,,,,
20250801,00000039,유덕65,유덕65,45,00003281,발산마을,29,29140,2914010400,광주광역시,서구,양동,B,,,tago_route_specific_stop,not_provided_by_api,,,,
20250801,00000039,유덕65,유덕65,46,00002873,현대자동차,29,29140,2914011500,광주광역시,서구,광천동,B,,,tago_route_specific_stop,not_provided_by_api,,,,
20250801,00000039,유덕65,유덕65,47,00000109,광주종합버스터미널,29,29140,2914011500,광주광역시,서구,광천동,B,,,tago_route_specific_stop,not_provided_by_api,,,,
20250801,00000039,유덕65,유덕65,48,00000182,기아차정문,29,29140,2914012100,광주광역시,서구,내방동,B,,,tago_route_specific_stop,not_provided_by_api,,,,
20250801,00000039,유덕65,유덕65,49,00000807,광천E편한세상,29,29140,2914012100,광주광역시,서구,내방동,B,,,tago_route_specific_stop,not_provided_by_api,,,,
20250801,00000039,유덕65,유덕65,50,00001323,진성아파트,29,29140,2914012100,광주광역시,서구,내방동,B,,,tago_route_specific_stop,not_provided_by_api,,,,
20250801,00000039,유덕65,유덕65,51,00000700,삼우아파트,29,29140,2914012100,광주광역시,서구,내방동,B,,,tago_route_specific_stop,not_provided_by_api,,,,
20250801,00000039,유덕65,유덕65,52,00001375,광천동,29,29140,2914011800,광주광역시,서구,쌍촌동,B,,,tago_route_specific_stop,not_provided_by_api,,,,
20250801,00000039,유덕65,유덕65,53,00001376,칠성마을,29,29140,2914011800,광주광역시,서구,쌍촌동,B,,,tago_route_specific_stop,not_provided_by_api,,,,
20250801,00000039,유덕65,유덕65,54,00000147,버들주공1단지,29,29140,2914011600,광주광역시,서구,유촌동,B,,,tago_route_specific_stop,not_provided_by_api,,,,
20250801,00000039,유덕65,유덕65,55,00001127,극락초교,29,29140,2914011600,광주광역시,서구,유촌동,B,,,tago_route_specific_stop,not_provided_by_api,,,,
20250801,00000039,유덕65,유덕65,56,00003001,유촌마을입구,29,29140,2914011600,광주광역시,서구,유촌동,B,,,tago_route_specific_stop,not_provided_by_api,,,,
20250801,00000039,유덕65,유덕65,57,00002999,유덕동행정복지센터,29,29140,2914011600,광주광역시,서구,유촌동,B,,,tago_route_specific_stop,not_provided_by_api,,,,
20250801,00000039,유덕65,유덕65,58,00003288,유덕2교차로,29,29140,2914011600,광주광역시,서구,유촌동,B,,,tago_route_specific_stop,not_provided_by_api,,,,
20250801,00000039,유덕65,유덕65,59,00004054,덕흥삼거리,29,29140,2914011700,광주광역시,서구,덕흥동,B,,,tago_route_specific_stop,not_provided_by_api,,,,
20250801,00000039,유덕65,유덕65,60,00004038,덕흥마을입구,29,29140,2914011700,광주광역시,서구,덕흥동,B,,,tago_route_specific_stop,not_provided_by_api,,,,
20250801,00000039,유덕65,유덕65,61,00004040,덕흥동,29,29140,2914011700,광주광역시,서구,덕흥동,B,,,tago_route_specific_stop,not_provided_by_api,,,,
20250801,00000040,대촌69,대촌69,10,00002195,학동(서창),29,29140,2914012700,광주광역시,서구,용두동,B,,,tago_route_specific_stop,not_provided_by_api,,,,
20250801,00000040,대촌69,대촌69,11,00002193,용두입구,29,29140,2914012700,광주광역시,서구,용두동,B,,,tago_route_specific_stop,not_provided_by_api,,,,
20250801,00000040,대촌69,대촌69,12,00002192,서창치안센터,29,29140,2914012500,광주광역시,서구,서창동,B,,,tago_route_specific_stop,not_provided_by_api,,,,
20250801,00000040,대촌69,대촌69,13,00002191,중촌,29,29140,2914012500,광주광역시,서구,서창동,B,,,tago_route_specific_stop,not_provided_by_api,,,,
20250801,00000040,대촌69,대촌69,14,00002190,절골입구(서),29,29140,2914012500,광주광역시,서구,서창동,B,,,tago_route_specific_stop,not_provided_by_api,,,,
20250801,00000040,대촌69,대촌69,15,00002182,서창동행정복지센터,29,29140,2914012600,광주광역시,서구,세하동,B,,,tago_route_specific_stop,not_provided_by_api,,,,
20250801,00000040,대촌69,대촌69,16,00002181,동하,29,29140,2914012600,광주광역시,서구,세하동,B,,,tago_route_specific_stop,not_provided_by_api,,,,
20250801,00000040,대촌69,대촌69,17,00002180,마산(서창),29,29140,2914012900,광주광역시,서구,벽진동,B,,,tago_route_specific_stop,not_provided_by_api,,,,
20250801,00000040,대촌69,대촌69,18,00001802,서창농협벽진지점,29,29140,2914012900,광주광역시,서구,벽진동,B,,,tago_route_specific_stop,not_provided_by_api,,,,
20250801,00000040,대촌69,대촌69,19,00006737,서창사거리,29,29140,2914012900,광주광역시,서구,벽진동,B,,,tago_route_specific_stop,not_provided_by_api,,,,
20250801,00000040,대촌69,대촌69,20,00000775,서창입구,29,29140,2914012900,광주광역시,서구,벽진동,B,,,tago_route_specific_stop,not_provided_by_api,,,,
20250801,00000040,대촌69,대촌69,21,00001114,월암,29,29140,2914013100,광주광역시,서구,마륵동,B,,,tago_route_specific_stop,not_provided_by_api,,,,
20250801,00000040,대촌69,대촌69,22,00000440,김대중컨벤션센터(마륵)역,29,29140,2914013100,광주광역시,서구,마륵동,B,,,tago_route_specific_stop,not_provided_by_api,,,,
20250801,00000040,대촌69,대촌69,23,00001241,전남고입구,29,29140,2914013100,광주광역시,서구,마륵동,B,,,tago_route_specific_stop,not_provided_by_api,,,,
20250801,00000040,대촌69,대촌69,24,00000729,상무역,29,29140,2914013100,광주광역시,서구,마륵동,B,,,tago_route_specific_stop,not_provided_by_api,,,,
20250801,00000040,대촌69,대촌69,25,00000719,상무지구입구,29,29140,2914012000,광주광역시,서구,치평동,B,,,tago_route_specific_stop,not_provided_by_api,,,,
20250801,00000040,대촌69,대촌69,26,00001067,운천역,29,29140,2914011800,광주광역시,서구,쌍촌동,B,,,tago_route_specific_stop,not_provided_by_api,,,,
20250801,00000040,대촌69,대촌69,27,00001493,서광주세무서,29,29140,2914011800,광주광역시,서구,쌍촌동,B,,,tago_route_specific_stop,not_provided_by_api,,,,
20250801,00000040,대촌69,대촌69,28,00000720,상무1동행정복지센터,29,29140,2914012100,광주광역시,서구,내방동,B,,,tago_route_specific_stop,not_provided_by_api,,,,
20250801,00000040,대촌69,대촌69,29,00001438,한국병원,29,29140,2914011800,광주광역시,서구,쌍촌동,B,,,tago_route_specific_stop,not_provided_by_api,,,,
20250801,00000040,대촌69,대촌69,30,00000928,기아차중문,29,29140,2914012100,광주광역시,서구,내방동,B,,,tago_route_specific_stop,not_provided_by_api,,,,
20250801,00000040,대촌69,대촌69,31,00000110,광주종합버스터미널,29,29140,2914011500,광주광역시,서구,광천동,B,,,tago_route_specific_stop,not_provided_by_api,,,,
20250801,00000040,대촌69,대촌69,32,00002872,현대자동차,29,29140,2914011500,광주광역시,서구,광천동,B,,,tago_route_specific_stop,not_provided_by_api,,,,
20250801,00000040,대촌69,대촌69,33,00000108,광천초교,29,29140,2914010600,광주광역시,서구,농성동,B,,,tago_route_specific_stop,not_provided_by_api,,,,
20250801,00000040,대촌69,대촌69,34,00001301,농성1동행정복지센터,29,29140,2914010600,광주광역시,서구,농성동,B,,,tago_route_specific_stop,not_provided_by_api,,,,
20250801,00000040,대촌69,대촌69,35,00000764,서광주전화국,29,29140,2914010600,광주광역시,서구,농성동,B,,,tago_route_specific_stop,not_provided_by_api,,,,
20250801,00000040,대촌69,대촌69,37,00000934,양동시장역(남),29,29140,2914010400,광주광역시,서구,양동,B,,,tago_route_specific_stop,not_provided_by_api,,,,
20250801,00000040,대촌69,대촌69,40,00003283,양동시장역(천변),29,29140,2914010400,광주광역시,서구,양동,B,,,tago_route_specific_stop,not_provided_by_api,,,,
20250801,00000040,대촌69,대촌69,41,00000937,양동시장역(남),29,29140,2914010400,광주광역시,서구,양동,B,,,tago_route_specific_stop,not_provided_by_api,,,,
20250801,00000040,대촌69,대촌69,42,00000344,돌고개역(동),29,29140,2914010600,광주광역시,서구,농성동,B,,,tago_route_specific_stop,not_provided_by_api,,,,
20250801,00000040,대촌69,대촌69,43,00000763,서광주전화국,29,29140,2914010600,광주광역시,서구,농성동,B,,,tago_route_specific_stop,not_provided_by_api,,,,
20250801,00000040,대촌69,대촌69,44,00000243,농성1동행정복지센터,29,29140,2914010600,광주광역시,서구,농성동,B,,,tago_route_specific_stop,not_provided_by_api,,,,
20250801,00000040,대촌69,대촌69,45,00000107,광천초교,29,29140,2914010600,광주광역시,서구,농성동,B,,,tago_route_specific_stop,not_provided_by_api,,,,
20250801,00000040,대촌69,대촌69,46,00002873,현대자동차,29,29140,2914011500,광주광역시,서구,광천동,B,,,tago_route_specific_stop,not_provided_by_api,,,,
20250801,00000040,대촌69,대촌69,47,00000109,광주종합버스터미널,29,29140,2914011500,광주광역시,서구,광천동,B,,,tago_route_specific_stop,not_provided_by_api,,,,
20250801,00000040,대촌69,대촌69,48,00001439,한국병원,29,29140,2914011800,광주광역시,서구,쌍촌동,B,,,tago_route_specific_stop,not_provided_by_api,,,,
20250801,00000040,대촌69,대촌69,49,00000721,상무1동행정복지센터,29,29140,2914011800,광주광역시,서구,쌍촌동,B,,,tago_route_specific_stop,not_provided_by_api,,,,
20250801,00000040,대촌69,대촌69,50,00000920,쌍촌역,29,29140,2914011800,광주광역시,서구,쌍촌동,B,,,tago_route_specific_stop,not_provided_by_api,,,,
20250801,00000040,대촌69,대촌69,51,00000250,한국농어촌공사,29,29140,2914011800,광주광역시,서구,쌍촌동,B,,,tago_route_specific_stop,not_provided_by_api,,,,
20250801,00000040,대촌69,대촌69,52,00001491,서광주세무서,29,29140,2914011800,광주광역시,서구,쌍촌동,B,,,tago_route_specific_stop,not_provided_by_api,,,,
20250801,00000040,대촌69,대촌69,53,00001065,운천역,29,29140,2914011800,광주광역시,서구,쌍촌동,B,,,tago_route_specific_stop,not_provided_by_api,,,,
20250801,00000040,대촌69,대촌69,54,00000125,상무지구입구,29,29140,2914012000,광주광역시,서구,치평동,B,,,tago_route_specific_stop,not_provided_by_api,,,,
20250801,00000040,대촌69,대촌69,55,00000730,상무역,29,29140,2914013100,광주광역시,서구,마륵동,B,,,tago_route_specific_stop,not_provided_by_api,,,,
20250801,00000040,대촌69,대촌69,56,00000687,전남고입구,29,29140,2914012000,광주광역시,서구,치평동,B,,,tago_route_specific_stop,not_provided_by_api,,,,
20250801,00000040,대촌69,대촌69,57,00001579,김대중컨벤션센터(마륵)역,29,29140,2914013100,광주광역시,서구,마륵동,B,,,tago_route_specific_stop,not_provided_by_api,,,,
20250801,00000040,대촌69,대촌69,58,00001583,월암,29,29140,2914013100,광주광역시,서구,마륵동,B,,,tago_route_specific_stop,not_provided_by_api,,,,
20250801,00000040,대촌69,대촌69,59,00001716,서창사거리,29,29140,2914012900,광주광역시,서구,벽진동,B,,,tago_route_specific_stop,not_provided_by_api,,,,
20250801,00000040,대촌69,대촌69,60,00001717,서창농협벽진지점,29,29140,2914012900,광주광역시,서구,벽진동,B,,,tago_route_specific_stop,not_provided_by_api,,,,
20250801,00000040,대촌69,대촌69,61,00001718,마산(서창),29,29140,2914012900,광주광역시,서구,벽진동,B,,,tago_route_specific_stop,not_provided_by_api,,,,
20250801,00000040,대촌69,대촌69,62,00001719,동하,29,29140,2914012600,광주광역시,서구,세하동,B,,,tago_route_specific_stop,not_provided_by_api,,,,
20250801,00000040,대촌69,대촌69,63,00001720,서창동행정복지센터,29,29140,2914012600,광주광역시,서구,세하동,B,,,tago_route_specific_stop,not_provided_by_api,,,,
20250801,00000040,대촌69,대촌69,64,00001762,절골입구(서),29,29140,2914012600,광주광역시,서구,세하동,B,,,tago_route_specific_stop,not_provided_by_api,,,,
20250801,00000040,대촌69,대촌69,65,00001763,중촌,29,29140,2914012500,광주광역시,서구,서창동,B,,,tago_route_specific_stop,not_provided_by_api,,,,
20250801,00000040,대촌69,대촌69,66,00001764,서창치안센터,29,29140,2914012500,광주광역시,서구,서창동,B,,,tago_route_specific_stop,not_provided_by_api,,,,
20250801,00000040,대촌69,대촌69,67,00001765,용두입구,29,29140,2914012700,광주광역시,서구,용두동,B,,,tago_route_specific_stop,not_provided_by_api,,,,
20250801,00000040,대촌69,대촌69,68,00001767,학동(서창),29,29140,2914012700,광주광역시,서구,용두동,B,,,tago_route_specific_stop,not_provided_by_api,,,,
20250801,00000041,대촌70,대촌70,40,00001036,우진아파트,29,29140,2914010400,광주광역시,서구,양동,B,,,tago_route_specific_stop,not_provided_by_api,,,,
20250801,00000041,대촌70,대촌70,48,00001035,우진아파트,29,29140,2914010400,광주광역시,서구,양동,B,,,tago_route_specific_stop,not_provided_by_api,,,,
20250801,00000042,대촌71,대촌71,11,00003293,석교삼거리,29,29140,2914012700,광주광역시,서구,용두동,B,,,tago_route_specific_stop,not_provided_by_api,,,,
20250801,00000042,대촌71,대촌71,12,00001797,구룡(대촌),29,29140,2914012700,광주광역시,서구,용두동,B,,,tago_route_specific_stop,not_provided_by_api,,,,
20250801,00000042,대촌71,대촌71,13,00003477,마현,29,29140,2914012700,광주광역시,서구,용두동,B,,,tago_route_specific_stop,not_provided_by_api,,,,
20250801,00000042,대촌71,대촌71,14,00001798,신용,29,29140,2914012700,광주광역시,서구,용두동,B,,,tago_route_specific_stop,not_provided_by_api,,,,
20250801,00000042,대촌71,대촌71,15,00001799,봉학,29,29140,2914012700,광주광역시,서구,용두동,B,,,tago_route_specific_stop,not_provided_by_api,,,,
20250801,00000042,대촌71,대촌71,16,00002193,용두입구,29,29140,2914012700,광주광역시,서구,용두동,B,,,tago_route_specific_stop,not_provided_by_api,,,,
20250801,00000042,대촌71,대촌71,17,00002192,서창치안센터,29,29140,2914012500,광주광역시,서구,서창동,B,,,tago_route_specific_stop,not_provided_by_api,,,,
20250801,00000042,대촌71,대촌71,18,00002191,중촌,29,29140,2914012500,광주광역시,서구,서창동,B,,,tago_route_specific_stop,not_provided_by_api,,,,
20250801,00000042,대촌71,대촌71,19,00002190,절골입구(서),29,29140,2914012500,광주광역시,서구,서창동,B,,,tago_route_specific_stop,not_provided_by_api,,,,
20250801,00000042,대촌71,대촌71,20,00001721,불암,29,29140,2914012500,광주광역시,서구,서창동,B,,,tago_route_specific_stop,not_provided_by_api,,,,
20250801,00000042,대촌71,대촌71,21,00001723,매월동(북),29,29140,2914013200,광주광역시,서구,매월동,B,,,tago_route_specific_stop,not_provided_by_api,,,,
20250801,00000042,대촌71,대촌71,22,00001724,대동고,29,29140,2914013200,광주광역시,서구,매월동,B,,,tago_route_specific_stop,not_provided_by_api,,,,
20250801,00000042,대촌71,대촌71,23,00002995,화훼단지,29,29140,2914013200,광주광역시,서구,매월동,B,,,tago_route_specific_stop,not_provided_by_api,,,,
20250801,00000042,대촌71,대촌71,24,00001732,공구단지,29,29140,2914013200,광주광역시,서구,매월동,B,,,tago_route_specific_stop,not_provided_by_api,,,,
20250801,00000042,대촌71,대촌71,25,00002957,풍암사거리(동),29,29140,2914012800,광주광역시,서구,풍암동,B,,,tago_route_specific_stop,not_provided_by_api,,,,
20250801,00000042,대촌71,대촌71,26,00001413,마재우체국,29,29140,2914012800,광주광역시,서구,풍암동,B,,,tago_route_specific_stop,not_provided_by_api,,,,
20250801,00000042,대촌71,대촌71,27,00001417,풍암저수지,29,29140,2914012800,광주광역시,서구,풍암동,B,,,tago_route_specific_stop,not_provided_by_api,,,,
20250801,00000042,대촌71,대촌71,28,00001073,원광대한방병원,29,29140,2914012800,광주광역시,서구,풍암동,B,,,tago_route_specific_stop,not_provided_by_api,,,,
20250801,00000042,대촌71,대촌71,36,00001036,우진아파트,29,29140,2914010400,광주광역시,서구,양동,B,,,tago_route_specific_stop,not_provided_by_api,,,,
20250801,00000042,대촌71,대촌71,40,00003283,양동시장역(천변),29,29140,2914010400,광주광역시,서구,양동,B,,,tago_route_specific_stop,not_provided_by_api,,,,
20250801,00000042,대촌71,대촌71,42,00002784,천교,29,29140,2914010400,광주광역시,서구,양동,B,,,tago_route_specific_stop,not_provided_by_api,,,,
20250801,00000042,대촌71,대촌71,43,00001035,우진아파트,29,29140,2914010400,광주광역시,서구,양동,B,,,tago_route_specific_stop,not_provided_by_api,,,,
20250801,00000042,대촌71,대촌71,51,00001075,원광대한방병원,29,29140,2914012800,광주광역시,서구,풍암동,B,,,tago_route_specific_stop,not_provided_by_api,,,,
20250801,00000042,대촌71,대촌71,52,00001416,풍암저수지,29,29140,2914012800,광주광역시,서구,풍암동,B,,,tago_route_specific_stop,not_provided_by_api,,,,
20250801,00000042,대촌71,대촌71,53,00001414,마재우체국,29,29140,2914012800,광주광역시,서구,풍암동,B,,,tago_route_specific_stop,not_provided_by_api,,,,
20250801,00000042,대촌71,대촌71,54,00002955,풍암사거리(동),29,29140,2914013000,광주광역시,서구,금호동,B,,,tago_route_specific_stop,not_provided_by_api,,,,
20250801,00000042,대촌71,대촌71,55,00001758,공구단지,29,29140,2914013200,광주광역시,서구,매월동,B,,,tago_route_specific_stop,not_provided_by_api,,,,
20250801,00000042,대촌71,대촌71,56,00001759,화훼단지,29,29140,2914013200,광주광역시,서구,매월동,B,,,tago_route_specific_stop,not_provided_by_api,,,,
20250801,00000042,대촌71,대촌71,57,00001760,대동고,29,29140,2914013200,광주광역시,서구,매월동,B,,,tago_route_specific_stop,not_provided_by_api,,,,
20250801,00000042,대촌71,대촌71,58,00002185,매월동(북),29,29140,2914013200,광주광역시,서구,매월동,B,,,tago_route_specific_stop,not_provided_by_api,,,,
20250801,00000042,대촌71,대촌71,59,00002183,불암,29,29140,2914012500,광주광역시,서구,서창동,B,,,tago_route_specific_stop,not_provided_by_api,,,,
20250801,00000042,대촌71,대촌71,60,00001762,절골입구(서),29,29140,2914012600,광주광역시,서구,세하동,B,,,tago_route_specific_stop,not_provided_by_api,,,,
20250801,00000042,대촌71,대촌71,61,00001763,중촌,29,29140,2914012500,광주광역시,서구,서창동,B,,,tago_route_specific_stop,not_provided_by_api,,,,
20250801,00000042,대촌71,대촌71,62,00001764,서창치안센터,29,29140,2914012500,광주광역시,서구,서창동,B,,,tago_route_specific_stop,not_provided_by_api,,,,
20250801,00000042,대촌71,대촌71,63,00001765,용두입구,29,29140,2914012700,광주광역시,서구,용두동,B,,,tago_route_specific_stop,not_provided_by_api,,,,
20250801,00000042,대촌71,대촌71,64,00002227,봉학,29,29140,2914012700,광주광역시,서구,용두동,B,,,tago_route_specific_stop,not_provided_by_api,,,,
20250801,00000042,대촌71,대촌71,65,00002226,신용,29,29140,2914012700,광주광역시,서구,용두동,B,,,tago_route_specific_stop,not_provided_by_api,,,,
20250801,00000042,대촌71,대촌71,66,00003478,마현,29,29140,2914012700,광주광역시,서구,용두동,B,,,tago_route_specific_stop,not_provided_by_api,,,,
20250801,00000042,대촌71,대촌71,67,00002225,구룡(대촌),29,29140,2914012700,광주광역시,서구,용두동,B,,,tago_route_specific_stop,not_provided_by_api,,,,
20250801,00000042,대촌71,대촌71,68,00003294,석교삼거리,29,29140,2914012700,광주광역시,서구,용두동,B,,,tago_route_specific_stop,not_provided_by_api,,,,
20250801,00000043,송암72,송암72,4,00001755,동명회.송원고,29,29140,2914012800,광주광역시,서구,풍암동,B,,,tago_route_specific_stop,not_provided_by_api,,,,
20250801,00000043,송암72,송암72,5,00001756,운리마을,29,29140,2914012800,광주광역시,서구,풍암동,B,,,tago_route_specific_stop,not_provided_by_api,,,,
20250801,00000043,송암72,송암72,7,00002957,풍암사거리(동),29,29140,2914012800,광주광역시,서구,풍암동,B,,,tago_route_specific_stop,not_provided_by_api,,,,
20250801,00000043,송암72,송암72,8,00000635,마재부영아파트,29,29140,2914013000,광주광역시,서구,금호동,B,,,tago_route_specific_stop,not_provided_by_api,,,,
20250801,00000043,송암72,송암72,9,00000309,마재대주아파트,29,29140,2914013000,광주광역시,서구,금호동,B,,,tago_route_specific_stop,not_provided_by_api,,,,
20250801,00000043,송암72,송암72,10,00000746,서구문화센터,29,29140,2914013000,광주광역시,서구,금호동,B,,,tago_route_specific_stop,not_provided_by_api,,,,
20250801,00000043,송암72,송암72,11,00001442,금호한국아파트,29,29140,2914013000,광주광역시,서구,금호동,B,,,tago_route_specific_stop,not_provided_by_api,,,,
20250801,00000043,송암72,송암72,12,00000163,금호시영아파트,29,29140,2914013000,광주광역시,서구,금호동,B,,,tago_route_specific_stop,not_provided_by_api,,,,
20250801,00000043,송암72,송암72,13,00001572,CBS방송국,29,29140,2914013000,광주광역시,서구,금호동,B,,,tago_route_specific_stop,not_provided_by_api,,,,
20250801,00000043,송암72,송암72,14,00000731,상무중,29,29140,2914011800,광주광역시,서구,쌍촌동,B,,,tago_route_specific_stop,not_provided_by_api,,,,
20250801,00000043,송암72,송암72,15,00001068,운천저수지,29,29140,2914011800,광주광역시,서구,쌍촌동,B,,,tago_route_specific_stop,not_provided_by_api,,,,
20250801,00000043,송암72,송암72,16,00001067,운천역,29,29140,2914011800,광주광역시,서구,쌍촌동,B,,,tago_route_specific_stop,not_provided_by_api,,,,
20250801,00000043,송암72,송암72,17,00001493,서광주세무서,29,29140,2914011800,광주광역시,서구,쌍촌동,B,,,tago_route_specific_stop,not_provided_by_api,,,,
20250801,00000043,송암72,송암72,18,00000720,상무1동행정복지센터,29,29140,2914012100,광주광역시,서구,내방동,B,,,tago_route_specific_stop,not_provided_by_api,,,,
20250801,00000043,송암72,송암72,19,00001438,한국병원,29,29140,2914011800,광주광역시,서구,쌍촌동,B,,,tago_route_specific_stop,not_provided_by_api,,,,
20250801,00000043,송암72,송암72,21,00001469,해태아파트,29,29140,2914012100,광주광역시,서구,내방동,B,,,tago_route_specific_stop,not_provided_by_api,,,,
20250801,00000043,송암72,송암72,22,00000516,화정무등파크,29,29140,2914011900,광주광역시,서구,화정동,B,,,tago_route_specific_stop,not_provided_by_api,,,,
20250801,00000043,송암72,송암72,23,00001556,화정중흥파크,29,29140,2914011900,광주광역시,서구,화정동,B,,,tago_route_specific_stop,not_provided_by_api,,,,
20250801,00000043,송암72,송암72,24,00000751,서구청,29,29140,2914010600,광주광역시,서구,농성동,B,,,tago_route_specific_stop,not_provided_by_api,,,,
20250801,00000043,송암72,송암72,27,00000935,양동시장역(북),29,29140,2914010400,광주광역시,서구,양동,B,,,tago_route_specific_stop,not_provided_by_api,,,,
20250801,00000043,송암72,송암72,97,00000936,양동시장역(북),29,29140,2914010400,광주광역시,서구,양동,B,,,tago_route_specific_stop,not_provided_by_api,,,,
20250801,00000043,송암72,송암72,99,00000750,서구청,29,29140,2914010600,광주광역시,서구,농성동,B,,,tago_route_specific_stop,not_provided_by_api,,,,
20250801,00000043,송암72,송암72,101,00001557,화정중흥파크,29,29140,2914011900,광주광역시,서구,화정동,B,,,tago_route_specific_stop,not_provided_by_api,,,,
20250801,00000043,송암72,송암72,102,00000450,화정무등파크,29,29140,2914011900,광주광역시,서구,화정동,B,,,tago_route_specific_stop,not_provided_by_api,,,,
20250801,00000043,송암72,송암72,103,00001470,해태아파트,29,29140,2914012100,광주광역시,서구,내방동,B,,,tago_route_specific_stop,not_provided_by_api,,,,
20250801,00000043,송암72,송암72,104,00001439,한국병원,29,29140,2914011800,광주광역시,서구,쌍촌동,B,,,tago_route_specific_stop,not_provided_by_api,,,,
20250801,00000043,송암72,송암72,105,00000721,상무1동행정복지센터,29,29140,2914011800,광주광역시,서구,쌍촌동,B,,,tago_route_specific_stop,not_provided_by_api,,,,
20250801,00000043,송암72,송암72,106,00000920,쌍촌역,29,29140,2914011800,광주광역시,서구,쌍촌동,B,,,tago_route_specific_stop,not_provided_by_api,,,,
20250801,00000043,송암72,송암72,107,00000250,한국농어촌공사,29,29140,2914011800,광주광역시,서구,쌍촌동,B,,,tago_route_specific_stop,not_provided_by_api,,,,
20250801,00000043,송암72,송암72,108,00001491,서광주세무서,29,29140,2914011800,광주광역시,서구,쌍촌동,B,,,tago_route_specific_stop,not_provided_by_api,,,,
20250801,00000043,송암72,송암72,109,00001069,운천저수지,29,29140,2914011800,광주광역시,서구,쌍촌동,B,,,tago_route_specific_stop,not_provided_by_api,,,,
20250801,00000043,송암72,송암72,111,00001571,CBS방송국,29,29140,2914013000,광주광역시,서구,금호동,B,,,tago_route_specific_stop,not_provided_by_api,,,,
20250801,00000043,송암72,송암72,112,00000845,금호시영아파트,29,29140,2914013000,광주광역시,서구,금호동,B,,,tago_route_specific_stop,not_provided_by_api,,,,
20250801,00000043,송암72,송암72,113,00001443,금호한국아파트,29,29140,2914013000,광주광역시,서구,금호동,B,,,tago_route_specific_stop,not_provided_by_api,,,,
20250801,00000043,송암72,송암72,114,00000748,서구문화센터,29,29140,2914013000,광주광역시,서구,금호동,B,,,tago_route_specific_stop,not_provided_by_api,,,,
20250801,00000043,송암72,송암72,115,00000303,마재대주아파트,29,29140,2914013000,광주광역시,서구,금호동,B,,,tago_route_specific_stop,not_provided_by_api,,,,
20250801,00000043,송암72,송암72,116,00000634,마재부영아파트,29,29140,2914013000,광주광역시,서구,금호동,B,,,tago_route_specific_stop,not_provided_by_api,,,,
20250801,00000043,송암72,송암72,117,00002955,풍암사거리(동),29,29140,2914013000,광주광역시,서구,금호동,B,,,tago_route_specific_stop,not_provided_by_api,,,,
20250801,00000043,송암72,송암72,119,00001734,운리마을,29,29140,2914012800,광주광역시,서구,풍암동,B,,,tago_route_specific_stop,not_provided_by_api,,,,
20250801,00000043,송암72,송암72,120,00001735,동명회.송원고,29,29140,2914012800,광주광역시,서구,풍암동,B,,,tago_route_specific_stop,not_provided_by_api,,,,
20250801,00000044,송암73,송암73,14,00000775,서창입구,29,29140,2914012900,광주광역시,서구,벽진동,B,,,tago_route_specific_stop,not_provided_by_api,,,,
20250801,00000044,송암73,송암73,15,00001114,월암,29,29140,2914013100,광주광역시,서구,마륵동,B,,,tago_route_specific_stop,not_provided_by_api,,,,
20250801,00000044,송암73,송암73,16,00000440,김대중컨벤션센터(마륵)역,29,29140,2914013100,광주광역시,서구,마륵동,B,,,tago_route_specific_stop,not_provided_by_api,,,,
20250801,00000044,송암73,송암73,17,00001241,전남고입구,29,29140,2914013100,광주광역시,서구,마륵동,B,,,tago_route_specific_stop,not_provided_by_api,,,,
20250801,00000044,송암73,송암73,19,00002876,농협운천지점,29,29140,2914012000,광주광역시,서구,치평동,B,,,tago_route_specific_stop,not_provided_by_api,,,,
20250801,00000044,송암73,송암73,20,00004012,대우디오빌,29,29140,2914012000,광주광역시,서구,치평동,B,,,tago_route_specific_stop,not_provided_by_api,,,,
20250801,00000044,송암73,송암73,21,00001069,운천저수지,29,29140,2914011800,광주광역시,서구,쌍촌동,B,,,tago_route_specific_stop,not_provided_by_api,,,,
20250801,00000044,송암73,송암73,22,00000732,상무중,29,29140,2914011800,광주광역시,서구,쌍촌동,B,,,tago_route_specific_stop,not_provided_by_api,,,,
20250801,00000044,송암73,송암73,23,00000571,광주학생독립운동기념관,29,29140,2914011800,광주광역시,서구,쌍촌동,B,,,tago_route_specific_stop,not_provided_by_api,,,,
20250801,00000044,송암73,송암73,24,00001295,쌍촌시영아파트,29,29140,2914011800,광주광역시,서구,쌍촌동,B,,,tago_route_specific_stop,not_provided_by_api,,,,
20250801,00000044,송암73,송암73,26,00000966,염주사거리(동),29,29140,2914011900,광주광역시,서구,화정동,B,,,tago_route_specific_stop,not_provided_by_api,,,,
20250801,00000044,송암73,송암73,27,00000965,염주맨션,29,29140,2914011900,광주광역시,서구,화정동,B,,,tago_route_specific_stop,not_provided_by_api,,,,
20250801,00000044,송암73,송암73,28,00001554,화정중,29,29140,2914011900,광주광역시,서구,화정동,B,,,tago_route_specific_stop,not_provided_by_api,,,,
20250801,00000044,송암73,송암73,29,00001552,유니버시아드힐스테이트,29,29140,2914011900,광주광역시,서구,화정동,B,,,tago_route_specific_stop,not_provided_by_api,,,,
20250801,00000044,송암73,송암73,30,00000021,건강협회,29,29140,2914010600,광주광역시,서구,농성동,B,,,tago_route_specific_stop,not_provided_by_api,,,,
20250801,00000044,송암73,송암73,45,00001755,동명회.송원고,29,29140,2914012800,광주광역시,서구,풍암동,B,,,tago_route_specific_stop,not_provided_by_api,,,,
20250801,00000044,송암73,송암73,46,00001756,운리마을,29,29140,2914012800,광주광역시,서구,풍암동,B,,,tago_route_specific_stop,not_provided_by_api,,,,
20250801,00000044,송암73,송암73,49,00001506,광주중,29,29140,2914013000,광주광역시,서구,금호동,B,,,tago_route_specific_stop,not_provided_by_api,,,,
20250801,00000044,송암73,송암73,50,00001239,마재종원아파트,29,29140,2914013000,광주광역시,서구,금호동,B,,,tago_route_specific_stop,not_provided_by_api,,,,
20250801,00000044,송암73,송암73,51,00003541,만호마을,29,29140,2914013000,광주광역시,서구,금호동,B,,,tago_route_specific_stop,not_provided_by_api,,,,
20250801,00000044,송암73,송암73,52,00003597,무등교회,29,29140,2914013200,광주광역시,서구,매월동,B,,,tago_route_specific_stop,not_provided_by_api,,,,
20250801,00000044,송암73,송암73,56,00003596,무등교회,29,29140,2914013000,광주광역시,서구,금호동,B,,,tago_route_specific_stop,not_provided_by_api,,,,
20250801,00000044,송암73,송암73,57,00003542,만호마을,29,29140,2914013000,광주광역시,서구,금호동,B,,,tago_route_specific_stop,not_provided_by_api,,,,
20250801,00000044,송암73,송암73,58,00001238,마재종원아파트,29,29140,2914013000,광주광역시,서구,금호동,B,,,tago_route_specific_stop,not_provided_by_api,,,,
20250801,00000044,송암73,송암73,59,00001504,광주중,29,29140,2914013000,광주광역시,서구,금호동,B,,,tago_route_specific_stop,not_provided_by_api,,,,
20250801,00000044,송암73,송암73,62,00001734,운리마을,29,29140,2914012800,광주광역시,서구,풍암동,B,,,tago_route_specific_stop,not_provided_by_api,,,,
20250801,00000044,송암73,송암73,63,00001735,동명회.송원고,29,29140,2914012800,광주광역시,서구,풍암동,B,,,tago_route_specific_stop,not_provided_by_api,,,,
20250801,00000044,송암73,송암73,79,00001551,유니버시아드힐스테이트,29,29140,2914011900,광주광역시,서구,화정동,B,,,tago_route_specific_stop,not_provided_by_api,,,,
20250801,00000044,송암73,송암73,80,00001553,화정중,29,29140,2914011900,광주광역시,서구,화정동,B,,,tago_route_specific_stop,not_provided_by_api,,,,
20250801,00000044,송암73,송암73,81,00000054,염주맨션,29,29140,2914011900,광주광역시,서구,화정동,B,,,tago_route_specific_stop,not_provided_by_api,,,,
20250801,00000044,송암73,송암73,82,00000968,염주사거리(서),29,29140,2914011900,광주광역시,서구,화정동,B,,,tago_route_specific_stop,not_provided_by_api,,,,
20250801,00000044,송암73,송암73,83,00001293,쌍촌시영아파트,29,29140,2914011800,광주광역시,서구,쌍촌동,B,,,tago_route_specific_stop,not_provided_by_api,,,,
20250801,00000044,송암73,송암73,84,00001561,광주학생독립운동기념관,29,29140,2914011800,광주광역시,서구,쌍촌동,B,,,tago_route_specific_stop,not_provided_by_api,,,,
20250801,00000044,송암73,송암73,86,00000731,상무중,29,29140,2914011800,광주광역시,서구,쌍촌동,B,,,tago_route_specific_stop,not_provided_by_api,,,,
20250801,00000044,송암73,송암73,87,00001068,운천저수지,29,29140,2914011800,광주광역시,서구,쌍촌동,B,,,tago_route_specific_stop,not_provided_by_api,,,,
20250801,00000044,송암73,송암73,88,00004011,대우디오빌,29,29140,2914012000,광주광역시,서구,치평동,B,,,tago_route_specific_stop,not_provided_by_api,,,,
20250801,00000044,송암73,송암73,89,00002877,농협운천지점,29,29140,2914012000,광주광역시,서구,치평동,B,,,tago_route_specific_stop,not_provided_by_api,,,,
20250801,00000044,송암73,송암73,90,00000730,상무역,29,29140,2914013100,광주광역시,서구,마륵동,B,,,tago_route_specific_stop,not_provided_by_api,,,,
20250801,00000044,송암73,송암73,91,00000687,전남고입구,29,29140,2914012000,광주광역시,서구,치평동,B,,,tago_route_specific_stop,not_provided_by_api,,,,
20250801,00000044,송암73,송암73,92,00001579,김대중컨벤션센터(마륵)역,29,29140,2914013100,광주광역시,서구,마륵동,B,,,tago_route_specific_stop,not_provided_by_api,,,,
20250801,00000044,송암73,송암73,93,00001583,월암,29,29140,2914013100,광주광역시,서구,마륵동,B,,,tago_route_specific_stop,not_provided_by_api,,,,
20250801,00000044,송암73,송암73,94,00000776,서창입구,29,29140,2914012900,광주광역시,서구,벽진동,B,,,tago_route_specific_stop,not_provided_by_api,,,,
20250801,00000048,진월77,진월77,2,00001720,서창동행정복지센터,29,29140,2914012600,광주광역시,서구,세하동,B,,,tago_route_specific_stop,not_provided_by_api,,,,
20250801,00000048,진월77,진월77,3,00003790,절골입구(북),29,29140,2914012600,광주광역시,서구,세하동,B,,,tago_route_specific_stop,not_provided_by_api,,,,
20250801,00000048,진월77,진월77,4,00003774,매월동(동),29,29140,2914013200,광주광역시,서구,매월동,B,,,tago_route_specific_stop,not_provided_by_api,,,,
20250801,00000048,진월77,진월77,5,00001724,대동고,29,29140,2914013200,광주광역시,서구,매월동,B,,,tago_route_specific_stop,not_provided_by_api,,,,
20250801,00000048,진월77,진월77,6,00002995,화훼단지,29,29140,2914013200,광주광역시,서구,매월동,B,,,tago_route_specific_stop,not_provided_by_api,,,,
20250801,00000048,진월77,진월77,7,00001732,공구단지,29,29140,2914013200,광주광역시,서구,매월동,B,,,tago_route_specific_stop,not_provided_by_api,,,,
20250801,00000048,진월77,진월77,8,00002957,풍암사거리(동),29,29140,2914012800,광주광역시,서구,풍암동,B,,,tago_route_specific_stop,not_provided_by_api,,,,
20250801,00000048,진월77,진월77,9,00000635,마재부영아파트,29,29140,2914013000,광주광역시,서구,금호동,B,,,tago_route_specific_stop,not_provided_by_api,,,,
20250801,00000048,진월77,진월77,10,00000103,마재호반아파트,29,29140,2914013000,광주광역시,서구,금호동,B,,,tago_route_specific_stop,not_provided_by_api,,,,
20250801,00000048,진월77,진월77,11,00001239,마재종원아파트,29,29140,2914013000,광주광역시,서구,금호동,B,,,tago_route_specific_stop,not_provided_by_api,,,,
20250801,00000048,진월77,진월77,12,00003543,만호초교,29,29140,2914013000,광주광역시,서구,금호동,B,,,tago_route_specific_stop,not_provided_by_api,,,,
20250801,00000048,진월77,진월77,13,00001442,금호한국아파트,29,29140,2914013000,광주광역시,서구,금호동,B,,,tago_route_specific_stop,not_provided_by_api,,,,
20250801,00000048,진월77,진월77,14,00000163,금호시영아파트,29,29140,2914013000,광주광역시,서구,금호동,B,,,tago_route_specific_stop,not_provided_by_api,,,,
20250801,00000048,진월77,진월77,15,00001572,CBS방송국,29,29140,2914013000,광주광역시,서구,금호동,B,,,tago_route_specific_stop,not_provided_by_api,,,,
20250801,00000048,진월77,진월77,16,00000732,상무중,29,29140,2914011800,광주광역시,서구,쌍촌동,B,,,tago_route_specific_stop,not_provided_by_api,,,,
20250801,00000048,진월77,진월77,17,00000571,광주학생독립운동기념관,29,29140,2914011800,광주광역시,서구,쌍촌동,B,,,tago_route_specific_stop,not_provided_by_api,,,,
20250801,00000048,진월77,진월77,18,00001295,쌍촌시영아파트,29,29140,2914011800,광주광역시,서구,쌍촌동,B,,,tago_route_specific_stop,not_provided_by_api,,,,
20250801,00000048,진월77,진월77,20,00000966,염주사거리(동),29,29140,2914011900,광주광역시,서구,화정동,B,,,tago_route_specific_stop,not_provided_by_api,,,,
20250801,00000048,진월77,진월77,21,00000965,염주맨션,29,29140,2914011900,광주광역시,서구,화정동,B,,,tago_route_specific_stop,not_provided_by_api,,,,
20250801,00000048,진월77,진월77,22,00001264,주월초교,29,29140,2914011900,광주광역시,서구,화정동,B,,,tago_route_specific_stop,not_provided_by_api,,,,
20250801,00000048,진월77,진월77,54,00001265,주월초교,29,29140,2914011900,광주광역시,서구,화정동,B,,,tago_route_specific_stop,not_provided_by_api,,,,
20250801,00000048,진월77,진월77,55,00000054,염주맨션,29,29140,2914011900,광주광역시,서구,화정동,B,,,tago_route_specific_stop,not_provided_by_api,,,,
20250801,00000048,진월77,진월77,56,00000968,염주사거리(서),29,29140,2914011900,광주광역시,서구,화정동,B,,,tago_route_specific_stop,not_provided_by_api,,,,
20250801,00000048,진월77,진월77,57,00001293,쌍촌시영아파트,29,29140,2914011800,광주광역시,서구,쌍촌동,B,,,tago_route_specific_stop,not_provided_by_api,,,,
20250801,00000048,진월77,진월77,58,00001561,광주학생독립운동기념관,29,29140,2914011800,광주광역시,서구,쌍촌동,B,,,tago_route_specific_stop,not_provided_by_api,,,,
20250801,00000048,진월77,진월77,61,00001571,CBS방송국,29,29140,2914013000,광주광역시,서구,금호동,B,,,tago_route_specific_stop,not_provided_by_api,,,,
20250801,00000048,진월77,진월77,62,00000845,금호시영아파트,29,29140,2914013000,광주광역시,서구,금호동,B,,,tago_route_specific_stop,not_provided_by_api,,,,
20250801,00000048,진월77,진월77,63,00001443,금호한국아파트,29,29140,2914013000,광주광역시,서구,금호동,B,,,tago_route_specific_stop,not_provided_by_api,,,,
20250801,00000048,진월77,진월77,64,00000771,서창농협,29,29140,2914013000,광주광역시,서구,금호동,B,,,tago_route_specific_stop,not_provided_by_api,,,,
20250801,00000048,진월77,진월77,65,00001238,마재종원아파트,29,29140,2914013000,광주광역시,서구,금호동,B,,,tago_route_specific_stop,not_provided_by_api,,,,
20250801,00000048,진월77,진월77,66,00000102,마재호반아파트,29,29140,2914013000,광주광역시,서구,금호동,B,,,tago_route_specific_stop,not_provided_by_api,,,,
20250801,00000048,진월77,진월77,67,00000634,마재부영아파트,29,29140,2914013000,광주광역시,서구,금호동,B,,,tago_route_specific_stop,not_provided_by_api,,,,
20250801,00000048,진월77,진월77,68,00002955,풍암사거리(동),29,29140,2914013000,광주광역시,서구,금호동,B,,,tago_route_specific_stop,not_provided_by_api,,,,
20250801,00000048,진월77,진월77,69,00001758,공구단지,29,29140,2914013200,광주광역시,서구,매월동,B,,,tago_route_specific_stop,not_provided_by_api,,,,
20250801,00000048,진월77,진월77,70,00001759,화훼단지,29,29140,2914013200,광주광역시,서구,매월동,B,,,tago_route_specific_stop,not_provided_by_api,,,,
20250801,00000048,진월77,진월77,71,00001760,대동고,29,29140,2914013200,광주광역시,서구,매월동,B,,,tago_route_specific_stop,not_provided_by_api,,,,
20250801,00000048,진월77,진월77,72,00003775,매월동(동),29,29140,2914013200,광주광역시,서구,매월동,B,,,tago_route_specific_stop,not_provided_by_api,,,,
20250801,00000048,진월77,진월77,73,00003789,절골입구(북),29,29140,2914012600,광주광역시,서구,세하동,B,,,tago_route_specific_stop,not_provided_by_api,,,,
20250801,00000048,진월77,진월77,74,00002182,서창동행정복지센터,29,29140,2914012600,광주광역시,서구,세하동,B,,,tago_route_specific_stop,not_provided_by_api,,,,
20250801,00000049,진월78,진월78,2,00004181,매월종합상가공구단지,29,29140,2914013200,광주광역시,서구,매월동,B,,,tago_route_specific_stop,not_provided_by_api,,,,
20250801,00000049,진월78,진월78,3,00001729,서부농수산물도매시장,29,29140,2914013200,광주광역시,서구,매월동,B,,,tago_route_specific_stop,not_provided_by_api,,,,
20250801,00000049,진월78,진월78,4,00001732,공구단지,29,29140,2914013200,광주광역시,서구,매월동,B,,,tago_route_specific_stop,not_provided_by_api,,,,
20250801,00000049,진월78,진월78,5,00002957,풍암사거리(동),29,29140,2914012800,광주광역시,서구,풍암동,B,,,tago_route_specific_stop,not_provided_by_api,,,,
20250801,00000049,진월78,진월78,6,00001413,마재우체국,29,29140,2914012800,광주광역시,서구,풍암동,B,,,tago_route_specific_stop,not_provided_by_api,,,,
20250801,00000049,진월78,진월78,7,00001417,풍암저수지,29,29140,2914012800,광주광역시,서구,풍암동,B,,,tago_route_specific_stop,not_provided_by_api,,,,
20250801,00000049,진월78,진월78,8,00001294,풍암모아아파트,29,29140,2914012800,광주광역시,서구,풍암동,B,,,tago_route_specific_stop,not_provided_by_api,,,,
20250801,00000049,진월78,진월78,9,00000736,풍암한신아파트,29,29140,2914012800,광주광역시,서구,풍암동,B,,,tago_route_specific_stop,not_provided_by_api,,,,
20250801,00000049,진월78,진월78,10,00001444,풍암한국아파트,29,29140,2914012800,광주광역시,서구,풍암동,B,,,tago_route_specific_stop,not_provided_by_api,,,,
20250801,00000049,진월78,진월78,11,00000880,신암마을,29,29140,2914012800,광주광역시,서구,풍암동,B,,,tago_route_specific_stop,not_provided_by_api,,,,
20250801,00000049,진월78,진월78,12,00000160,풍암금호아파트,29,29140,2914012800,광주광역시,서구,풍암동,B,,,tago_route_specific_stop,not_provided_by_api,,,,
20250801,00000049,진월78,진월78,13,00001024,풍암우미아파트,29,29140,2914012800,광주광역시,서구,풍암동,B,,,tago_route_specific_stop,not_provided_by_api,,,,
20250801,00000049,진월78,진월78,14,00001073,원광대한방병원,29,29140,2914012800,광주광역시,서구,풍암동,B,,,tago_route_specific_stop,not_provided_by_api,,,,
20250801,00000049,진월78,진월78,47,00001075,원광대한방병원,29,29140,2914012800,광주광역시,서구,풍암동,B,,,tago_route_specific_stop,not_provided_by_api,,,,
20250801,00000049,진월78,진월78,48,00001016,풍암우미아파트,29,29140,2914012800,광주광역시,서구,풍암동,B,,,tago_route_specific_stop,not_provided_by_api,,,,
20250801,00000049,진월78,진월78,49,00000161,풍암금호아파트,29,29140,2914012800,광주광역시,서구,풍암동,B,,,tago_route_specific_stop,not_provided_by_api,,,,
20250801,00000049,진월78,진월78,50,00000879,신암마을,29,29140,2914012800,광주광역시,서구,풍암동,B,,,tago_route_specific_stop,not_provided_by_api,,,,
20250801,00000049,진월78,진월78,51,00001447,풍암한국아파트,29,29140,2914012800,광주광역시,서구,풍암동,B,,,tago_route_specific_stop,not_provided_by_api,,,,
20250801,00000049,진월78,진월78,52,00000737,풍암한신아파트,29,29140,2914012800,광주광역시,서구,풍암동,B,,,tago_route_specific_stop,not_provided_by_api,,,,
20250801,00000049,진월78,진월78,53,00000304,풍암모아아파트,29,29140,2914012800,광주광역시,서구,풍암동,B,,,tago_route_specific_stop,not_provided_by_api,,,,
20250801,00000049,진월78,진월78,54,00001416,풍암저수지,29,29140,2914012800,광주광역시,서구,풍암동,B,,,tago_route_specific_stop,not_provided_by_api,,,,
20250801,00000049,진월78,진월78,55,00001414,마재우체국,29,29140,2914012800,광주광역시,서구,풍암동,B,,,tago_route_specific_stop,not_provided_by_api,,,,
20250801,00000049,진월78,진월78,56,00002955,풍암사거리(동),29,29140,2914013000,광주광역시,서구,금호동,B,,,tago_route_specific_stop,not_provided_by_api,,,,
20250801,00000049,진월78,진월78,57,00001758,공구단지,29,29140,2914013200,광주광역시,서구,매월동,B,,,tago_route_specific_stop,not_provided_by_api,,,,
20250801,00000049,진월78,진월78,58,00002188,서부농수산물도매시장,29,29140,2914013200,광주광역시,서구,매월동,B,,,tago_route_specific_stop,not_provided_by_api,,,,
20250801,00000049,진월78,진월78,59,00004182,매월종합상가공구단지,29,29140,2914013200,광주광역시,서구,매월동,B,,,tago_route_specific_stop,not_provided_by_api,,,,
20250801,00000050,진월79,진월79,23,00000934,양동시장역(남),29,29140,2914010400,광주광역시,서구,양동,B,,,tago_route_specific_stop,not_provided_by_api,,,,
20250801,00000050,진월79,진월79,25,00002784,천교,29,29140,2914010400,광주광역시,서구,양동,B,,,tago_route_specific_stop,not_provided_by_api,,,,
20250801,00000050,진월79,진월79,28,00000937,양동시장역(남),29,29140,2914010400,광주광역시,서구,양동,B,,,tago_route_specific_stop,not_provided_by_api,,,,
20250801,00000055,용전84,용전84,34,00000114,광천치안센터,29,29140,2914011500,광주광역시,서구,광천동,B,,,tago_route_specific_stop,not_provided_by_api,,,,
20250801,00000055,용전84,용전84,35,00002872,현대자동차,29,29140,2914011500,광주광역시,서구,광천동,B,,,tago_route_specific_stop,not_provided_by_api,,,,
20250801,00000055,용전84,용전84,36,00003282,발산마을,29,29140,2914010400,광주광역시,서구,양동,B,,,tago_route_specific_stop,not_provided_by_api,,,,
20250801,00000055,용전84,용전84,38,00002782,양동교,29,29140,2914010400,광주광역시,서구,양동,B,,,tago_route_specific_stop,not_provided_by_api,,,,
20250801,00000055,용전84,용전84,39,00003283,양동시장역(천변),29,29140,2914010400,광주광역시,서구,양동,B,,,tago_route_specific_stop,not_provided_by_api,,,,
20250801,00000055,용전84,용전84,43,00002873,현대자동차,29,29140,2914011500,광주광역시,서구,광천동,B,,,tago_route_specific_stop,not_provided_by_api,,,,
20250801,00000055,용전84,용전84,44,00000113,광천치안센터,29,29140,2914011500,광주광역시,서구,광천동,B,,,tago_route_specific_stop,not_provided_by_api,,,,
20250801,00000059,임곡89,임곡89,1,00004040,덕흥동,29,29140,2914011700,광주광역시,서구,덕흥동,B,,,tago_route_specific_stop,not_provided_by_api,,,,
20250801,00000059,임곡89,임곡89,2,00004039,덕흥마을입구,29,29140,2914011700,광주광역시,서구,덕흥동,B,,,tago_route_specific_stop,not_provided_by_api,,,,
20250801,00000059,임곡89,임곡89,3,00002718,덕흥삼거리,29,29140,2914011700,광주광역시,서구,덕흥동,B,,,tago_route_specific_stop,not_provided_by_api,,,,
20250801,00000059,임곡89,임곡89,4,00003289,유덕2교차로,29,29140,2914011600,광주광역시,서구,유촌동,B,,,tago_route_specific_stop,not_provided_by_api,,,,
20250801,00000059,임곡89,임곡89,5,00004296,유덕1교차로,29,29140,2914011600,광주광역시,서구,유촌동,B,,,tago_route_specific_stop,not_provided_by_api,,,,
20250801,00000059,임곡89,임곡89,6,00000852,시청,29,29140,2914012000,광주광역시,서구,치평동,B,,,tago_route_specific_stop,not_provided_by_api,,,,
20250801,00000059,임곡89,임곡89,7,00000011,5.18기념문화센터 [광주1호선],29,29140,2914011800,광주광역시,서구,쌍촌동,B,,,tago_route_specific_stop,not_provided_by_api,,,,
20250801,00000059,임곡89,임곡89,8,00000494,모아제일아파트,29,29140,2914011800,광주광역시,서구,쌍촌동,B,,,tago_route_specific_stop,not_provided_by_api,,,,
20250801,00000059,임곡89,임곡89,9,00001497,상무호반3차,29,29140,2914011800,광주광역시,서구,쌍촌동,B,,,tago_route_specific_stop,not_provided_by_api,,,,
20250801,00000059,임곡89,임곡89,10,00001121,유덕초교,29,29140,2914011800,광주광역시,서구,쌍촌동,B,,,tago_route_specific_stop,not_provided_by_api,,,,
20250801,00000059,임곡89,임곡89,11,00001373,칠성마을,29,29140,2914011800,광주광역시,서구,쌍촌동,B,,,tago_route_specific_stop,not_provided_by_api,,,,
20250801,00000059,임곡89,임곡89,12,00001374,광천동,29,29140,2914011800,광주광역시,서구,쌍촌동,B,,,tago_route_specific_stop,not_provided_by_api,,,,
20250801,00000059,임곡89,임곡89,13,00000699,삼우아파트,29,29140,2914012100,광주광역시,서구,내방동,B,,,tago_route_specific_stop,not_provided_by_api,,,,
20250801,00000059,임곡89,임곡89,14,00001322,진성아파트,29,29140,2914012100,광주광역시,서구,내방동,B,,,tago_route_specific_stop,not_provided_by_api,,,,
20250801,00000059,임곡89,임곡89,15,00000806,광천E편한세상,29,29140,2914012100,광주광역시,서구,내방동,B,,,tago_route_specific_stop,not_provided_by_api,,,,
20250801,00000059,임곡89,임곡89,16,00000183,기아차정문,29,29140,2914012100,광주광역시,서구,내방동,B,,,tago_route_specific_stop,not_provided_by_api,,,,
20250801,00000059,임곡89,임곡89,17,00000110,광주종합버스터미널,29,29140,2914011500,광주광역시,서구,광천동,B,,,tago_route_specific_stop,not_provided_by_api,,,,
20250801,00000059,임곡89,임곡89,18,00002872,현대자동차,29,29140,2914011500,광주광역시,서구,광천동,B,,,tago_route_specific_stop,not_provided_by_api,,,,
20250801,00000059,임곡89,임곡89,19,00000108,광천초교,29,29140,2914010600,광주광역시,서구,농성동,B,,,tago_route_specific_stop,not_provided_by_api,,,,
20250801,00000059,임곡89,임곡89,20,00001301,농성1동행정복지센터,29,29140,2914010600,광주광역시,서구,농성동,B,,,tago_route_specific_stop,not_provided_by_api,,,,
20250801,00000059,임곡89,임곡89,21,00000764,서광주전화국,29,29140,2914010600,광주광역시,서구,농성동,B,,,tago_route_specific_stop,not_provided_by_api,,,,
20250801,00000059,임곡89,임곡89,23,00000935,양동시장역(북),29,29140,2914010400,광주광역시,서구,양동,B,,,tago_route_specific_stop,not_provided_by_api,,,,
20250801,00000059,임곡89,임곡89,115,00000067,광신대교,29,29140,2914013300,광주광역시,서구,동천동,B,,,tago_route_specific_stop,not_provided_by_api,,,,
20250801,00000059,임곡89,임곡89,116,00002893,동림I.C입구,29,29140,2914013300,광주광역시,서구,동천동,B,,,tago_route_specific_stop,not_provided_by_api,,,,
20250801,00000059,임곡89,임곡89,117,00002894,동천마을1단지,29,29140,2914013300,광주광역시,서구,동천동,B,,,tago_route_specific_stop,not_provided_by_api,,,,
20250801,00000059,임곡89,임곡89,118,00001272,동천마을3단지,29,29140,2914013300,광주광역시,서구,동천동,B,,,tago_route_specific_stop,not_provided_by_api,,,,
20250801,00000059,임곡89,임곡89,119,00003506,동천마을6단지,29,29140,2914013300,광주광역시,서구,동천동,B,,,tago_route_specific_stop,not_provided_by_api,,,,
20250801,00000059,임곡89,임곡89,130,00000936,양동시장역(북),29,29140,2914010400,광주광역시,서구,양동,B,,,tago_route_specific_stop,not_provided_by_api,,,,
20250801,00000059,임곡89,임곡89,131,00000344,돌고개역(동),29,29140,2914010600,광주광역시,서구,농성동,B,,,tago_route_specific_stop,not_provided_by_api,,,,
20250801,00000059,임곡89,임곡89,132,00000763,서광주전화국,29,29140,2914010600,광주광역시,서구,농성동,B,,,tago_route_specific_stop,not_provided_by_api,,,,
20250801,00000059,임곡89,임곡89,133,00000243,농성1동행정복지센터,29,29140,2914010600,광주광역시,서구,농성동,B,,,tago_route_specific_stop,not_provided_by_api,,,,
20250801,00000059,임곡89,임곡89,134,00000107,광천초교,29,29140,2914010600,광주광역시,서구,농성동,B,,,tago_route_specific_stop,not_provided_by_api,,,,
20250801,00000059,임곡89,임곡89,135,00002873,현대자동차,29,29140,2914011500,광주광역시,서구,광천동,B,,,tago_route_specific_stop,not_provided_by_api,,,,
20250801,00000059,임곡89,임곡89,136,00000109,광주종합버스터미널,29,29140,2914011500,광주광역시,서구,광천동,B,,,tago_route_specific_stop,not_provided_by_api,,,,
20250801,00000059,임곡89,임곡89,137,00000182,기아차정문,29,29140,2914012100,광주광역시,서구,내방동,B,,,tago_route_specific_stop,not_provided_by_api,,,,
20250801,00000059,임곡89,임곡89,138,00000807,광천E편한세상,29,29140,2914012100,광주광역시,서구,내방동,B,,,tago_route_specific_stop,not_provided_by_api,,,,
20250801,00000059,임곡89,임곡89,139,00001323,진성아파트,29,29140,2914012100,광주광역시,서구,내방동,B,,,tago_route_specific_stop,not_provided_by_api,,,,
20250801,00000059,임곡89,임곡89,140,00000700,삼우아파트,29,29140,2914012100,광주광역시,서구,내방동,B,,,tago_route_specific_stop,not_provided_by_api,,,,
20250801,00000059,임곡89,임곡89,141,00001375,광천동,29,29140,2914011800,광주광역시,서구,쌍촌동,B,,,tago_route_specific_stop,not_provided_by_api,,,,
20250801,00000059,임곡89,임곡89,142,00001376,칠성마을,29,29140,2914011800,광주광역시,서구,쌍촌동,B,,,tago_route_specific_stop,not_provided_by_api,,,,
20250801,00000059,임곡89,임곡89,143,00000573,유덕초교,29,29140,2914011600,광주광역시,서구,유촌동,B,,,tago_route_specific_stop,not_provided_by_api,,,,
20250801,00000059,임곡89,임곡89,144,00000496,상무호반3차,29,29140,2914011800,광주광역시,서구,쌍촌동,B,,,tago_route_specific_stop,not_provided_by_api,,,,
20250801,00000059,임곡89,임곡89,145,00000485,모아제일아파트,29,29140,2914011800,광주광역시,서구,쌍촌동,B,,,tago_route_specific_stop,not_provided_by_api,,,,
20250801,00000059,임곡89,임곡89,146,00000012,5.18기념문화센터 [광주1호선],29,29140,2914011800,광주광역시,서구,쌍촌동,B,,,tago_route_specific_stop,not_provided_by_api,,,,
20250801,00000059,임곡89,임곡89,147,00000850,시청,29,29140,2914012000,광주광역시,서구,치평동,B,,,tago_route_specific_stop,not_provided_by_api,,,,
20250801,00000059,임곡89,임곡89,148,00004295,유덕1교차로,29,29140,2914011600,광주광역시,서구,유촌동,B,,,tago_route_specific_stop,not_provided_by_api,,,,
20250801,00000059,임곡89,임곡89,149,00003288,유덕2교차로,29,29140,2914011600,광주광역시,서구,유촌동,B,,,tago_route_specific_stop,not_provided_by_api,,,,
20250801,00000059,임곡89,임곡89,150,00004054,덕흥삼거리,29,29140,2914011700,광주광역시,서구,덕흥동,B,,,tago_route_specific_stop,not_provided_by_api,,,,
20250801,00000059,임곡89,임곡89,151,00004038,덕흥마을입구,29,29140,2914011700,광주광역시,서구,덕흥동,B,,,tago_route_specific_stop,not_provided_by_api,,,,
20250801,00000059,임곡89,임곡89,152,00004040,덕흥동,29,29140,2914011700,광주광역시,서구,덕흥동,B,,,tago_route_specific_stop,not_provided_by_api,,,,
20250801,00000068,송정98,송정98,26,00000067,광신대교,29,29140,2914013300,광주광역시,서구,동천동,B,,,tago_route_specific_stop,not_provided_by_api,,,,
20250801,00000068,송정98,송정98,27,00002893,동림I.C입구,29,29140,2914013300,광주광역시,서구,동천동,B,,,tago_route_specific_stop,not_provided_by_api,,,,
20250801,00000068,송정98,송정98,28,00002894,동천마을1단지,29,29140,2914013300,광주광역시,서구,동천동,B,,,tago_route_specific_stop,not_provided_by_api,,,,
20250801,00000068,송정98,송정98,29,00001272,동천마을3단지,29,29140,2914013300,광주광역시,서구,동천동,B,,,tago_route_specific_stop,not_provided_by_api,,,,
20250801,00000068,송정98,송정98,30,00003506,동천마을6단지,29,29140,2914013300,광주광역시,서구,동천동,B,,,tago_route_specific_stop,not_provided_by_api,,,,
20250801,00000069,송정99,송정99,27,00003345,도호,29,29140,2914012500,광주광역시,서구,서창동,B,,,tago_route_specific_stop,not_provided_by_api,,,,
20250801,00000069,송정99,송정99,28,00003346,문촌,29,29140,2914012500,광주광역시,서구,서창동,B,,,tago_route_specific_stop,not_provided_by_api,,,,
20250801,00000069,송정99,송정99,29,00001764,서창치안센터,29,29140,2914012500,광주광역시,서구,서창동,B,,,tago_route_specific_stop,not_provided_by_api,,,,
20250801,00000069,송정99,송정99,30,00001765,용두입구,29,29140,2914012700,광주광역시,서구,용두동,B,,,tago_route_specific_stop,not_provided_by_api,,,,
20250801,00000069,송정99,송정99,31,00002227,봉학,29,29140,2914012700,광주광역시,서구,용두동,B,,,tago_route_specific_stop,not_provided_by_api,,,,
20250801,00000069,송정99,송정99,32,00002226,신용,29,29140,2914012700,광주광역시,서구,용두동,B,,,tago_route_specific_stop,not_provided_by_api,,,,
20250801,00000069,송정99,송정99,33,00003478,마현,29,29140,2914012700,광주광역시,서구,용두동,B,,,tago_route_specific_stop,not_provided_by_api,,,,
20250801,00000069,송정99,송정99,34,00002225,구룡(대촌),29,29140,2914012700,광주광역시,서구,용두동,B,,,tago_route_specific_stop,not_provided_by_api,,,,
20250801,00000069,송정99,송정99,35,00003294,석교삼거리,29,29140,2914012700,광주광역시,서구,용두동,B,,,tago_route_specific_stop,not_provided_by_api,,,,
20250801,00000069,송정99,송정99,77,00000934,양동시장역(남),29,29140,2914010400,광주광역시,서구,양동,B,,,tago_route_specific_stop,not_provided_by_api,,,,
20250801,00000069,송정99,송정99,79,00003283,양동시장역(천변),29,29140,2914010400,광주광역시,서구,양동,B,,,tago_route_specific_stop,not_provided_by_api,,,,
20250801,00000069,송정99,송정99,80,00000937,양동시장역(남),29,29140,2914010400,광주광역시,서구,양동,B,,,tago_route_specific_stop,not_provided_by_api,,,,
20250801,00000069,송정99,송정99,122,00003293,석교삼거리,29,29140,2914012700,광주광역시,서구,용두동,B,,,tago_route_specific_stop,not_provided_by_api,,,,
20250801,00000069,송정99,송정99,123,00001797,구룡(대촌),29,29140,2914012700,광주광역시,서구,용두동,B,,,tago_route_specific_stop,not_provided_by_api,,,,
20250801,00000069,송정99,송정99,124,00003477,마현,29,29140,2914012700,광주광역시,서구,용두동,B,,,tago_route_specific_stop,not_provided_by_api,,,,
20250801,00000069,송정99,송정99,125,00001798,신용,29,29140,2914012700,광주광역시,서구,용두동,B,,,tago_route_specific_stop,not_provided_by_api,,,,
20250801,00000069,송정99,송정99,126,00001799,봉학,29,29140,2914012700,광주광역시,서구,용두동,B,,,tago_route_specific_stop,not_provided_by_api,,,,
20250801,00000069,송정99,송정99,127,00002193,용두입구,29,29140,2914012700,광주광역시,서구,용두동,B,,,tago_route_specific_stop,not_provided_by_api,,,,
20250801,00000069,송정99,송정99,128,00002192,서창치안센터,29,29140,2914012500,광주광역시,서구,서창동,B,,,tago_route_specific_stop,not_provided_by_api,,,,
20250801,00000069,송정99,송정99,129,00003405,문촌,29,29140,2914012500,광주광역시,서구,서창동,B,,,tago_route_specific_stop,not_provided_by_api,,,,
20250801,00000069,송정99,송정99,130,00003404,도호,29,29140,2914012500,광주광역시,서구,서창동,B,,,tago_route_specific_stop,not_provided_by_api,,,,
20250801,00000071,228(구151화순사평),228(구151화순사평),4,00002997,동천동행정복지센터,29,29140,2914013300,광주광역시,서구,동천동,B,,,tago_route_specific_stop,not_provided_by_api,,,,
20250801,00000071,228(구151화순사평),228(구151화순사평),5,00001373,칠성마을,29,29140,2914011800,광주광역시,서구,쌍촌동,B,,,tago_route_specific_stop,not_provided_by_api,,,,
20250801,00000071,228(구151화순사평),228(구151화순사평),6,00001374,광천동,29,29140,2914011800,광주광역시,서구,쌍촌동,B,,,tago_route_specific_stop,not_provided_by_api,,,,
20250801,00000071,228(구151화순사평),228(구151화순사평),7,00000699,삼우아파트,29,29140,2914012100,광주광역시,서구,내방동,B,,,tago_route_specific_stop,not_provided_by_api,,,,
20250801,00000071,228(구151화순사평),228(구151화순사평),8,00001322,진성아파트,29,29140,2914012100,광주광역시,서구,내방동,B,,,tago_route_specific_stop,not_provided_by_api,,,,
20250801,00000071,228(구151화순사평),228(구151화순사평),9,00000806,광천E편한세상,29,29140,2914012100,광주광역시,서구,내방동,B,,,tago_route_specific_stop,not_provided_by_api,,,,
20250801,00000071,228(구151화순사평),228(구151화순사평),10,00000183,기아차정문,29,29140,2914012100,광주광역시,서구,내방동,B,,,tago_route_specific_stop,not_provided_by_api,,,,
20250801,00000071,228(구151화순사평),228(구151화순사평),11,00000110,광주종합버스터미널,29,29140,2914011500,광주광역시,서구,광천동,B,,,tago_route_specific_stop,not_provided_by_api,,,,
20250801,00000071,228(구151화순사평),228(구151화순사평),12,00000113,광천치안센터,29,29140,2914011500,광주광역시,서구,광천동,B,,,tago_route_specific_stop,not_provided_by_api,,,,
20250801,00000071,228(구151화순사평),228(구151화순사평),149,00000114,광천치안센터,29,29140,2914011500,광주광역시,서구,광천동,B,,,tago_route_specific_stop,not_provided_by_api,,,,
20250801,00000071,228(구151화순사평),228(구151화순사평),150,00000109,광주종합버스터미널,29,29140,2914011500,광주광역시,서구,광천동,B,,,tago_route_specific_stop,not_provided_by_api,,,,
20250801,00000071,228(구151화순사평),228(구151화순사평),151,00000182,기아차정문,29,29140,2914012100,광주광역시,서구,내방동,B,,,tago_route_specific_stop,not_provided_by_api,,,,
20250801,00000071,228(구151화순사평),228(구151화순사평),152,00000807,광천E편한세상,29,29140,2914012100,광주광역시,서구,내방동,B,,,tago_route_specific_stop,not_provided_by_api,,,,
20250801,00000071,228(구151화순사평),228(구151화순사평),153,00001323,진성아파트,29,29140,2914012100,광주광역시,서구,내방동,B,,,tago_route_specific_stop,not_provided_by_api,,,,
20250801,00000071,228(구151화순사평),228(구151화순사평),154,00000700,삼우아파트,29,29140,2914012100,광주광역시,서구,내방동,B,,,tago_route_specific_stop,not_provided_by_api,,,,
20250801,00000071,228(구151화순사평),228(구151화순사평),155,00001375,광천동,29,29140,2914011800,광주광역시,서구,쌍촌동,B,,,tago_route_specific_stop,not_provided_by_api,,,,
20250801,00000071,228(구151화순사평),228(구151화순사평),156,00001376,칠성마을,29,29140,2914011800,광주광역시,서구,쌍촌동,B,,,tago_route_specific_stop,not_provided_by_api,,,,
20250801,00000071,228(구151화순사평),228(구151화순사평),157,00002996,동천동행정복지센터,29,29140,2914013300,광주광역시,서구,동천동,B,,,tago_route_specific_stop,not_provided_by_api,,,,
20250801,00000073,대촌170,대촌170,52,00001036,우진아파트,29,29140,2914010400,광주광역시,서구,양동,B,,,tago_route_specific_stop,not_provided_by_api,,,,
20250801,00000074,진월177,진월177,33,00001036,우진아파트,29,29140,2914010400,광주광역시,서구,양동,B,,,tago_route_specific_stop,not_provided_by_api,,,,
20250801,00000074,진월177,진월177,37,00003283,양동시장역(천변),29,29140,2914010400,광주광역시,서구,양동,B,,,tago_route_specific_stop,not_provided_by_api,,,,
20250801,00000074,진월177,진월177,39,00002784,천교,29,29140,2914010400,광주광역시,서구,양동,B,,,tago_route_specific_stop,not_provided_by_api,,,,
20250801,00000074,진월177,진월177,40,00001035,우진아파트,29,29140,2914010400,광주광역시,서구,양동,B,,,tago_route_specific_stop,not_provided_by_api,,,,
20250801,00000083,대촌270,대촌270,1,00001723,매월동(북),29,29140,2914013200,광주광역시,서구,매월동,B,,,tago_route_specific_stop,not_provided_by_api,,,,
20250801,00000083,대촌270,대촌270,2,00001724,대동고,29,29140,2914013200,광주광역시,서구,매월동,B,,,tago_route_specific_stop,not_provided_by_api,,,,
20250801,00000083,대촌270,대촌270,3,00002995,화훼단지,29,29140,2914013200,광주광역시,서구,매월동,B,,,tago_route_specific_stop,not_provided_by_api,,,,
20250801,00000083,대촌270,대촌270,4,00001732,공구단지,29,29140,2914013200,광주광역시,서구,매월동,B,,,tago_route_specific_stop,not_provided_by_api,,,,
20250801,00000083,대촌270,대촌270,5,00002957,풍암사거리(동),29,29140,2914012800,광주광역시,서구,풍암동,B,,,tago_route_specific_stop,not_provided_by_api,,,,
20250801,00000083,대촌270,대촌270,6,00000635,마재부영아파트,29,29140,2914013000,광주광역시,서구,금호동,B,,,tago_route_specific_stop,not_provided_by_api,,,,
20250801,00000083,대촌270,대촌270,7,00000309,마재대주아파트,29,29140,2914013000,광주광역시,서구,금호동,B,,,tago_route_specific_stop,not_provided_by_api,,,,
20250801,00000083,대촌270,대촌270,8,00000746,서구문화센터,29,29140,2914013000,광주광역시,서구,금호동,B,,,tago_route_specific_stop,not_provided_by_api,,,,
20250801,00000083,대촌270,대촌270,9,00001442,금호한국아파트,29,29140,2914013000,광주광역시,서구,금호동,B,,,tago_route_specific_stop,not_provided_by_api,,,,
20250801,00000083,대촌270,대촌270,10,00000163,금호시영아파트,29,29140,2914013000,광주광역시,서구,금호동,B,,,tago_route_specific_stop,not_provided_by_api,,,,
20250801,00000083,대촌270,대촌270,11,00001572,CBS방송국,29,29140,2914013000,광주광역시,서구,금호동,B,,,tago_route_specific_stop,not_provided_by_api,,,,
20250801,00000083,대촌270,대촌270,12,00000731,상무중,29,29140,2914011800,광주광역시,서구,쌍촌동,B,,,tago_route_specific_stop,not_provided_by_api,,,,
20250801,00000083,대촌270,대촌270,13,00001068,운천저수지,29,29140,2914011800,광주광역시,서구,쌍촌동,B,,,tago_route_specific_stop,not_provided_by_api,,,,
20250801,00000083,대촌270,대촌270,14,00000125,상무지구입구,29,29140,2914012000,광주광역시,서구,치평동,B,,,tago_route_specific_stop,not_provided_by_api,,,,
20250801,00000083,대촌270,대촌270,15,00000730,상무역,29,29140,2914013100,광주광역시,서구,마륵동,B,,,tago_route_specific_stop,not_provided_by_api,,,,
20250801,00000083,대촌270,대촌270,16,00000687,전남고입구,29,29140,2914012000,광주광역시,서구,치평동,B,,,tago_route_specific_stop,not_provided_by_api,,,,
20250801,00000083,대촌270,대촌270,17,00001579,김대중컨벤션센터(마륵)역,29,29140,2914013100,광주광역시,서구,마륵동,B,,,tago_route_specific_stop,not_provided_by_api,,,,
20250801,00000083,대촌270,대촌270,18,00001583,월암,29,29140,2914013100,광주광역시,서구,마륵동,B,,,tago_route_specific_stop,not_provided_by_api,,,,
20250801,00000083,대촌270,대촌270,19,00001716,서창사거리,29,29140,2914012900,광주광역시,서구,벽진동,B,,,tago_route_specific_stop,not_provided_by_api,,,,
20250801,00000083,대촌270,대촌270,20,00001717,서창농협벽진지점,29,29140,2914012900,광주광역시,서구,벽진동,B,,,tago_route_specific_stop,not_provided_by_api,,,,
20250801,00000083,대촌270,대촌270,21,00001718,마산(서창),29,29140,2914012900,광주광역시,서구,벽진동,B,,,tago_route_specific_stop,not_provided_by_api,,,,
20250801,00000083,대촌270,대촌270,22,00001719,동하,29,29140,2914012600,광주광역시,서구,세하동,B,,,tago_route_specific_stop,not_provided_by_api,,,,
20250801,00000083,대촌270,대촌270,23,00001720,서창동행정복지센터,29,29140,2914012600,광주광역시,서구,세하동,B,,,tago_route_specific_stop,not_provided_by_api,,,,
20250801,00000083,대촌270,대촌270,24,00001762,절골입구(서),29,29140,2914012600,광주광역시,서구,세하동,B,,,tago_route_specific_stop,not_provided_by_api,,,,
20250801,00000083,대촌270,대촌270,25,00001763,중촌,29,29140,2914012500,광주광역시,서구,서창동,B,,,tago_route_specific_stop,not_provided_by_api,,,,
20250801,00000083,대촌270,대촌270,26,00001764,서창치안센터,29,29140,2914012500,광주광역시,서구,서창동,B,,,tago_route_specific_stop,not_provided_by_api,,,,
20250801,00000083,대촌270,대촌270,27,00001765,용두입구,29,29140,2914012700,광주광역시,서구,용두동,B,,,tago_route_specific_stop,not_provided_by_api,,,,
20250801,00000083,대촌270,대촌270,28,00002227,봉학,29,29140,2914012700,광주광역시,서구,용두동,B,,,tago_route_specific_stop,not_provided_by_api,,,,
20250801,00000083,대촌270,대촌270,29,00002226,신용,29,29140,2914012700,광주광역시,서구,용두동,B,,,tago_route_specific_stop,not_provided_by_api,,,,
20250801,00000083,대촌270,대촌270,30,00003478,마현,29,29140,2914012700,광주광역시,서구,용두동,B,,,tago_route_specific_stop,not_provided_by_api,,,,
20250801,00000083,대촌270,대촌270,31,00002225,구룡(대촌),29,29140,2914012700,광주광역시,서구,용두동,B,,,tago_route_specific_stop,not_provided_by_api,,,,
20250801,00000083,대촌270,대촌270,32,00003294,석교삼거리,29,29140,2914012700,광주광역시,서구,용두동,B,,,tago_route_specific_stop,not_provided_by_api,,,,
20250801,00000083,대촌270,대촌270,53,00003293,석교삼거리,29,29140,2914012700,광주광역시,서구,용두동,B,,,tago_route_specific_stop,not_provided_by_api,,,,
20250801,00000083,대촌270,대촌270,54,00001797,구룡(대촌),29,29140,2914012700,광주광역시,서구,용두동,B,,,tago_route_specific_stop,not_provided_by_api,,,,
20250801,00000083,대촌270,대촌270,55,00003477,마현,29,29140,2914012700,광주광역시,서구,용두동,B,,,tago_route_specific_stop,not_provided_by_api,,,,
20250801,00000083,대촌270,대촌270,56,00001798,신용,29,29140,2914012700,광주광역시,서구,용두동,B,,,tago_route_specific_stop,not_provided_by_api,,,,
20250801,00000083,대촌270,대촌270,57,00001799,봉학,29,29140,2914012700,광주광역시,서구,용두동,B,,,tago_route_specific_stop,not_provided_by_api,,,,
20250801,00000083,대촌270,대촌270,58,00002193,용두입구,29,29140,2914012700,광주광역시,서구,용두동,B,,,tago_route_specific_stop,not_provided_by_api,,,,
20250801,00000083,대촌270,대촌270,59,00002192,서창치안센터,29,29140,2914012500,광주광역시,서구,서창동,B,,,tago_route_specific_stop,not_provided_by_api,,,,
20250801,00000083,대촌270,대촌270,60,00002191,중촌,29,29140,2914012500,광주광역시,서구,서창동,B,,,tago_route_specific_stop,not_provided_by_api,,,,
20250801,00000083,대촌270,대촌270,61,00002190,절골입구(서),29,29140,2914012500,광주광역시,서구,서창동,B,,,tago_route_specific_stop,not_provided_by_api,,,,
20250801,00000083,대촌270,대촌270,62,00002182,서창동행정복지센터,29,29140,2914012600,광주광역시,서구,세하동,B,,,tago_route_specific_stop,not_provided_by_api,,,,
20250801,00000083,대촌270,대촌270,63,00002181,동하,29,29140,2914012600,광주광역시,서구,세하동,B,,,tago_route_specific_stop,not_provided_by_api,,,,
20250801,00000083,대촌270,대촌270,64,00002180,마산(서창),29,29140,2914012900,광주광역시,서구,벽진동,B,,,tago_route_specific_stop,not_provided_by_api,,,,
20250801,00000083,대촌270,대촌270,65,00001802,서창농협벽진지점,29,29140,2914012900,광주광역시,서구,벽진동,B,,,tago_route_specific_stop,not_provided_by_api,,,,
20250801,00000083,대촌270,대촌270,66,00006737,서창사거리,29,29140,2914012900,광주광역시,서구,벽진동,B,,,tago_route_specific_stop,not_provided_by_api,,,,
20250801,00000083,대촌270,대촌270,67,00000775,서창입구,29,29140,2914012900,광주광역시,서구,벽진동,B,,,tago_route_specific_stop,not_provided_by_api,,,,
20250801,00000083,대촌270,대촌270,68,00001114,월암,29,29140,2914013100,광주광역시,서구,마륵동,B,,,tago_route_specific_stop,not_provided_by_api,,,,
20250801,00000083,대촌270,대촌270,69,00000440,김대중컨벤션센터(마륵)역,29,29140,2914013100,광주광역시,서구,마륵동,B,,,tago_route_specific_stop,not_provided_by_api,,,,
20250801,00000083,대촌270,대촌270,70,00001241,전남고입구,29,29140,2914013100,광주광역시,서구,마륵동,B,,,tago_route_specific_stop,not_provided_by_api,,,,
20250801,00000083,대촌270,대촌270,71,00000729,상무역,29,29140,2914013100,광주광역시,서구,마륵동,B,,,tago_route_specific_stop,not_provided_by_api,,,,
20250801,00000083,대촌270,대촌270,72,00000719,상무지구입구,29,29140,2914012000,광주광역시,서구,치평동,B,,,tago_route_specific_stop,not_provided_by_api,,,,
20250801,00000083,대촌270,대촌270,73,00001069,운천저수지,29,29140,2914011800,광주광역시,서구,쌍촌동,B,,,tago_route_specific_stop,not_provided_by_api,,,,
20250801,00000083,대촌270,대촌270,75,00001571,CBS방송국,29,29140,2914013000,광주광역시,서구,금호동,B,,,tago_route_specific_stop,not_provided_by_api,,,,
20250801,00000083,대촌270,대촌270,76,00000845,금호시영아파트,29,29140,2914013000,광주광역시,서구,금호동,B,,,tago_route_specific_stop,not_provided_by_api,,,,
20250801,00000083,대촌270,대촌270,77,00001443,금호한국아파트,29,29140,2914013000,광주광역시,서구,금호동,B,,,tago_route_specific_stop,not_provided_by_api,,,,
20250801,00000083,대촌270,대촌270,78,00000748,서구문화센터,29,29140,2914013000,광주광역시,서구,금호동,B,,,tago_route_specific_stop,not_provided_by_api,,,,
20250801,00000083,대촌270,대촌270,79,00000303,마재대주아파트,29,29140,2914013000,광주광역시,서구,금호동,B,,,tago_route_specific_stop,not_provided_by_api,,,,
20250801,00000083,대촌270,대촌270,80,00000634,마재부영아파트,29,29140,2914013000,광주광역시,서구,금호동,B,,,tago_route_specific_stop,not_provided_by_api,,,,
20250801,00000083,대촌270,대촌270,81,00002955,풍암사거리(동),29,29140,2914013000,광주광역시,서구,금호동,B,,,tago_route_specific_stop,not_provided_by_api,,,,
20250801,00000083,대촌270,대촌270,82,00001758,공구단지,29,29140,2914013200,광주광역시,서구,매월동,B,,,tago_route_specific_stop,not_provided_by_api,,,,
20250801,00000083,대촌270,대촌270,83,00001759,화훼단지,29,29140,2914013200,광주광역시,서구,매월동,B,,,tago_route_specific_stop,not_provided_by_api,,,,
20250801,00000083,대촌270,대촌270,84,00001760,대동고,29,29140,2914013200,광주광역시,서구,매월동,B,,,tago_route_specific_stop,not_provided_by_api,,,,
20250801,00000083,대촌270,대촌270,85,00002185,매월동(북),29,29140,2914013200,광주광역시,서구,매월동,B,,,tago_route_specific_stop,not_provided_by_api,,,,
20250801,00000086,518,518,50,00002873,현대자동차,29,29140,2914011500,광주광역시,서구,광천동,B,,,tago_route_specific_stop,not_provided_by_api,,,,
20250801,00000086,518,518,51,00000109,광주종합버스터미널,29,29140,2914011500,광주광역시,서구,광천동,B,,,tago_route_specific_stop,not_provided_by_api,,,,
20250801,00000086,518,518,52,00000184,기아차중문,29,29140,2914012100,광주광역시,서구,내방동,B,,,tago_route_specific_stop,not_provided_by_api,,,,
20250801,00000086,518,518,53,00000496,상무호반3차,29,29140,2914011800,광주광역시,서구,쌍촌동,B,,,tago_route_specific_stop,not_provided_by_api,,,,
20250801,00000086,518,518,54,00000485,모아제일아파트,29,29140,2914011800,광주광역시,서구,쌍촌동,B,,,tago_route_specific_stop,not_provided_by_api,,,,
20250801,00000086,518,518,55,00000012,5.18기념문화센터 [광주1호선],29,29140,2914011800,광주광역시,서구,쌍촌동,B,,,tago_route_specific_stop,not_provided_by_api,,,,
20250801,00000086,518,518,56,00000850,시청,29,29140,2914012000,광주광역시,서구,치평동,B,,,tago_route_specific_stop,not_provided_by_api,,,,
20250801,00000086,518,518,57,00002832,한국은행,29,29140,2914012000,광주광역시,서구,치평동,B,,,tago_route_specific_stop,not_provided_by_api,,,,
20250801,00000086,518,518,58,00002836,한국국토정보공사,29,29140,2914012000,광주광역시,서구,치평동,B,,,tago_route_specific_stop,not_provided_by_api,,,,
20250801,00000086,518,518,59,00002965,한국수자원공사,29,29140,2914012000,광주광역시,서구,치평동,B,,,tago_route_specific_stop,not_provided_by_api,,,,
20250801,00000086,518,518,60,00002877,농협운천지점,29,29140,2914012000,광주광역시,서구,치평동,B,,,tago_route_specific_stop,not_provided_by_api,,,,
20250801,00000086,518,518,61,00003414,상무라인대주,29,29140,2914012000,광주광역시,서구,치평동,B,,,tago_route_specific_stop,not_provided_by_api,,,,
20250801,00000086,518,518,62,00000188,5.18자유공원,29,29140,2914012000,광주광역시,서구,치평동,B,,,tago_route_specific_stop,not_provided_by_api,,,,
20250801,00000086,518,518,63,00006673,보훈회관(5.18민주화운동교육관),29,29140,2914012000,광주광역시,서구,치평동,B,,,tago_route_specific_stop,not_provided_by_api,,,,
20250801,00000086,518,518,64,00000841,상무시민공원,29,29140,2914012000,광주광역시,서구,치평동,B,,,tago_route_specific_stop,not_provided_by_api,,,,
20250801,00000086,518,518,66,00000722,상무지구,29,29140,2914012000,광주광역시,서구,치평동,B,,,tago_route_specific_stop,not_provided_by_api,,,,
20250801,00000086,518,518,67,00000840,상무시민공원,29,29140,2914012000,광주광역시,서구,치평동,B,,,tago_route_specific_stop,not_provided_by_api,,,,
20250801,00000086,518,518,68,00006674,보훈회관(5.18민주화운동교육관),29,29140,2914012000,광주광역시,서구,치평동,B,,,tago_route_specific_stop,not_provided_by_api,,,,
20250801,00000086,518,518,69,00000189,5.18자유공원,29,29140,2914012000,광주광역시,서구,치평동,B,,,tago_route_specific_stop,not_provided_by_api,,,,
20250801,00000086,518,518,70,00003413,상무라인대주,29,29140,2914012000,광주광역시,서구,치평동,B,,,tago_route_specific_stop,not_provided_by_api,,,,
20250801,00000086,518,518,74,00000852,시청,29,29140,2914012000,광주광역시,서구,치평동,B,,,tago_route_specific_stop,not_provided_by_api,,,,
20250801,00000086,518,518,75,00000011,5.18기념문화센터 [광주1호선],29,29140,2914011800,광주광역시,서구,쌍촌동,B,,,tago_route_specific_stop,not_provided_by_api,,,,
20250801,00000086,518,518,76,00000494,모아제일아파트,29,29140,2914011800,광주광역시,서구,쌍촌동,B,,,tago_route_specific_stop,not_provided_by_api,,,,
20250801,00000086,518,518,77,00001497,상무호반3차,29,29140,2914011800,광주광역시,서구,쌍촌동,B,,,tago_route_specific_stop,not_provided_by_api,,,,
20250801,00000086,518,518,78,00000058,광명하이츠후문,29,29140,2914011800,광주광역시,서구,쌍촌동,B,,,tago_route_specific_stop,not_provided_by_api,,,,
20250801,00000086,518,518,79,00000928,기아차중문,29,29140,2914012100,광주광역시,서구,내방동,B,,,tago_route_specific_stop,not_provided_by_api,,,,
20250801,00000086,518,518,80,00000110,광주종합버스터미널,29,29140,2914011500,광주광역시,서구,광천동,B,,,tago_route_specific_stop,not_provided_by_api,,,,
20250801,00000086,518,518,81,00002872,현대자동차,29,29140,2914011500,광주광역시,서구,광천동,B,,,tago_route_specific_stop,not_provided_by_api,,,,
20250801,00000087,1187,1187,1,00004040,덕흥동,29,29140,2914011700,광주광역시,서구,덕흥동,B,,,tago_route_specific_stop,not_provided_by_api,,,,
20250801,00000087,1187,1187,2,00004039,덕흥마을입구,29,29140,2914011700,광주광역시,서구,덕흥동,B,,,tago_route_specific_stop,not_provided_by_api,,,,
20250801,00000087,1187,1187,3,00002718,덕흥삼거리,29,29140,2914011700,광주광역시,서구,덕흥동,B,,,tago_route_specific_stop,not_provided_by_api,,,,
20250801,00000087,1187,1187,4,00003289,유덕2교차로,29,29140,2914011600,광주광역시,서구,유촌동,B,,,tago_route_specific_stop,not_provided_by_api,,,,
20250801,00000087,1187,1187,5,00003000,유덕동행정복지센터,29,29140,2914011600,광주광역시,서구,유촌동,B,,,tago_route_specific_stop,not_provided_by_api,,,,
20250801,00000087,1187,1187,6,00003002,유촌마을입구,29,29140,2914011600,광주광역시,서구,유촌동,B,,,tago_route_specific_stop,not_provided_by_api,,,,
20250801,00000087,1187,1187,7,00001126,극락초교,29,29140,2914011600,광주광역시,서구,유촌동,B,,,tago_route_specific_stop,not_provided_by_api,,,,
20250801,00000087,1187,1187,8,00000146,버들주공1단지,29,29140,2914011600,광주광역시,서구,유촌동,B,,,tago_route_specific_stop,not_provided_by_api,,,,
20250801,00000087,1187,1187,9,00001373,칠성마을,29,29140,2914011800,광주광역시,서구,쌍촌동,B,,,tago_route_specific_stop,not_provided_by_api,,,,
20250801,00000087,1187,1187,10,00001374,광천동,29,29140,2914011800,광주광역시,서구,쌍촌동,B,,,tago_route_specific_stop,not_provided_by_api,,,,
20250801,00000087,1187,1187,11,00000699,삼우아파트,29,29140,2914012100,광주광역시,서구,내방동,B,,,tago_route_specific_stop,not_provided_by_api,,,,
20250801,00000087,1187,1187,12,00001322,진성아파트,29,29140,2914012100,광주광역시,서구,내방동,B,,,tago_route_specific_stop,not_provided_by_api,,,,
20250801,00000087,1187,1187,13,00000806,광천E편한세상,29,29140,2914012100,광주광역시,서구,내방동,B,,,tago_route_specific_stop,not_provided_by_api,,,,
20250801,00000087,1187,1187,14,00000183,기아차정문,29,29140,2914012100,광주광역시,서구,내방동,B,,,tago_route_specific_stop,not_provided_by_api,,,,
20250801,00000087,1187,1187,15,00000110,광주종합버스터미널,29,29140,2914011500,광주광역시,서구,광천동,B,,,tago_route_specific_stop,not_provided_by_api,,,,
20250801,00000087,1187,1187,16,00000866,신세계백화점,29,29140,2914011900,광주광역시,서구,화정동,B,,,tago_route_specific_stop,not_provided_by_api,,,,
20250801,00000087,1187,1187,17,00001556,화정중흥파크,29,29140,2914011900,광주광역시,서구,화정동,B,,,tago_route_specific_stop,not_provided_by_api,,,,
20250801,00000087,1187,1187,18,00000244,농성파출소,29,29140,2914010600,광주광역시,서구,농성동,B,,,tago_route_specific_stop,not_provided_by_api,,,,
20250801,00000087,1187,1187,19,00000750,서구청,29,29140,2914010600,광주광역시,서구,농성동,B,,,tago_route_specific_stop,not_provided_by_api,,,,
20250801,00000087,1187,1187,21,00003232,담배인삼공사,29,29140,2914010600,광주광역시,서구,농성동,B,,,tago_route_specific_stop,not_provided_by_api,,,,
20250801,00000087,1187,1187,22,00000142,그린파크,29,29140,2914010400,광주광역시,서구,양동,B,,,tago_route_specific_stop,not_provided_by_api,,,,
20250801,00000087,1187,1187,79,00000242,그린파크,29,29140,2914010400,광주광역시,서구,양동,B,,,tago_route_specific_stop,not_provided_by_api,,,,
20250801,00000087,1187,1187,80,00003233,담배인삼공사,29,29140,2914010600,광주광역시,서구,농성동,B,,,tago_route_specific_stop,not_provided_by_api,,,,
20250801,00000087,1187,1187,82,00001557,화정중흥파크,29,29140,2914011900,광주광역시,서구,화정동,B,,,tago_route_specific_stop,not_provided_by_api,,,,
20250801,00000087,1187,1187,83,00000864,신세계백화점,29,29140,2914010600,광주광역시,서구,농성동,B,,,tago_route_specific_stop,not_provided_by_api,,,,
20250801,00000087,1187,1187,84,00000109,광주종합버스터미널,29,29140,2914011500,광주광역시,서구,광천동,B,,,tago_route_specific_stop,not_provided_by_api,,,,
20250801,00000087,1187,1187,85,00000182,기아차정문,29,29140,2914012100,광주광역시,서구,내방동,B,,,tago_route_specific_stop,not_provided_by_api,,,,
20250801,00000087,1187,1187,86,00000807,광천E편한세상,29,29140,2914012100,광주광역시,서구,내방동,B,,,tago_route_specific_stop,not_provided_by_api,,,,
20250801,00000087,1187,1187,87,00001323,진성아파트,29,29140,2914012100,광주광역시,서구,내방동,B,,,tago_route_specific_stop,not_provided_by_api,,,,
20250801,00000087,1187,1187,88,00000700,삼우아파트,29,29140,2914012100,광주광역시,서구,내방동,B,,,tago_route_specific_stop,not_provided_by_api,,,,
20250801,00000087,1187,1187,89,00001375,광천동,29,29140,2914011800,광주광역시,서구,쌍촌동,B,,,tago_route_specific_stop,not_provided_by_api,,,,
20250801,00000087,1187,1187,90,00001376,칠성마을,29,29140,2914011800,광주광역시,서구,쌍촌동,B,,,tago_route_specific_stop,not_provided_by_api,,,,
20250801,00000087,1187,1187,91,00000147,버들주공1단지,29,29140,2914011600,광주광역시,서구,유촌동,B,,,tago_route_specific_stop,not_provided_by_api,,,,
20250801,00000087,1187,1187,92,00001127,극락초교,29,29140,2914011600,광주광역시,서구,유촌동,B,,,tago_route_specific_stop,not_provided_by_api,,,,
20250801,00000087,1187,1187,93,00003001,유촌마을입구,29,29140,2914011600,광주광역시,서구,유촌동,B,,,tago_route_specific_stop,not_provided_by_api,,,,
20250801,00000087,1187,1187,94,00002999,유덕동행정복지센터,29,29140,2914011600,광주광역시,서구,유촌동,B,,,tago_route_specific_stop,not_provided_by_api,,,,
20250801,00000087,1187,1187,95,00003288,유덕2교차로,29,29140,2914011600,광주광역시,서구,유촌동,B,,,tago_route_specific_stop,not_provided_by_api,,,,
20250801,00000087,1187,1187,96,00004054,덕흥삼거리,29,29140,2914011700,광주광역시,서구,덕흥동,B,,,tago_route_specific_stop,not_provided_by_api,,,,
20250801,00000087,1187,1187,97,00004038,덕흥마을입구,29,29140,2914011700,광주광역시,서구,덕흥동,B,,,tago_route_specific_stop,not_provided_by_api,,,,
20250801,00000087,1187,1187,98,00004040,덕흥동,29,29140,2914011700,광주광역시,서구,덕흥동,B,,,tago_route_specific_stop,not_provided_by_api,,,,
20250801,00000088,금호36,금호36,28,00000936,양동시장역(북),29,29140,2914010400,광주광역시,서구,양동,B,,,tago_route_specific_stop,not_provided_by_api,,,,
20250801,00000088,금호36,금호36,30,00000750,서구청,29,29140,2914010600,광주광역시,서구,농성동,B,,,tago_route_specific_stop,not_provided_by_api,,,,
20250801,00000088,금호36,금호36,32,00001557,화정중흥파크,29,29140,2914011900,광주광역시,서구,화정동,B,,,tago_route_specific_stop,not_provided_by_api,,,,
20250801,00000088,금호36,금호36,33,00000864,신세계백화점,29,29140,2914010600,광주광역시,서구,농성동,B,,,tago_route_specific_stop,not_provided_by_api,,,,
20250801,00000088,금호36,금호36,34,00000109,광주종합버스터미널,29,29140,2914011500,광주광역시,서구,광천동,B,,,tago_route_specific_stop,not_provided_by_api,,,,
20250801,00000088,금호36,금호36,35,00000179,기아자동차,29,29140,2914012100,광주광역시,서구,내방동,B,,,tago_route_specific_stop,not_provided_by_api,,,,
20250801,00000088,금호36,금호36,36,00001470,해태아파트,29,29140,2914012100,광주광역시,서구,내방동,B,,,tago_route_specific_stop,not_provided_by_api,,,,
20250801,00000088,금호36,금호36,37,00001439,한국병원,29,29140,2914011800,광주광역시,서구,쌍촌동,B,,,tago_route_specific_stop,not_provided_by_api,,,,
20250801,00000088,금호36,금호36,38,00000721,상무1동행정복지센터,29,29140,2914011800,광주광역시,서구,쌍촌동,B,,,tago_route_specific_stop,not_provided_by_api,,,,
20250801,00000088,금호36,금호36,39,00000905,가톨릭대평생교육원,29,29140,2914011800,광주광역시,서구,쌍촌동,B,,,tago_route_specific_stop,not_provided_by_api,,,,
20250801,00000088,금호36,금호36,40,00000740,서광주우체국,29,29140,2914011900,광주광역시,서구,화정동,B,,,tago_route_specific_stop,not_provided_by_api,,,,
20250801,00000088,금호36,금호36,41,00001293,쌍촌시영아파트,29,29140,2914011800,광주광역시,서구,쌍촌동,B,,,tago_route_specific_stop,not_provided_by_api,,,,
20250801,00000088,금호36,금호36,42,00001561,광주학생독립운동기념관,29,29140,2914011800,광주광역시,서구,쌍촌동,B,,,tago_route_specific_stop,not_provided_by_api,,,,
20250801,00000088,금호36,금호36,45,00001571,CBS방송국,29,29140,2914013000,광주광역시,서구,금호동,B,,,tago_route_specific_stop,not_provided_by_api,,,,
20250801,00000088,금호36,금호36,46,00000845,금호시영아파트,29,29140,2914013000,광주광역시,서구,금호동,B,,,tago_route_specific_stop,not_provided_by_api,,,,
20250801,00000088,금호36,금호36,47,00001443,금호한국아파트,29,29140,2914013000,광주광역시,서구,금호동,B,,,tago_route_specific_stop,not_provided_by_api,,,,
20250801,00000088,금호36,금호36,48,00000771,서창농협,29,29140,2914013000,광주광역시,서구,금호동,B,,,tago_route_specific_stop,not_provided_by_api,,,,
20250801,00000088,금호36,금호36,49,00003544,만호초교,29,29140,2914013000,광주광역시,서구,금호동,B,,,tago_route_specific_stop,not_provided_by_api,,,,
20250801,00000088,금호36,금호36,50,00003541,만호마을,29,29140,2914013000,광주광역시,서구,금호동,B,,,tago_route_specific_stop,not_provided_by_api,,,,
20250801,00000088,금호36,금호36,51,00003597,무등교회,29,29140,2914013200,광주광역시,서구,매월동,B,,,tago_route_specific_stop,not_provided_by_api,,,,
20250801,00000088,금호36,금호36,56,00003596,무등교회,29,29140,2914013000,광주광역시,서구,금호동,B,,,tago_route_specific_stop,not_provided_by_api,,,,
20250801,00000088,금호36,금호36,57,00003542,만호마을,29,29140,2914013000,광주광역시,서구,금호동,B,,,tago_route_specific_stop,not_provided_by_api,,,,
20250801,00000088,금호36,금호36,58,00003543,만호초교,29,29140,2914013000,광주광역시,서구,금호동,B,,,tago_route_specific_stop,not_provided_by_api,,,,
20250801,00000088,금호36,금호36,59,00001442,금호한국아파트,29,29140,2914013000,광주광역시,서구,금호동,B,,,tago_route_specific_stop,not_provided_by_api,,,,
20250801,00000088,금호36,금호36,60,00000163,금호시영아파트,29,29140,2914013000,광주광역시,서구,금호동,B,,,tago_route_specific_stop,not_provided_by_api,,,,
20250801,00000088,금호36,금호36,61,00001572,CBS방송국,29,29140,2914013000,광주광역시,서구,금호동,B,,,tago_route_specific_stop,not_provided_by_api,,,,
20250801,00000088,금호36,금호36,62,00000732,상무중,29,29140,2914011800,광주광역시,서구,쌍촌동,B,,,tago_route_specific_stop,not_provided_by_api,,,,
20250801,00000088,금호36,금호36,63,00000571,광주학생독립운동기념관,29,29140,2914011800,광주광역시,서구,쌍촌동,B,,,tago_route_specific_stop,not_provided_by_api,,,,
20250801,00000088,금호36,금호36,64,00001295,쌍촌시영아파트,29,29140,2914011800,광주광역시,서구,쌍촌동,B,,,tago_route_specific_stop,not_provided_by_api,,,,
20250801,00000088,금호36,금호36,65,00000741,서광주우체국,29,29140,2914011900,광주광역시,서구,화정동,B,,,tago_route_specific_stop,not_provided_by_api,,,,
20250801,00000088,금호36,금호36,66,00000906,가톨릭대평생교육원,29,29140,2914011800,광주광역시,서구,쌍촌동,B,,,tago_route_specific_stop,not_provided_by_api,,,,
20250801,00000088,금호36,금호36,67,00000720,상무1동행정복지센터,29,29140,2914012100,광주광역시,서구,내방동,B,,,tago_route_specific_stop,not_provided_by_api,,,,
20250801,00000088,금호36,금호36,68,00001438,한국병원,29,29140,2914011800,광주광역시,서구,쌍촌동,B,,,tago_route_specific_stop,not_provided_by_api,,,,
20250801,00000088,금호36,금호36,70,00001469,해태아파트,29,29140,2914012100,광주광역시,서구,내방동,B,,,tago_route_specific_stop,not_provided_by_api,,,,
20250801,00000088,금호36,금호36,71,00000180,기아자동차,29,29140,2914012100,광주광역시,서구,내방동,B,,,tago_route_specific_stop,not_provided_by_api,,,,
20250801,00000088,금호36,금호36,72,00000110,광주종합버스터미널,29,29140,2914011500,광주광역시,서구,광천동,B,,,tago_route_specific_stop,not_provided_by_api,,,,
20250801,00000088,금호36,금호36,73,00000866,신세계백화점,29,29140,2914011900,광주광역시,서구,화정동,B,,,tago_route_specific_stop,not_provided_by_api,,,,
20250801,00000088,금호36,금호36,74,00001556,화정중흥파크,29,29140,2914011900,광주광역시,서구,화정동,B,,,tago_route_specific_stop,not_provided_by_api,,,,
20250801,00000088,금호36,금호36,75,00000751,서구청,29,29140,2914010600,광주광역시,서구,농성동,B,,,tago_route_specific_stop,not_provided_by_api,,,,
20250801,00000088,금호36,금호36,78,00000935,양동시장역(북),29,29140,2914010400,광주광역시,서구,양동,B,,,tago_route_specific_stop,not_provided_by_api,,,,
20250801,00000090,문흥39,문흥39,22,00000937,양동시장역(남),29,29140,2914010400,광주광역시,서구,양동,B,,,tago_route_specific_stop,not_provided_by_api,,,,
20250801,00000090,문흥39,문흥39,23,00000344,돌고개역(동),29,29140,2914010600,광주광역시,서구,농성동,B,,,tago_route_specific_stop,not_provided_by_api,,,,
20250801,00000090,문흥39,문흥39,25,00000750,서구청,29,29140,2914010600,광주광역시,서구,농성동,B,,,tago_route_specific_stop,not_provided_by_api,,,,
20250801,00000090,문흥39,문흥39,27,00001557,화정중흥파크,29,29140,2914011900,광주광역시,서구,화정동,B,,,tago_route_specific_stop,not_provided_by_api,,,,
20250801,00000090,문흥39,문흥39,28,00000864,신세계백화점,29,29140,2914010600,광주광역시,서구,농성동,B,,,tago_route_specific_stop,not_provided_by_api,,,,
20250801,00000090,문흥39,문흥39,29,00000109,광주종합버스터미널,29,29140,2914011500,광주광역시,서구,광천동,B,,,tago_route_specific_stop,not_provided_by_api,,,,
20250801,00000090,문흥39,문흥39,30,00000184,기아차중문,29,29140,2914012100,광주광역시,서구,내방동,B,,,tago_route_specific_stop,not_provided_by_api,,,,
20250801,00000090,문흥39,문흥39,31,00000057,광명하이츠후문,29,29140,2914012100,광주광역시,서구,내방동,B,,,tago_route_specific_stop,not_provided_by_api,,,,
20250801,00000090,문흥39,문흥39,32,00001121,유덕초교,29,29140,2914011800,광주광역시,서구,쌍촌동,B,,,tago_route_specific_stop,not_provided_by_api,,,,
20250801,00000090,문흥39,문흥39,33,00003604,칠성마을사거리,29,29140,2914011800,광주광역시,서구,쌍촌동,B,,,tago_route_specific_stop,not_provided_by_api,,,,
20250801,00000090,문흥39,문흥39,34,00002996,동천동행정복지센터,29,29140,2914013300,광주광역시,서구,동천동,B,,,tago_route_specific_stop,not_provided_by_api,,,,
20250801,00000090,문흥39,문흥39,76,00000067,광신대교,29,29140,2914013300,광주광역시,서구,동천동,B,,,tago_route_specific_stop,not_provided_by_api,,,,
20250801,00000090,문흥39,문흥39,77,00002893,동림I.C입구,29,29140,2914013300,광주광역시,서구,동천동,B,,,tago_route_specific_stop,not_provided_by_api,,,,
20250801,00000090,문흥39,문흥39,78,00002894,동천마을1단지,29,29140,2914013300,광주광역시,서구,동천동,B,,,tago_route_specific_stop,not_provided_by_api,,,,
20250801,00000090,문흥39,문흥39,79,00001272,동천마을3단지,29,29140,2914013300,광주광역시,서구,동천동,B,,,tago_route_specific_stop,not_provided_by_api,,,,
20250801,00000090,문흥39,문흥39,80,00002997,동천동행정복지센터,29,29140,2914013300,광주광역시,서구,동천동,B,,,tago_route_specific_stop,not_provided_by_api,,,,
20250801,00000090,문흥39,문흥39,81,00003605,칠성마을사거리,29,29140,2914011800,광주광역시,서구,쌍촌동,B,,,tago_route_specific_stop,not_provided_by_api,,,,
20250801,00000090,문흥39,문흥39,82,00000573,유덕초교,29,29140,2914011600,광주광역시,서구,유촌동,B,,,tago_route_specific_stop,not_provided_by_api,,,,
20250801,00000090,문흥39,문흥39,83,00000058,광명하이츠후문,29,29140,2914011800,광주광역시,서구,쌍촌동,B,,,tago_route_specific_stop,not_provided_by_api,,,,
20250801,00000090,문흥39,문흥39,84,00000928,기아차중문,29,29140,2914012100,광주광역시,서구,내방동,B,,,tago_route_specific_stop,not_provided_by_api,,,,
20250801,00000090,문흥39,문흥39,85,00000110,광주종합버스터미널,29,29140,2914011500,광주광역시,서구,광천동,B,,,tago_route_specific_stop,not_provided_by_api,,,,
20250801,00000090,문흥39,문흥39,86,00000866,신세계백화점,29,29140,2914011900,광주광역시,서구,화정동,B,,,tago_route_specific_stop,not_provided_by_api,,,,
20250801,00000090,문흥39,문흥39,87,00001556,화정중흥파크,29,29140,2914011900,광주광역시,서구,화정동,B,,,tago_route_specific_stop,not_provided_by_api,,,,
20250801,00000090,문흥39,문흥39,88,00000751,서구청,29,29140,2914010600,광주광역시,서구,농성동,B,,,tago_route_specific_stop,not_provided_by_api,,,,
20250801,00000090,문흥39,문흥39,91,00000934,양동시장역(남),29,29140,2914010400,광주광역시,서구,양동,B,,,tago_route_specific_stop,not_provided_by_api,,,,
20250801,00000091,송암74,송암74,4,00001755,동명회.송원고,29,29140,2914012800,광주광역시,서구,풍암동,B,,,tago_route_specific_stop,not_provided_by_api,,,,
20250801,00000091,송암74,송암74,5,00001756,운리마을,29,29140,2914012800,광주광역시,서구,풍암동,B,,,tago_route_specific_stop,not_provided_by_api,,,,
20250801,00000091,송암74,송암74,6,00003679,풍암SK뷰,29,29140,2914012800,광주광역시,서구,풍암동,B,,,tago_route_specific_stop,not_provided_by_api,,,,
20250801,00000091,송암74,송암74,7,00003694,풍암동부센트레빌,29,29140,2914012800,광주광역시,서구,풍암동,B,,,tago_route_specific_stop,not_provided_by_api,,,,
20250801,00000091,송암74,송암74,8,00003693,운리초교입구,29,29140,2914012800,광주광역시,서구,풍암동,B,,,tago_route_specific_stop,not_provided_by_api,,,,
20250801,00000091,송암74,송암74,9,00000635,마재부영아파트,29,29140,2914013000,광주광역시,서구,금호동,B,,,tago_route_specific_stop,not_provided_by_api,,,,
20250801,00000091,송암74,송암74,10,00000309,마재대주아파트,29,29140,2914013000,광주광역시,서구,금호동,B,,,tago_route_specific_stop,not_provided_by_api,,,,
20250801,00000091,송암74,송암74,11,00000746,서구문화센터,29,29140,2914013000,광주광역시,서구,금호동,B,,,tago_route_specific_stop,not_provided_by_api,,,,
20250801,00000091,송암74,송암74,12,00000747,금호도개공아파트,29,29140,2914013000,광주광역시,서구,금호동,B,,,tago_route_specific_stop,not_provided_by_api,,,,
20250801,00000091,송암74,송암74,13,00001267,금호모아아파트,29,29140,2914013000,광주광역시,서구,금호동,B,,,tago_route_specific_stop,not_provided_by_api,,,,
20250801,00000091,송암74,송암74,14,00001094,월드컵경기장,29,29140,2914012800,광주광역시,서구,풍암동,B,,,tago_route_specific_stop,not_provided_by_api,,,,
20250801,00000091,송암74,송암74,15,00001243,염주체육관,29,29140,2914011900,광주광역시,서구,화정동,B,,,tago_route_specific_stop,not_provided_by_api,,,,
20250801,00000091,송암74,송암74,16,00000426,럭키아파트,29,29140,2914011900,광주광역시,서구,화정동,B,,,tago_route_specific_stop,not_provided_by_api,,,,
20250801,00000091,송암74,송암74,17,00001544,화정남초교,29,29140,2914011900,광주광역시,서구,화정동,B,,,tago_route_specific_stop,not_provided_by_api,,,,
20250801,00000091,송암74,송암74,18,00000966,염주사거리(동),29,29140,2914011900,광주광역시,서구,화정동,B,,,tago_route_specific_stop,not_provided_by_api,,,,
20250801,00000091,송암74,송암74,19,00000965,염주맨션,29,29140,2914011900,광주광역시,서구,화정동,B,,,tago_route_specific_stop,not_provided_by_api,,,,
20250801,00000091,송암74,송암74,20,00001554,화정중,29,29140,2914011900,광주광역시,서구,화정동,B,,,tago_route_specific_stop,not_provided_by_api,,,,
20250801,00000091,송암74,송암74,21,00001552,유니버시아드힐스테이트,29,29140,2914011900,광주광역시,서구,화정동,B,,,tago_route_specific_stop,not_provided_by_api,,,,
20250801,00000091,송암74,송암74,22,00000244,농성파출소,29,29140,2914010600,광주광역시,서구,농성동,B,,,tago_route_specific_stop,not_provided_by_api,,,,
20250801,00000091,송암74,송암74,80,00000245,농성파출소,29,29140,2914010600,광주광역시,서구,농성동,B,,,tago_route_specific_stop,not_provided_by_api,,,,
20250801,00000091,송암74,송암74,81,00001551,유니버시아드힐스테이트,29,29140,2914011900,광주광역시,서구,화정동,B,,,tago_route_specific_stop,not_provided_by_api,,,,
20250801,00000091,송암74,송암74,82,00001553,화정중,29,29140,2914011900,광주광역시,서구,화정동,B,,,tago_route_specific_stop,not_provided_by_api,,,,
20250801,00000091,송암74,송암74,83,00000054,염주맨션,29,29140,2914011900,광주광역시,서구,화정동,B,,,tago_route_specific_stop,not_provided_by_api,,,,
20250801,00000091,송암74,송암74,84,00000967,염주사거리(동),29,29140,2914011900,광주광역시,서구,화정동,B,,,tago_route_specific_stop,not_provided_by_api,,,,
20250801,00000091,송암74,송암74,85,00001543,화정남초교,29,29140,2914011900,광주광역시,서구,화정동,B,,,tago_route_specific_stop,not_provided_by_api,,,,
20250801,00000091,송암74,송암74,86,00000425,럭키아파트,29,29140,2914011900,광주광역시,서구,화정동,B,,,tago_route_specific_stop,not_provided_by_api,,,,
20250801,00000091,송암74,송암74,87,00001242,염주체육관,29,29140,2914011900,광주광역시,서구,화정동,B,,,tago_route_specific_stop,not_provided_by_api,,,,
20250801,00000091,송암74,송암74,88,00001095,월드컵경기장,29,29140,2914012800,광주광역시,서구,풍암동,B,,,tago_route_specific_stop,not_provided_by_api,,,,
20250801,00000091,송암74,송암74,89,00001266,금호모아아파트,29,29140,2914013000,광주광역시,서구,금호동,B,,,tago_route_specific_stop,not_provided_by_api,,,,
20250801,00000091,송암74,송암74,90,00000749,금호도개공아파트,29,29140,2914013000,광주광역시,서구,금호동,B,,,tago_route_specific_stop,not_provided_by_api,,,,
20250801,00000091,송암74,송암74,91,00000748,서구문화센터,29,29140,2914013000,광주광역시,서구,금호동,B,,,tago_route_specific_stop,not_provided_by_api,,,,
20250801,00000091,송암74,송암74,92,00000303,마재대주아파트,29,29140,2914013000,광주광역시,서구,금호동,B,,,tago_route_specific_stop,not_provided_by_api,,,,
20250801,00000091,송암74,송암74,93,00000634,마재부영아파트,29,29140,2914013000,광주광역시,서구,금호동,B,,,tago_route_specific_stop,not_provided_by_api,,,,
20250801,00000091,송암74,송암74,94,00003692,운리초교입구,29,29140,2914012800,광주광역시,서구,풍암동,B,,,tago_route_specific_stop,not_provided_by_api,,,,
20250801,00000091,송암74,송암74,95,00003678,풍암동부센트레빌,29,29140,2914012800,광주광역시,서구,풍암동,B,,,tago_route_specific_stop,not_provided_by_api,,,,
20250801,00000091,송암74,송암74,96,00004013,풍암SK뷰,29,29140,2914012800,광주광역시,서구,풍암동,B,,,tago_route_specific_stop,not_provided_by_api,,,,
20250801,00000091,송암74,송암74,99,00001734,운리마을,29,29140,2914012800,광주광역시,서구,풍암동,B,,,tago_route_specific_stop,not_provided_by_api,,,,
20250801,00000091,송암74,송암74,100,00001735,동명회.송원고,29,29140,2914012800,광주광역시,서구,풍암동,B,,,tago_route_specific_stop,not_provided_by_api,,,,
20250801,00000095,금호46,금호46,29,00000030,계수,29,29140,2914011800,광주광역시,서구,쌍촌동,B,,,tago_route_specific_stop,not_provided_by_api,,,,
20250801,00000095,금호46,금호46,30,00000495,버들마을,29,29140,2914011800,광주광역시,서구,쌍촌동,B,,,tago_route_specific_stop,not_provided_by_api,,,,
20250801,00000095,금호46,금호46,31,00000496,상무호반3차,29,29140,2914011800,광주광역시,서구,쌍촌동,B,,,tago_route_specific_stop,not_provided_by_api,,,,
20250801,00000095,금호46,금호46,32,00000485,모아제일아파트,29,29140,2914011800,광주광역시,서구,쌍촌동,B,,,tago_route_specific_stop,not_provided_by_api,,,,
20250801,00000095,금호46,금호46,33,00000012,5.18기념문화센터 [광주1호선],29,29140,2914011800,광주광역시,서구,쌍촌동,B,,,tago_route_specific_stop,not_provided_by_api,,,,
20250801,00000095,금호46,금호46,34,00000850,시청,29,29140,2914012000,광주광역시,서구,치평동,B,,,tago_route_specific_stop,not_provided_by_api,,,,
20250801,00000095,금호46,금호46,35,00002832,한국은행,29,29140,2914012000,광주광역시,서구,치평동,B,,,tago_route_specific_stop,not_provided_by_api,,,,
20250801,00000095,금호46,금호46,36,00002836,한국국토정보공사,29,29140,2914012000,광주광역시,서구,치평동,B,,,tago_route_specific_stop,not_provided_by_api,,,,
20250801,00000095,금호46,금호46,37,00002965,한국수자원공사,29,29140,2914012000,광주광역시,서구,치평동,B,,,tago_route_specific_stop,not_provided_by_api,,,,
20250801,00000095,금호46,금호46,38,00002877,농협운천지점,29,29140,2914012000,광주광역시,서구,치평동,B,,,tago_route_specific_stop,not_provided_by_api,,,,
20250801,00000095,금호46,금호46,39,00000719,상무지구입구,29,29140,2914012000,광주광역시,서구,치평동,B,,,tago_route_specific_stop,not_provided_by_api,,,,
20250801,00000095,금호46,금호46,40,00001069,운천저수지,29,29140,2914011800,광주광역시,서구,쌍촌동,B,,,tago_route_specific_stop,not_provided_by_api,,,,
20250801,00000095,금호46,금호46,42,00001571,CBS방송국,29,29140,2914013000,광주광역시,서구,금호동,B,,,tago_route_specific_stop,not_provided_by_api,,,,
20250801,00000095,금호46,금호46,43,00000845,금호시영아파트,29,29140,2914013000,광주광역시,서구,금호동,B,,,tago_route_specific_stop,not_provided_by_api,,,,
20250801,00000095,금호46,금호46,44,00001443,금호한국아파트,29,29140,2914013000,광주광역시,서구,금호동,B,,,tago_route_specific_stop,not_provided_by_api,,,,
20250801,00000095,금호46,금호46,45,00000771,서창농협,29,29140,2914013000,광주광역시,서구,금호동,B,,,tago_route_specific_stop,not_provided_by_api,,,,
20250801,00000095,금호46,금호46,46,00003544,만호초교,29,29140,2914013000,광주광역시,서구,금호동,B,,,tago_route_specific_stop,not_provided_by_api,,,,
20250801,00000095,금호46,금호46,47,00003541,만호마을,29,29140,2914013000,광주광역시,서구,금호동,B,,,tago_route_specific_stop,not_provided_by_api,,,,
20250801,00000095,금호46,금호46,48,00003597,무등교회,29,29140,2914013200,광주광역시,서구,매월동,B,,,tago_route_specific_stop,not_provided_by_api,,,,
20250801,00000095,금호46,금호46,52,00003596,무등교회,29,29140,2914013000,광주광역시,서구,금호동,B,,,tago_route_specific_stop,not_provided_by_api,,,,
20250801,00000095,금호46,금호46,53,00003542,만호마을,29,29140,2914013000,광주광역시,서구,금호동,B,,,tago_route_specific_stop,not_provided_by_api,,,,
20250801,00000095,금호46,금호46,54,00003543,만호초교,29,29140,2914013000,광주광역시,서구,금호동,B,,,tago_route_specific_stop,not_provided_by_api,,,,
20250801,00000095,금호46,금호46,55,00001442,금호한국아파트,29,29140,2914013000,광주광역시,서구,금호동,B,,,tago_route_specific_stop,not_provided_by_api,,,,
20250801,00000095,금호46,금호46,56,00000163,금호시영아파트,29,29140,2914013000,광주광역시,서구,금호동,B,,,tago_route_specific_stop,not_provided_by_api,,,,
20250801,00000095,금호46,금호46,57,00001572,CBS방송국,29,29140,2914013000,광주광역시,서구,금호동,B,,,tago_route_specific_stop,not_provided_by_api,,,,
20250801,00000095,금호46,금호46,58,00000731,상무중,29,29140,2914011800,광주광역시,서구,쌍촌동,B,,,tago_route_specific_stop,not_provided_by_api,,,,
20250801,00000095,금호46,금호46,59,00001068,운천저수지,29,29140,2914011800,광주광역시,서구,쌍촌동,B,,,tago_route_specific_stop,not_provided_by_api,,,,
20250801,00000095,금호46,금호46,60,00000125,상무지구입구,29,29140,2914012000,광주광역시,서구,치평동,B,,,tago_route_specific_stop,not_provided_by_api,,,,
20250801,00000095,금호46,금호46,61,00002876,농협운천지점,29,29140,2914012000,광주광역시,서구,치평동,B,,,tago_route_specific_stop,not_provided_by_api,,,,
20250801,00000095,금호46,금호46,62,00002966,한국수자원공사,29,29140,2914012000,광주광역시,서구,치평동,B,,,tago_route_specific_stop,not_provided_by_api,,,,
20250801,00000095,금호46,금호46,63,00002835,한국국토정보공사,29,29140,2914012000,광주광역시,서구,치평동,B,,,tago_route_specific_stop,not_provided_by_api,,,,
20250801,00000095,금호46,금호46,64,00002831,한국은행,29,29140,2914012000,광주광역시,서구,치평동,B,,,tago_route_specific_stop,not_provided_by_api,,,,
20250801,00000095,금호46,금호46,65,00000852,시청,29,29140,2914012000,광주광역시,서구,치평동,B,,,tago_route_specific_stop,not_provided_by_api,,,,
20250801,00000095,금호46,금호46,66,00000011,5.18기념문화센터 [광주1호선],29,29140,2914011800,광주광역시,서구,쌍촌동,B,,,tago_route_specific_stop,not_provided_by_api,,,,
20250801,00000095,금호46,금호46,67,00000494,모아제일아파트,29,29140,2914011800,광주광역시,서구,쌍촌동,B,,,tago_route_specific_stop,not_provided_by_api,,,,
20250801,00000095,금호46,금호46,68,00001497,상무호반3차,29,29140,2914011800,광주광역시,서구,쌍촌동,B,,,tago_route_specific_stop,not_provided_by_api,,,,
20250801,00000095,금호46,금호46,69,00000574,버들마을,29,29140,2914011600,광주광역시,서구,유촌동,B,,,tago_route_specific_stop,not_provided_by_api,,,,
20250801,00000095,금호46,금호46,70,00000029,계수,29,29140,2914011600,광주광역시,서구,유촌동,B,,,tago_route_specific_stop,not_provided_by_api,,,,
20250801,00000098,수완49,수완49,67,00000067,광신대교,29,29140,2914013300,광주광역시,서구,동천동,B,,,tago_route_specific_stop,not_provided_by_api,,,,
20250801,00000098,수완49,수완49,68,00002893,동림I.C입구,29,29140,2914013300,광주광역시,서구,동천동,B,,,tago_route_specific_stop,not_provided_by_api,,,,
20250801,00000098,수완49,수완49,69,00002894,동천마을1단지,29,29140,2914013300,광주광역시,서구,동천동,B,,,tago_route_specific_stop,not_provided_by_api,,,,
20250801,00000098,수완49,수완49,70,00001272,동천마을3단지,29,29140,2914013300,광주광역시,서구,동천동,B,,,tago_route_specific_stop,not_provided_by_api,,,,
20250801,00000098,수완49,수완49,71,00000375,동천우미린아파트,29,29140,2914013300,광주광역시,서구,동천동,B,,,tago_route_specific_stop,not_provided_by_api,,,,
20250801,00000100,진월75,진월75,25,00001075,원광대한방병원,29,29140,2914012800,광주광역시,서구,풍암동,B,,,tago_route_specific_stop,not_provided_by_api,,,,
20250801,00000100,진월75,진월75,26,00001016,풍암우미아파트,29,29140,2914012800,광주광역시,서구,풍암동,B,,,tago_route_specific_stop,not_provided_by_api,,,,
20250801,00000100,진월75,진월75,27,00000161,풍암금호아파트,29,29140,2914012800,광주광역시,서구,풍암동,B,,,tago_route_specific_stop,not_provided_by_api,,,,
20250801,00000100,진월75,진월75,28,00000879,신암마을,29,29140,2914012800,광주광역시,서구,풍암동,B,,,tago_route_specific_stop,not_provided_by_api,,,,
20250801,00000100,진월75,진월75,29,00001447,풍암한국아파트,29,29140,2914012800,광주광역시,서구,풍암동,B,,,tago_route_specific_stop,not_provided_by_api,,,,
20250801,00000100,진월75,진월75,30,00000737,풍암한신아파트,29,29140,2914012800,광주광역시,서구,풍암동,B,,,tago_route_specific_stop,not_provided_by_api,,,,
20250801,00000100,진월75,진월75,31,00000304,풍암모아아파트,29,29140,2914012800,광주광역시,서구,풍암동,B,,,tago_route_specific_stop,not_provided_by_api,,,,
20250801,00000100,진월75,진월75,32,00001416,풍암저수지,29,29140,2914012800,광주광역시,서구,풍암동,B,,,tago_route_specific_stop,not_provided_by_api,,,,
20250801,00000100,진월75,진월75,33,00001414,마재우체국,29,29140,2914012800,광주광역시,서구,풍암동,B,,,tago_route_specific_stop,not_provided_by_api,,,,
20250801,00000100,진월75,진월75,34,00000635,마재부영아파트,29,29140,2914013000,광주광역시,서구,금호동,B,,,tago_route_specific_stop,not_provided_by_api,,,,
20250801,00000100,진월75,진월75,35,00000309,마재대주아파트,29,29140,2914013000,광주광역시,서구,금호동,B,,,tago_route_specific_stop,not_provided_by_api,,,,
20250801,00000100,진월75,진월75,36,00000771,서창농협,29,29140,2914013000,광주광역시,서구,금호동,B,,,tago_route_specific_stop,not_provided_by_api,,,,
20250801,00000100,진월75,진월75,37,00003544,만호초교,29,29140,2914013000,광주광역시,서구,금호동,B,,,tago_route_specific_stop,not_provided_by_api,,,,
20250801,00000100,진월75,진월75,38,00003541,만호마을,29,29140,2914013000,광주광역시,서구,금호동,B,,,tago_route_specific_stop,not_provided_by_api,,,,
20250801,00000100,진월75,진월75,39,00003597,무등교회,29,29140,2914013200,광주광역시,서구,매월동,B,,,tago_route_specific_stop,not_provided_by_api,,,,
20250801,00000100,진월75,진월75,40,00006705,다사랑병원,29,29140,2914012900,광주광역시,서구,벽진동,B,,,tago_route_specific_stop,not_provided_by_api,,,,
20250801,00000100,진월75,진월75,41,00001802,서창농협벽진지점,29,29140,2914012900,광주광역시,서구,벽진동,B,,,tago_route_specific_stop,not_provided_by_api,,,,
20250801,00000100,진월75,진월75,42,00006737,서창사거리,29,29140,2914012900,광주광역시,서구,벽진동,B,,,tago_route_specific_stop,not_provided_by_api,,,,
20250801,00000100,진월75,진월75,65,00001716,서창사거리,29,29140,2914012900,광주광역시,서구,벽진동,B,,,tago_route_specific_stop,not_provided_by_api,,,,
20250801,00000100,진월75,진월75,66,00001717,서창농협벽진지점,29,29140,2914012900,광주광역시,서구,벽진동,B,,,tago_route_specific_stop,not_provided_by_api,,,,
20250801,00000100,진월75,진월75,67,00006704,다사랑병원,29,29140,2914012900,광주광역시,서구,벽진동,B,,,tago_route_specific_stop,not_provided_by_api,,,,
20250801,00000100,진월75,진월75,70,00003596,무등교회,29,29140,2914013000,광주광역시,서구,금호동,B,,,tago_route_specific_stop,not_provided_by_api,,,,
20250801,00000100,진월75,진월75,71,00003542,만호마을,29,29140,2914013000,광주광역시,서구,금호동,B,,,tago_route_specific_stop,not_provided_by_api,,,,
20250801,00000100,진월75,진월75,72,00003543,만호초교,29,29140,2914013000,광주광역시,서구,금호동,B,,,tago_route_specific_stop,not_provided_by_api,,,,
20250801,00000100,진월75,진월75,73,00000772,서창농협,29,29140,2914013000,광주광역시,서구,금호동,B,,,tago_route_specific_stop,not_provided_by_api,,,,
20250801,00000100,진월75,진월75,74,00000748,서구문화센터,29,29140,2914013000,광주광역시,서구,금호동,B,,,tago_route_specific_stop,not_provided_by_api,,,,
20250801,00000100,진월75,진월75,75,00000303,마재대주아파트,29,29140,2914013000,광주광역시,서구,금호동,B,,,tago_route_specific_stop,not_provided_by_api,,,,
20250801,00000100,진월75,진월75,76,00000634,마재부영아파트,29,29140,2914013000,광주광역시,서구,금호동,B,,,tago_route_specific_stop,not_provided_by_api,,,,
20250801,00000100,진월75,진월75,77,00001413,마재우체국,29,29140,2914012800,광주광역시,서구,풍암동,B,,,tago_route_specific_stop,not_provided_by_api,,,,
20250801,00000100,진월75,진월75,78,00001417,풍암저수지,29,29140,2914012800,광주광역시,서구,풍암동,B,,,tago_route_specific_stop,not_provided_by_api,,,,
20250801,00000100,진월75,진월75,79,00001294,풍암모아아파트,29,29140,2914012800,광주광역시,서구,풍암동,B,,,tago_route_specific_stop,not_provided_by_api,,,,
20250801,00000100,진월75,진월75,80,00000736,풍암한신아파트,29,29140,2914012800,광주광역시,서구,풍암동,B,,,tago_route_specific_stop,not_provided_by_api,,,,
20250801,00000100,진월75,진월75,81,00001444,풍암한국아파트,29,29140,2914012800,광주광역시,서구,풍암동,B,,,tago_route_specific_stop,not_provided_by_api,,,,
20250801,00000100,진월75,진월75,82,00000880,신암마을,29,29140,2914012800,광주광역시,서구,풍암동,B,,,tago_route_specific_stop,not_provided_by_api,,,,
20250801,00000100,진월75,진월75,83,00000160,풍암금호아파트,29,29140,2914012800,광주광역시,서구,풍암동,B,,,tago_route_specific_stop,not_provided_by_api,,,,
20250801,00000100,진월75,진월75,84,00001024,풍암우미아파트,29,29140,2914012800,광주광역시,서구,풍암동,B,,,tago_route_specific_stop,not_provided_by_api,,,,
20250801,00000100,진월75,진월75,85,00001073,원광대한방병원,29,29140,2914012800,광주광역시,서구,풍암동,B,,,tago_route_specific_stop,not_provided_by_api,,,,
20250801,00000101,송암31,송암31,17,00001265,주월초교,29,29140,2914011900,광주광역시,서구,화정동,B,,,tago_route_specific_stop,not_provided_by_api,,,,
20250801,00000101,송암31,송암31,18,00001554,화정중,29,29140,2914011900,광주광역시,서구,화정동,B,,,tago_route_specific_stop,not_provided_by_api,,,,
20250801,00000101,송암31,송암31,19,00000053,광주광역시교육청(광덕고),29,29140,2914011900,광주광역시,서구,화정동,B,,,tago_route_specific_stop,not_provided_by_api,,,,
20250801,00000101,송암31,송암31,20,00001550,화정사거리,29,29140,2914011900,광주광역시,서구,화정동,B,,,tago_route_specific_stop,not_provided_by_api,,,,
20250801,00000101,송암31,송암31,21,00001487,화정현대아파트,29,29140,2914011900,광주광역시,서구,화정동,B,,,tago_route_specific_stop,not_provided_by_api,,,,
20250801,00000101,송암31,송암31,22,00000180,기아자동차,29,29140,2914012100,광주광역시,서구,내방동,B,,,tago_route_specific_stop,not_provided_by_api,,,,
20250801,00000101,송암31,송암31,23,00000110,광주종합버스터미널,29,29140,2914011500,광주광역시,서구,광천동,B,,,tago_route_specific_stop,not_provided_by_api,,,,
20250801,00000101,송암31,송암31,24,00002872,현대자동차,29,29140,2914011500,광주광역시,서구,광천동,B,,,tago_route_specific_stop,not_provided_by_api,,,,
20250801,00000101,송암31,송암31,25,00000108,광천초교,29,29140,2914010600,광주광역시,서구,농성동,B,,,tago_route_specific_stop,not_provided_by_api,,,,
20250801,00000101,송암31,송암31,26,00001301,농성1동행정복지센터,29,29140,2914010600,광주광역시,서구,농성동,B,,,tago_route_specific_stop,not_provided_by_api,,,,
20250801,00000101,송암31,송암31,27,00000764,서광주전화국,29,29140,2914010600,광주광역시,서구,농성동,B,,,tago_route_specific_stop,not_provided_by_api,,,,
20250801,00000101,송암31,송암31,29,00000935,양동시장역(북),29,29140,2914010400,광주광역시,서구,양동,B,,,tago_route_specific_stop,not_provided_by_api,,,,
20250801,00000101,송암31,송암31,31,00002784,천교,29,29140,2914010400,광주광역시,서구,양동,B,,,tago_route_specific_stop,not_provided_by_api,,,,
20250801,00000101,송암31,송암31,34,00000936,양동시장역(북),29,29140,2914010400,광주광역시,서구,양동,B,,,tago_route_specific_stop,not_provided_by_api,,,,
20250801,00000101,송암31,송암31,35,00000344,돌고개역(동),29,29140,2914010600,광주광역시,서구,농성동,B,,,tago_route_specific_stop,not_provided_by_api,,,,
20250801,00000101,송암31,송암31,36,00000763,서광주전화국,29,29140,2914010600,광주광역시,서구,농성동,B,,,tago_route_specific_stop,not_provided_by_api,,,,
20250801,00000101,송암31,송암31,37,00000243,농성1동행정복지센터,29,29140,2914010600,광주광역시,서구,농성동,B,,,tago_route_specific_stop,not_provided_by_api,,,,
20250801,00000101,송암31,송암31,38,00000107,광천초교,29,29140,2914010600,광주광역시,서구,농성동,B,,,tago_route_specific_stop,not_provided_by_api,,,,
20250801,00000101,송암31,송암31,39,00002873,현대자동차,29,29140,2914011500,광주광역시,서구,광천동,B,,,tago_route_specific_stop,not_provided_by_api,,,,
20250801,00000101,송암31,송암31,40,00000109,광주종합버스터미널,29,29140,2914011500,광주광역시,서구,광천동,B,,,tago_route_specific_stop,not_provided_by_api,,,,
20250801,00000101,송암31,송암31,41,00000179,기아자동차,29,29140,2914012100,광주광역시,서구,내방동,B,,,tago_route_specific_stop,not_provided_by_api,,,,
20250801,00000101,송암31,송암31,42,00001484,화정현대아파트,29,29140,2914011900,광주광역시,서구,화정동,B,,,tago_route_specific_stop,not_provided_by_api,,,,
20250801,00000101,송암31,송암31,43,00001549,화정사거리,29,29140,2914011900,광주광역시,서구,화정동,B,,,tago_route_specific_stop,not_provided_by_api,,,,
20250801,00000101,송암31,송암31,44,00000052,광주광역시교육청(광덕고),29,29140,2914011900,광주광역시,서구,화정동,B,,,tago_route_specific_stop,not_provided_by_api,,,,
20250801,00000101,송암31,송암31,45,00001553,화정중,29,29140,2914011900,광주광역시,서구,화정동,B,,,tago_route_specific_stop,not_provided_by_api,,,,
20250801,00000101,송암31,송암31,46,00001264,주월초교,29,29140,2914011900,광주광역시,서구,화정동,B,,,tago_route_specific_stop,not_provided_by_api,,,,
20250801,00000102,수완12,수완12,26,00000020,건강협회 [광주1호선],29,29140,2914010600,광주광역시,서구,농성동,B,,,tago_route_specific_stop,not_provided_by_api,,,,
20250801,00000102,수완12,수완12,27,00000715,상공회의소,29,29140,2914010600,광주광역시,서구,농성동,B,,,tago_route_specific_stop,not_provided_by_api,,,,
20250801,00000102,수완12,수완12,28,00001557,화정중흥파크,29,29140,2914011900,광주광역시,서구,화정동,B,,,tago_route_specific_stop,not_provided_by_api,,,,
20250801,00000102,수완12,수완12,30,00000113,광천치안센터,29,29140,2914011500,광주광역시,서구,광천동,B,,,tago_route_specific_stop,not_provided_by_api,,,,
20250801,00000102,수완12,수완12,86,00000114,광천치안센터,29,29140,2914011500,광주광역시,서구,광천동,B,,,tago_route_specific_stop,not_provided_by_api,,,,
20250801,00000102,수완12,수완12,87,00000866,신세계백화점,29,29140,2914011900,광주광역시,서구,화정동,B,,,tago_route_specific_stop,not_provided_by_api,,,,
20250801,00000102,수완12,수완12,88,00001556,화정중흥파크,29,29140,2914011900,광주광역시,서구,화정동,B,,,tago_route_specific_stop,not_provided_by_api,,,,
20250801,00000102,수완12,수완12,89,00000716,상공회의소,29,29140,2914010600,광주광역시,서구,농성동,B,,,tago_route_specific_stop,not_provided_by_api,,,,
20250801,00000102,수완12,수완12,90,00000021,건강협회,29,29140,2914010600,광주광역시,서구,농성동,B,,,tago_route_specific_stop,not_provided_by_api,,,,
20250801,00000109,좌석02,좌석02,18,00000114,광천치안센터,29,29140,2914011500,광주광역시,서구,광천동,B,,,tago_route_specific_stop,not_provided_by_api,,,,
20250801,00000109,좌석02,좌석02,19,00000109,광주종합버스터미널,29,29140,2914011500,광주광역시,서구,광천동,B,,,tago_route_specific_stop,not_provided_by_api,,,,
20250801,00000109,좌석02,좌석02,20,00000574,버들마을,29,29140,2914011600,광주광역시,서구,유촌동,B,,,tago_route_specific_stop,not_provided_by_api,,,,
20250801,00000109,좌석02,좌석02,21,00000850,시청,29,29140,2914012000,광주광역시,서구,치평동,B,,,tago_route_specific_stop,not_provided_by_api,,,,
20250801,00000109,좌석02,좌석02,22,00002832,한국은행,29,29140,2914012000,광주광역시,서구,치평동,B,,,tago_route_specific_stop,not_provided_by_api,,,,
20250801,00000109,좌석02,좌석02,23,00002836,한국국토정보공사,29,29140,2914012000,광주광역시,서구,치평동,B,,,tago_route_specific_stop,not_provided_by_api,,,,
20250801,00000109,좌석02,좌석02,24,00002965,한국수자원공사,29,29140,2914012000,광주광역시,서구,치평동,B,,,tago_route_specific_stop,not_provided_by_api,,,,
20250801,00000109,좌석02,좌석02,25,00002877,농협운천지점,29,29140,2914012000,광주광역시,서구,치평동,B,,,tago_route_specific_stop,not_provided_by_api,,,,
20250801,00000109,좌석02,좌석02,26,00000188,5.18자유공원,29,29140,2914012000,광주광역시,서구,치평동,B,,,tago_route_specific_stop,not_provided_by_api,,,,
20250801,00000109,좌석02,좌석02,27,00001579,김대중컨벤션센터(마륵)역,29,29140,2914013100,광주광역시,서구,마륵동,B,,,tago_route_specific_stop,not_provided_by_api,,,,
20250801,00000109,좌석02,좌석02,28,00000776,서창입구,29,29140,2914012900,광주광역시,서구,벽진동,B,,,tago_route_specific_stop,not_provided_by_api,,,,
20250801,00000109,좌석02,좌석02,63,00000775,서창입구,29,29140,2914012900,광주광역시,서구,벽진동,B,,,tago_route_specific_stop,not_provided_by_api,,,,
20250801,00000109,좌석02,좌석02,65,00000189,5.18자유공원,29,29140,2914012000,광주광역시,서구,치평동,B,,,tago_route_specific_stop,not_provided_by_api,,,,
20250801,00000109,좌석02,좌석02,66,00002876,농협운천지점,29,29140,2914012000,광주광역시,서구,치평동,B,,,tago_route_specific_stop,not_provided_by_api,,,,
20250801,00000109,좌석02,좌석02,67,00002966,한국수자원공사,29,29140,2914012000,광주광역시,서구,치평동,B,,,tago_route_specific_stop,not_provided_by_api,,,,
20250801,00000109,좌석02,좌석02,68,00002835,한국국토정보공사,29,29140,2914012000,광주광역시,서구,치평동,B,,,tago_route_specific_stop,not_provided_by_api,,,,
20250801,00000109,좌석02,좌석02,69,00002831,한국은행,29,29140,2914012000,광주광역시,서구,치평동,B,,,tago_route_specific_stop,not_provided_by_api,,,,
20250801,00000109,좌석02,좌석02,70,00000852,시청,29,29140,2914012000,광주광역시,서구,치평동,B,,,tago_route_specific_stop,not_provided_by_api,,,,
20250801,00000109,좌석02,좌석02,71,00000495,버들마을,29,29140,2914011800,광주광역시,서구,쌍촌동,B,,,tago_route_specific_stop,not_provided_by_api,,,,
20250801,00000109,좌석02,좌석02,72,00000110,광주종합버스터미널,29,29140,2914011500,광주광역시,서구,광천동,B,,,tago_route_specific_stop,not_provided_by_api,,,,
20250801,00000109,좌석02,좌석02,73,00000113,광천치안센터,29,29140,2914011500,광주광역시,서구,광천동,B,,,tago_route_specific_stop,not_provided_by_api,,,,
20250801,00000111,송암68,송암68,26,00000750,서구청,29,29140,2914010600,광주광역시,서구,농성동,B,,,tago_route_specific_stop,not_provided_by_api,,,,
20250801,00000111,송암68,송암68,28,00001557,화정중흥파크,29,29140,2914011900,광주광역시,서구,화정동,B,,,tago_route_specific_stop,not_provided_by_api,,,,
20250801,00000111,송암68,송암68,29,00000864,신세계백화점,29,29140,2914010600,광주광역시,서구,농성동,B,,,tago_route_specific_stop,not_provided_by_api,,,,
20250801,00000111,송암68,송암68,30,00000109,광주종합버스터미널,29,29140,2914011500,광주광역시,서구,광천동,B,,,tago_route_specific_stop,not_provided_by_api,,,,
20250801,00000111,송암68,송암68,31,00000184,기아차중문,29,29140,2914012100,광주광역시,서구,내방동,B,,,tago_route_specific_stop,not_provided_by_api,,,,
20250801,00000111,송암68,송암68,32,00000057,광명하이츠후문,29,29140,2914012100,광주광역시,서구,내방동,B,,,tago_route_specific_stop,not_provided_by_api,,,,
20250801,00000111,송암68,송암68,33,00000574,버들마을,29,29140,2914011600,광주광역시,서구,유촌동,B,,,tago_route_specific_stop,not_provided_by_api,,,,
20250801,00000111,송암68,송암68,34,00000029,계수,29,29140,2914011600,광주광역시,서구,유촌동,B,,,tago_route_specific_stop,not_provided_by_api,,,,
20250801,00000111,송암68,송암68,35,00000850,시청,29,29140,2914012000,광주광역시,서구,치평동,B,,,tago_route_specific_stop,not_provided_by_api,,,,
20250801,00000111,송암68,송암68,59,00000852,시청,29,29140,2914012000,광주광역시,서구,치평동,B,,,tago_route_specific_stop,not_provided_by_api,,,,
20250801,00000111,송암68,송암68,60,00000030,계수,29,29140,2914011800,광주광역시,서구,쌍촌동,B,,,tago_route_specific_stop,not_provided_by_api,,,,
20250801,00000111,송암68,송암68,61,00000495,버들마을,29,29140,2914011800,광주광역시,서구,쌍촌동,B,,,tago_route_specific_stop,not_provided_by_api,,,,
20250801,00000111,송암68,송암68,62,00000058,광명하이츠후문,29,29140,2914011800,광주광역시,서구,쌍촌동,B,,,tago_route_specific_stop,not_provided_by_api,,,,
20250801,00000111,송암68,송암68,63,00000928,기아차중문,29,29140,2914012100,광주광역시,서구,내방동,B,,,tago_route_specific_stop,not_provided_by_api,,,,
20250801,00000111,송암68,송암68,64,00000110,광주종합버스터미널,29,29140,2914011500,광주광역시,서구,광천동,B,,,tago_route_specific_stop,not_provided_by_api,,,,
20250801,00000111,송암68,송암68,65,00000866,신세계백화점,29,29140,2914011900,광주광역시,서구,화정동,B,,,tago_route_specific_stop,not_provided_by_api,,,,
20250801,00000111,송암68,송암68,66,00001556,화정중흥파크,29,29140,2914011900,광주광역시,서구,화정동,B,,,tago_route_specific_stop,not_provided_by_api,,,,
20250801,00000111,송암68,송암68,67,00000751,서구청,29,29140,2914010600,광주광역시,서구,농성동,B,,,tago_route_specific_stop,not_provided_by_api,,,,
20250801,00000112,순환01(운천저수지),순환01(운천저수지),2,00001802,서창농협벽진지점,29,29140,2914012900,광주광역시,서구,벽진동,B,,,tago_route_specific_stop,not_provided_by_api,,,,
20250801,00000112,순환01(운천저수지),순환01(운천저수지),4,00000189,5.18자유공원,29,29140,2914012000,광주광역시,서구,치평동,B,,,tago_route_specific_stop,not_provided_by_api,,,,
20250801,00000112,순환01(운천저수지),순환01(운천저수지),5,00000165,상무금호아파트,29,29140,2914012000,광주광역시,서구,치평동,B,,,tago_route_specific_stop,not_provided_by_api,,,,
20250801,00000112,순환01(운천저수지),순환01(운천저수지),6,00001450,계수초교,29,29140,2914012000,광주광역시,서구,치평동,B,,,tago_route_specific_stop,not_provided_by_api,,,,
20250801,00000112,순환01(운천저수지),순환01(운천저수지),7,00002965,한국수자원공사,29,29140,2914012000,광주광역시,서구,치평동,B,,,tago_route_specific_stop,not_provided_by_api,,,,
20250801,00000112,순환01(운천저수지),순환01(운천저수지),8,00002877,농협운천지점,29,29140,2914012000,광주광역시,서구,치평동,B,,,tago_route_specific_stop,not_provided_by_api,,,,
20250801,00000112,순환01(운천저수지),순환01(운천저수지),9,00000719,상무지구입구,29,29140,2914012000,광주광역시,서구,치평동,B,,,tago_route_specific_stop,not_provided_by_api,,,,
20250801,00000112,순환01(운천저수지),순환01(운천저수지),10,00001069,운천저수지,29,29140,2914011800,광주광역시,서구,쌍촌동,B,,,tago_route_specific_stop,not_provided_by_api,,,,
20250801,00000112,순환01(운천저수지),순환01(운천저수지),12,00001571,CBS방송국,29,29140,2914013000,광주광역시,서구,금호동,B,,,tago_route_specific_stop,not_provided_by_api,,,,
20250801,00000112,순환01(운천저수지),순환01(운천저수지),13,00000845,금호시영아파트,29,29140,2914013000,광주광역시,서구,금호동,B,,,tago_route_specific_stop,not_provided_by_api,,,,
20250801,00000112,순환01(운천저수지),순환01(운천저수지),14,00000748,서구문화센터,29,29140,2914013000,광주광역시,서구,금호동,B,,,tago_route_specific_stop,not_provided_by_api,,,,
20250801,00000112,순환01(운천저수지),순환01(운천저수지),15,00000303,마재대주아파트,29,29140,2914013000,광주광역시,서구,금호동,B,,,tago_route_specific_stop,not_provided_by_api,,,,
20250801,00000112,순환01(운천저수지),순환01(운천저수지),16,00001413,마재우체국,29,29140,2914012800,광주광역시,서구,풍암동,B,,,tago_route_specific_stop,not_provided_by_api,,,,
20250801,00000112,순환01(운천저수지),순환01(운천저수지),17,00001294,풍암모아아파트,29,29140,2914012800,광주광역시,서구,풍암동,B,,,tago_route_specific_stop,not_provided_by_api,,,,
20250801,00000112,순환01(운천저수지),순환01(운천저수지),18,00000736,풍암한신아파트,29,29140,2914012800,광주광역시,서구,풍암동,B,,,tago_route_specific_stop,not_provided_by_api,,,,
20250801,00000112,순환01(운천저수지),순환01(운천저수지),19,00001444,풍암한국아파트,29,29140,2914012800,광주광역시,서구,풍암동,B,,,tago_route_specific_stop,not_provided_by_api,,,,
20250801,00000112,순환01(운천저수지),순환01(운천저수지),20,00001024,풍암우미아파트,29,29140,2914012800,광주광역시,서구,풍암동,B,,,tago_route_specific_stop,not_provided_by_api,,,,
20250801,00000112,순환01(운천저수지),순환01(운천저수지),21,00001073,원광대한방병원,29,29140,2914012800,광주광역시,서구,풍암동,B,,,tago_route_specific_stop,not_provided_by_api,,,,
20250801,00000112,순환01(운천저수지),순환01(운천저수지),41,00000114,광천치안센터,29,29140,2914011500,광주광역시,서구,광천동,B,,,tago_route_specific_stop,not_provided_by_api,,,,
20250801,00000112,순환01(운천저수지),순환01(운천저수지),42,00000109,광주종합버스터미널,29,29140,2914011500,광주광역시,서구,광천동,B,,,tago_route_specific_stop,not_provided_by_api,,,,
20250801,00000112,순환01(운천저수지),순환01(운천저수지),43,00000574,버들마을,29,29140,2914011600,광주광역시,서구,유촌동,B,,,tago_route_specific_stop,not_provided_by_api,,,,
20250801,00000112,순환01(운천저수지),순환01(운천저수지),44,00000850,시청,29,29140,2914012000,광주광역시,서구,치평동,B,,,tago_route_specific_stop,not_provided_by_api,,,,
20250801,00000112,순환01(운천저수지),순환01(운천저수지),45,00002836,한국국토정보공사,29,29140,2914012000,광주광역시,서구,치평동,B,,,tago_route_specific_stop,not_provided_by_api,,,,
20250801,00000112,순환01(운천저수지),순환01(운천저수지),46,00001449,계수초교,29,29140,2914012000,광주광역시,서구,치평동,B,,,tago_route_specific_stop,not_provided_by_api,,,,
20250801,00000112,순환01(운천저수지),순환01(운천저수지),47,00000164,상무금호아파트,29,29140,2914012000,광주광역시,서구,치평동,B,,,tago_route_specific_stop,not_provided_by_api,,,,
20250801,00000112,순환01(운천저수지),순환01(운천저수지),48,00000188,5.18자유공원,29,29140,2914012000,광주광역시,서구,치평동,B,,,tago_route_specific_stop,not_provided_by_api,,,,
20250801,00000112,순환01(운천저수지),순환01(운천저수지),49,00001579,김대중컨벤션센터(마륵)역,29,29140,2914013100,광주광역시,서구,마륵동,B,,,tago_route_specific_stop,not_provided_by_api,,,,
20250801,00000112,순환01(운천저수지),순환01(운천저수지),50,00001717,서창농협벽진지점,29,29140,2914012900,광주광역시,서구,벽진동,B,,,tago_route_specific_stop,not_provided_by_api,,,,
20250801,00000114,수완03,수완03,12,00000110,광주종합버스터미널,29,29140,2914011500,광주광역시,서구,광천동,B,,,tago_route_specific_stop,not_provided_by_api,,,,
20250801,00000114,수완03,수완03,13,00000113,광천치안센터,29,29140,2914011500,광주광역시,서구,광천동,B,,,tago_route_specific_stop,not_provided_by_api,,,,
20250801,00000114,수완03,수완03,62,00000114,광천치안센터,29,29140,2914011500,광주광역시,서구,광천동,B,,,tago_route_specific_stop,not_provided_by_api,,,,
20250801,00000114,수완03,수완03,63,00000109,광주종합버스터미널,29,29140,2914011500,광주광역시,서구,광천동,B,,,tago_route_specific_stop,not_provided_by_api,,,,
20250801,00000115,선운14,선운14,13,00002832,한국은행,29,29140,2914012000,광주광역시,서구,치평동,B,,,tago_route_specific_stop,not_provided_by_api,,,,
20250801,00000115,선운14,선운14,14,00002836,한국국토정보공사,29,29140,2914012000,광주광역시,서구,치평동,B,,,tago_route_specific_stop,not_provided_by_api,,,,
20250801,00000115,선운14,선운14,15,00004012,대우디오빌,29,29140,2914012000,광주광역시,서구,치평동,B,,,tago_route_specific_stop,not_provided_by_api,,,,
20250801,00000115,선운14,선운14,16,00000725,상무병원,29,29140,2914012000,광주광역시,서구,치평동,B,,,tago_route_specific_stop,not_provided_by_api,,,,
20250801,00000115,선운14,선운14,17,00001573,5.18기념공원,29,29140,2914012000,광주광역시,서구,치평동,B,,,tago_route_specific_stop,not_provided_by_api,,,,
20250801,00000115,선운14,선운14,18,00000011,5.18기념문화센터 [광주1호선],29,29140,2914011800,광주광역시,서구,쌍촌동,B,,,tago_route_specific_stop,not_provided_by_api,,,,
20250801,00000115,선운14,선운14,19,00000494,모아제일아파트,29,29140,2914011800,광주광역시,서구,쌍촌동,B,,,tago_route_specific_stop,not_provided_by_api,,,,
20250801,00000115,선운14,선운14,20,00001485,쌍촌현대아파트,29,29140,2914011800,광주광역시,서구,쌍촌동,B,,,tago_route_specific_stop,not_provided_by_api,,,,
20250801,00000115,선운14,선운14,22,00001469,해태아파트,29,29140,2914012100,광주광역시,서구,내방동,B,,,tago_route_specific_stop,not_provided_by_api,,,,
20250801,00000115,선운14,선운14,23,00000180,기아자동차,29,29140,2914012100,광주광역시,서구,내방동,B,,,tago_route_specific_stop,not_provided_by_api,,,,
20250801,00000115,선운14,선운14,24,00000110,광주종합버스터미널,29,29140,2914011500,광주광역시,서구,광천동,B,,,tago_route_specific_stop,not_provided_by_api,,,,
20250801,00000115,선운14,선운14,25,00000866,신세계백화점,29,29140,2914011900,광주광역시,서구,화정동,B,,,tago_route_specific_stop,not_provided_by_api,,,,
20250801,00000115,선운14,선운14,26,00000450,화정무등파크,29,29140,2914011900,광주광역시,서구,화정동,B,,,tago_route_specific_stop,not_provided_by_api,,,,
20250801,00000115,선운14,선운14,27,00001470,해태아파트,29,29140,2914012100,광주광역시,서구,내방동,B,,,tago_route_specific_stop,not_provided_by_api,,,,
20250801,00000115,선운14,선운14,28,00001486,쌍촌현대아파트,29,29140,2914011800,광주광역시,서구,쌍촌동,B,,,tago_route_specific_stop,not_provided_by_api,,,,
20250801,00000115,선운14,선운14,29,00000485,모아제일아파트,29,29140,2914011800,광주광역시,서구,쌍촌동,B,,,tago_route_specific_stop,not_provided_by_api,,,,
20250801,00000115,선운14,선운14,30,00000012,5.18기념문화센터 [광주1호선],29,29140,2914011800,광주광역시,서구,쌍촌동,B,,,tago_route_specific_stop,not_provided_by_api,,,,
20250801,00000115,선운14,선운14,31,00001574,5.18기념공원,29,29140,2914012000,광주광역시,서구,치평동,B,,,tago_route_specific_stop,not_provided_by_api,,,,
20250801,00000115,선운14,선운14,32,00000726,상무병원,29,29140,2914012000,광주광역시,서구,치평동,B,,,tago_route_specific_stop,not_provided_by_api,,,,
20250801,00000115,선운14,선운14,33,00004011,대우디오빌,29,29140,2914012000,광주광역시,서구,치평동,B,,,tago_route_specific_stop,not_provided_by_api,,,,
20250801,00000115,선운14,선운14,34,00002966,한국수자원공사,29,29140,2914012000,광주광역시,서구,치평동,B,,,tago_route_specific_stop,not_provided_by_api,,,,
20250801,00000115,선운14,선운14,35,00002835,한국국토정보공사,29,29140,2914012000,광주광역시,서구,치평동,B,,,tago_route_specific_stop,not_provided_by_api,,,,
20250801,00000115,선운14,선운14,36,00002831,한국은행,29,29140,2914012000,광주광역시,서구,치평동,B,,,tago_route_specific_stop,not_provided_by_api,,,,
20250801,00000116,첨단22,첨단22,22,00002894,동천마을1단지,29,29140,2914013300,광주광역시,서구,동천동,B,,,tago_route_specific_stop,not_provided_by_api,,,,
20250801,00000116,첨단22,첨단22,23,00001272,동천마을3단지,29,29140,2914013300,광주광역시,서구,동천동,B,,,tago_route_specific_stop,not_provided_by_api,,,,
20250801,00000116,첨단22,첨단22,24,00002997,동천동행정복지센터,29,29140,2914013300,광주광역시,서구,동천동,B,,,tago_route_specific_stop,not_provided_by_api,,,,
20250801,00000116,첨단22,첨단22,25,00003605,칠성마을사거리,29,29140,2914011800,광주광역시,서구,쌍촌동,B,,,tago_route_specific_stop,not_provided_by_api,,,,
20250801,00000116,첨단22,첨단22,26,00000573,유덕초교,29,29140,2914011600,광주광역시,서구,유촌동,B,,,tago_route_specific_stop,not_provided_by_api,,,,
20250801,00000116,첨단22,첨단22,27,00000496,상무호반3차,29,29140,2914011800,광주광역시,서구,쌍촌동,B,,,tago_route_specific_stop,not_provided_by_api,,,,
20250801,00000116,첨단22,첨단22,28,00000485,모아제일아파트,29,29140,2914011800,광주광역시,서구,쌍촌동,B,,,tago_route_specific_stop,not_provided_by_api,,,,
20250801,00000116,첨단22,첨단22,29,00000012,5.18기념문화센터 [광주1호선],29,29140,2914011800,광주광역시,서구,쌍촌동,B,,,tago_route_specific_stop,not_provided_by_api,,,,
20250801,00000116,첨단22,첨단22,30,00000850,시청,29,29140,2914012000,광주광역시,서구,치평동,B,,,tago_route_specific_stop,not_provided_by_api,,,,
20250801,00000116,첨단22,첨단22,31,00002832,한국은행,29,29140,2914012000,광주광역시,서구,치평동,B,,,tago_route_specific_stop,not_provided_by_api,,,,
20250801,00000116,첨단22,첨단22,32,00002836,한국국토정보공사,29,29140,2914012000,광주광역시,서구,치평동,B,,,tago_route_specific_stop,not_provided_by_api,,,,
20250801,00000116,첨단22,첨단22,33,00002965,한국수자원공사,29,29140,2914012000,광주광역시,서구,치평동,B,,,tago_route_specific_stop,not_provided_by_api,,,,
20250801,00000116,첨단22,첨단22,34,00002877,농협운천지점,29,29140,2914012000,광주광역시,서구,치평동,B,,,tago_route_specific_stop,not_provided_by_api,,,,
20250801,00000116,첨단22,첨단22,35,00004288,상무역(남),29,29140,2914013100,광주광역시,서구,마륵동,B,,,tago_route_specific_stop,not_provided_by_api,,,,
20250801,00000116,첨단22,첨단22,36,00004301,희망가아파트,29,29140,2914013100,광주광역시,서구,마륵동,B,,,tago_route_specific_stop,not_provided_by_api,,,,
20250801,00000116,첨단22,첨단22,37,00004297,자활촌입구,29,29140,2914013100,광주광역시,서구,마륵동,B,,,tago_route_specific_stop,not_provided_by_api,,,,
20250801,00000116,첨단22,첨단22,38,00004285,금호저수지입구,29,29140,2914013000,광주광역시,서구,금호동,B,,,tago_route_specific_stop,not_provided_by_api,,,,
20250801,00000116,첨단22,첨단22,39,00003597,무등교회,29,29140,2914013200,광주광역시,서구,매월동,B,,,tago_route_specific_stop,not_provided_by_api,,,,
20250801,00000116,첨단22,첨단22,44,00003596,무등교회,29,29140,2914013000,광주광역시,서구,금호동,B,,,tago_route_specific_stop,not_provided_by_api,,,,
20250801,00000116,첨단22,첨단22,45,00004286,금호저수지입구,29,29140,2914013000,광주광역시,서구,금호동,B,,,tago_route_specific_stop,not_provided_by_api,,,,
20250801,00000116,첨단22,첨단22,46,00004298,자활촌입구,29,29140,2914013100,광주광역시,서구,마륵동,B,,,tago_route_specific_stop,not_provided_by_api,,,,
20250801,00000116,첨단22,첨단22,47,00004302,희망가아파트,29,29140,2914013100,광주광역시,서구,마륵동,B,,,tago_route_specific_stop,not_provided_by_api,,,,
20250801,00000116,첨단22,첨단22,48,00004287,상무역(남),29,29140,2914013100,광주광역시,서구,마륵동,B,,,tago_route_specific_stop,not_provided_by_api,,,,
20250801,00000116,첨단22,첨단22,49,00002876,농협운천지점,29,29140,2914012000,광주광역시,서구,치평동,B,,,tago_route_specific_stop,not_provided_by_api,,,,
20250801,00000116,첨단22,첨단22,50,00002966,한국수자원공사,29,29140,2914012000,광주광역시,서구,치평동,B,,,tago_route_specific_stop,not_provided_by_api,,,,
20250801,00000116,첨단22,첨단22,51,00002835,한국국토정보공사,29,29140,2914012000,광주광역시,서구,치평동,B,,,tago_route_specific_stop,not_provided_by_api,,,,
20250801,00000116,첨단22,첨단22,52,00002831,한국은행,29,29140,2914012000,광주광역시,서구,치평동,B,,,tago_route_specific_stop,not_provided_by_api,,,,
20250801,00000116,첨단22,첨단22,53,00000852,시청,29,29140,2914012000,광주광역시,서구,치평동,B,,,tago_route_specific_stop,not_provided_by_api,,,,
20250801,00000116,첨단22,첨단22,54,00000011,5.18기념문화센터 [광주1호선],29,29140,2914011800,광주광역시,서구,쌍촌동,B,,,tago_route_specific_stop,not_provided_by_api,,,,
20250801,00000116,첨단22,첨단22,55,00000494,모아제일아파트,29,29140,2914011800,광주광역시,서구,쌍촌동,B,,,tago_route_specific_stop,not_provided_by_api,,,,
20250801,00000116,첨단22,첨단22,56,00001497,상무호반3차,29,29140,2914011800,광주광역시,서구,쌍촌동,B,,,tago_route_specific_stop,not_provided_by_api,,,,
20250801,00000116,첨단22,첨단22,57,00001121,유덕초교,29,29140,2914011800,광주광역시,서구,쌍촌동,B,,,tago_route_specific_stop,not_provided_by_api,,,,
20250801,00000116,첨단22,첨단22,58,00003604,칠성마을사거리,29,29140,2914011800,광주광역시,서구,쌍촌동,B,,,tago_route_specific_stop,not_provided_by_api,,,,
20250801,00000116,첨단22,첨단22,59,00002996,동천동행정복지센터,29,29140,2914013300,광주광역시,서구,동천동,B,,,tago_route_specific_stop,not_provided_by_api,,,,
20250801,00000118,문흥53,문흥53,18,00000114,광천치안센터,29,29140,2914011500,광주광역시,서구,광천동,B,,,tago_route_specific_stop,not_provided_by_api,,,,
20250801,00000118,문흥53,문흥53,19,00000109,광주종합버스터미널,29,29140,2914011500,광주광역시,서구,광천동,B,,,tago_route_specific_stop,not_provided_by_api,,,,
20250801,00000118,문흥53,문흥53,20,00000110,광주종합버스터미널,29,29140,2914011500,광주광역시,서구,광천동,B,,,tago_route_specific_stop,not_provided_by_api,,,,
20250801,00000118,문흥53,문흥53,21,00000113,광천치안센터,29,29140,2914011500,광주광역시,서구,광천동,B,,,tago_route_specific_stop,not_provided_by_api,,,,
20250801,00000119,지원56,지원56,25,00000020,건강협회 [광주1호선],29,29140,2914010600,광주광역시,서구,농성동,B,,,tago_route_specific_stop,not_provided_by_api,,,,
20250801,00000119,지원56,지원56,26,00000715,상공회의소,29,29140,2914010600,광주광역시,서구,농성동,B,,,tago_route_specific_stop,not_provided_by_api,,,,
20250801,00000119,지원56,지원56,27,00000769,서석고,29,29140,2914011900,광주광역시,서구,화정동,B,,,tago_route_specific_stop,not_provided_by_api,,,,
20250801,00000119,지원56,지원56,28,00001545,화정역,29,29140,2914011900,광주광역시,서구,화정동,B,,,tago_route_specific_stop,not_provided_by_api,,,,
20250801,00000119,지원56,지원56,29,00001487,화정현대아파트,29,29140,2914011900,광주광역시,서구,화정동,B,,,tago_route_specific_stop,not_provided_by_api,,,,
20250801,00000119,지원56,지원56,30,00000180,기아자동차,29,29140,2914012100,광주광역시,서구,내방동,B,,,tago_route_specific_stop,not_provided_by_api,,,,
20250801,00000119,지원56,지원56,31,00000110,광주종합버스터미널,29,29140,2914011500,광주광역시,서구,광천동,B,,,tago_route_specific_stop,not_provided_by_api,,,,
20250801,00000119,지원56,지원56,32,00002872,현대자동차,29,29140,2914011500,광주광역시,서구,광천동,B,,,tago_route_specific_stop,not_provided_by_api,,,,
20250801,00000119,지원56,지원56,33,00000108,광천초교,29,29140,2914010600,광주광역시,서구,농성동,B,,,tago_route_specific_stop,not_provided_by_api,,,,
20250801,00000119,지원56,지원56,34,00001301,농성1동행정복지센터,29,29140,2914010600,광주광역시,서구,농성동,B,,,tago_route_specific_stop,not_provided_by_api,,,,
20250801,00000119,지원56,지원56,35,00000764,서광주전화국,29,29140,2914010600,광주광역시,서구,농성동,B,,,tago_route_specific_stop,not_provided_by_api,,,,
20250801,00000119,지원56,지원56,37,00000934,양동시장역(남),29,29140,2914010400,광주광역시,서구,양동,B,,,tago_route_specific_stop,not_provided_by_api,,,,
20250801,00000119,지원56,지원56,45,00000937,양동시장역(남),29,29140,2914010400,광주광역시,서구,양동,B,,,tago_route_specific_stop,not_provided_by_api,,,,
20250801,00000119,지원56,지원56,46,00000344,돌고개역(동),29,29140,2914010600,광주광역시,서구,농성동,B,,,tago_route_specific_stop,not_provided_by_api,,,,
20250801,00000119,지원56,지원56,47,00000763,서광주전화국,29,29140,2914010600,광주광역시,서구,농성동,B,,,tago_route_specific_stop,not_provided_by_api,,,,
20250801,00000119,지원56,지원56,48,00000243,농성1동행정복지센터,29,29140,2914010600,광주광역시,서구,농성동,B,,,tago_route_specific_stop,not_provided_by_api,,,,
20250801,00000119,지원56,지원56,49,00000107,광천초교,29,29140,2914010600,광주광역시,서구,농성동,B,,,tago_route_specific_stop,not_provided_by_api,,,,
20250801,00000119,지원56,지원56,50,00002873,현대자동차,29,29140,2914011500,광주광역시,서구,광천동,B,,,tago_route_specific_stop,not_provided_by_api,,,,
20250801,00000119,지원56,지원56,51,00000109,광주종합버스터미널,29,29140,2914011500,광주광역시,서구,광천동,B,,,tago_route_specific_stop,not_provided_by_api,,,,
20250801,00000119,지원56,지원56,52,00000179,기아자동차,29,29140,2914012100,광주광역시,서구,내방동,B,,,tago_route_specific_stop,not_provided_by_api,,,,
20250801,00000119,지원56,지원56,53,00001484,화정현대아파트,29,29140,2914011900,광주광역시,서구,화정동,B,,,tago_route_specific_stop,not_provided_by_api,,,,
20250801,00000119,지원56,지원56,54,00001546,화정역,29,29140,2914011900,광주광역시,서구,화정동,B,,,tago_route_specific_stop,not_provided_by_api,,,,
20250801,00000119,지원56,지원56,55,00000768,서석고,29,29140,2914011900,광주광역시,서구,화정동,B,,,tago_route_specific_stop,not_provided_by_api,,,,
20250801,00000119,지원56,지원56,56,00000716,상공회의소,29,29140,2914010600,광주광역시,서구,농성동,B,,,tago_route_specific_stop,not_provided_by_api,,,,
20250801,00000119,지원56,지원56,57,00000021,건강협회,29,29140,2914010600,광주광역시,서구,농성동,B,,,tago_route_specific_stop,not_provided_by_api,,,,
20250801,00000120,양산60,양산60,30,00000114,광천치안센터,29,29140,2914011500,광주광역시,서구,광천동,B,,,tago_route_specific_stop,not_provided_by_api,,,,
20250801,00000120,양산60,양산60,31,00000109,광주종합버스터미널,29,29140,2914011500,광주광역시,서구,광천동,B,,,tago_route_specific_stop,not_provided_by_api,,,,
20250801,00000120,양산60,양산60,32,00000110,광주종합버스터미널,29,29140,2914011500,광주광역시,서구,광천동,B,,,tago_route_specific_stop,not_provided_by_api,,,,
20250801,00000120,양산60,양산60,33,00000113,광천치안센터,29,29140,2914011500,광주광역시,서구,광천동,B,,,tago_route_specific_stop,not_provided_by_api,,,,
20250801,00000122,228(화순전대병원),228(화순전대병원),4,00002997,동천동행정복지센터,29,29140,2914013300,광주광역시,서구,동천동,B,,,tago_route_specific_stop,not_provided_by_api,,,,
20250801,00000122,228(화순전대병원),228(화순전대병원),5,00001373,칠성마을,29,29140,2914011800,광주광역시,서구,쌍촌동,B,,,tago_route_specific_stop,not_provided_by_api,,,,
20250801,00000122,228(화순전대병원),228(화순전대병원),6,00001374,광천동,29,29140,2914011800,광주광역시,서구,쌍촌동,B,,,tago_route_specific_stop,not_provided_by_api,,,,
20250801,00000122,228(화순전대병원),228(화순전대병원),7,00000699,삼우아파트,29,29140,2914012100,광주광역시,서구,내방동,B,,,tago_route_specific_stop,not_provided_by_api,,,,
20250801,00000122,228(화순전대병원),228(화순전대병원),8,00001322,진성아파트,29,29140,2914012100,광주광역시,서구,내방동,B,,,tago_route_specific_stop,not_provided_by_api,,,,
20250801,00000122,228(화순전대병원),228(화순전대병원),9,00000806,광천E편한세상,29,29140,2914012100,광주광역시,서구,내방동,B,,,tago_route_specific_stop,not_provided_by_api,,,,
20250801,00000122,228(화순전대병원),228(화순전대병원),10,00000183,기아차정문,29,29140,2914012100,광주광역시,서구,내방동,B,,,tago_route_specific_stop,not_provided_by_api,,,,
20250801,00000122,228(화순전대병원),228(화순전대병원),11,00000110,광주종합버스터미널,29,29140,2914011500,광주광역시,서구,광천동,B,,,tago_route_specific_stop,not_provided_by_api,,,,
20250801,00000122,228(화순전대병원),228(화순전대병원),12,00000113,광천치안센터,29,29140,2914011500,광주광역시,서구,광천동,B,,,tago_route_specific_stop,not_provided_by_api,,,,
20250801,00000122,228(화순전대병원),228(화순전대병원),100,00000114,광천치안센터,29,29140,2914011500,광주광역시,서구,광천동,B,,,tago_route_specific_stop,not_provided_by_api,,,,
20250801,00000122,228(화순전대병원),228(화순전대병원),101,00000109,광주종합버스터미널,29,29140,2914011500,광주광역시,서구,광천동,B,,,tago_route_specific_stop,not_provided_by_api,,,,
20250801,00000122,228(화순전대병원),228(화순전대병원),102,00000182,기아차정문,29,29140,2914012100,광주광역시,서구,내방동,B,,,tago_route_specific_stop,not_provided_by_api,,,,
20250801,00000122,228(화순전대병원),228(화순전대병원),103,00000807,광천E편한세상,29,29140,2914012100,광주광역시,서구,내방동,B,,,tago_route_specific_stop,not_provided_by_api,,,,
20250801,00000122,228(화순전대병원),228(화순전대병원),104,00001323,진성아파트,29,29140,2914012100,광주광역시,서구,내방동,B,,,tago_route_specific_stop,not_provided_by_api,,,,
20250801,00000122,228(화순전대병원),228(화순전대병원),105,00000700,삼우아파트,29,29140,2914012100,광주광역시,서구,내방동,B,,,tago_route_specific_stop,not_provided_by_api,,,,
20250801,00000122,228(화순전대병원),228(화순전대병원),106,00001375,광천동,29,29140,2914011800,광주광역시,서구,쌍촌동,B,,,tago_route_specific_stop,not_provided_by_api,,,,
20250801,00000122,228(화순전대병원),228(화순전대병원),107,00001376,칠성마을,29,29140,2914011800,광주광역시,서구,쌍촌동,B,,,tago_route_specific_stop,not_provided_by_api,,,,
20250801,00000122,228(화순전대병원),228(화순전대병원),108,00002996,동천동행정복지센터,29,29140,2914013300,광주광역시,서구,동천동,B,,,tago_route_specific_stop,not_provided_by_api,,,,
20250801,00000127,상무62,상무62,1,00000722,상무지구,29,29140,2914012000,광주광역시,서구,치평동,B,,,tago_route_specific_stop,not_provided_by_api,,,,
20250801,00000127,상무62,상무62,3,00002965,한국수자원공사,29,29140,2914012000,광주광역시,서구,치평동,B,,,tago_route_specific_stop,not_provided_by_api,,,,
20250801,00000127,상무62,상무62,4,00002877,농협운천지점,29,29140,2914012000,광주광역시,서구,치평동,B,,,tago_route_specific_stop,not_provided_by_api,,,,
20250801,00000127,상무62,상무62,5,00000730,상무역,29,29140,2914013100,광주광역시,서구,마륵동,B,,,tago_route_specific_stop,not_provided_by_api,,,,
20250801,00000127,상무62,상무62,6,00000687,전남고입구,29,29140,2914012000,광주광역시,서구,치평동,B,,,tago_route_specific_stop,not_provided_by_api,,,,
20250801,00000127,상무62,상무62,7,00001579,김대중컨벤션센터(마륵)역,29,29140,2914013100,광주광역시,서구,마륵동,B,,,tago_route_specific_stop,not_provided_by_api,,,,
20250801,00000127,상무62,상무62,8,00001583,월암,29,29140,2914013100,광주광역시,서구,마륵동,B,,,tago_route_specific_stop,not_provided_by_api,,,,
20250801,00000127,상무62,상무62,9,00000776,서창입구,29,29140,2914012900,광주광역시,서구,벽진동,B,,,tago_route_specific_stop,not_provided_by_api,,,,
20250801,00000127,상무62,상무62,36,00000067,광신대교,29,29140,2914013300,광주광역시,서구,동천동,B,,,tago_route_specific_stop,not_provided_by_api,,,,
20250801,00000127,상무62,상무62,37,00002893,동림I.C입구,29,29140,2914013300,광주광역시,서구,동천동,B,,,tago_route_specific_stop,not_provided_by_api,,,,
20250801,00000127,상무62,상무62,38,00002894,동천마을1단지,29,29140,2914013300,광주광역시,서구,동천동,B,,,tago_route_specific_stop,not_provided_by_api,,,,
20250801,00000127,상무62,상무62,39,00001272,동천마을3단지,29,29140,2914013300,광주광역시,서구,동천동,B,,,tago_route_specific_stop,not_provided_by_api,,,,
20250801,00000127,상무62,상무62,40,00002997,동천동행정복지센터,29,29140,2914013300,광주광역시,서구,동천동,B,,,tago_route_specific_stop,not_provided_by_api,,,,
20250801,00000127,상무62,상무62,41,00003605,칠성마을사거리,29,29140,2914011800,광주광역시,서구,쌍촌동,B,,,tago_route_specific_stop,not_provided_by_api,,,,
20250801,00000127,상무62,상무62,42,00000573,유덕초교,29,29140,2914011600,광주광역시,서구,유촌동,B,,,tago_route_specific_stop,not_provided_by_api,,,,
20250801,00000127,상무62,상무62,43,00000496,상무호반3차,29,29140,2914011800,광주광역시,서구,쌍촌동,B,,,tago_route_specific_stop,not_provided_by_api,,,,
20250801,00000127,상무62,상무62,44,00000485,모아제일아파트,29,29140,2914011800,광주광역시,서구,쌍촌동,B,,,tago_route_specific_stop,not_provided_by_api,,,,
20250801,00000127,상무62,상무62,45,00000012,5.18기념문화센터 [광주1호선],29,29140,2914011800,광주광역시,서구,쌍촌동,B,,,tago_route_specific_stop,not_provided_by_api,,,,
20250801,00000127,상무62,상무62,46,00000850,시청,29,29140,2914012000,광주광역시,서구,치평동,B,,,tago_route_specific_stop,not_provided_by_api,,,,
20250801,00000127,상무62,상무62,47,00002832,한국은행,29,29140,2914012000,광주광역시,서구,치평동,B,,,tago_route_specific_stop,not_provided_by_api,,,,
20250801,00000127,상무62,상무62,48,00002836,한국국토정보공사,29,29140,2914012000,광주광역시,서구,치평동,B,,,tago_route_specific_stop,not_provided_by_api,,,,
20250801,00000127,상무62,상무62,49,00001449,계수초교,29,29140,2914012000,광주광역시,서구,치평동,B,,,tago_route_specific_stop,not_provided_by_api,,,,
20250801,00000201,마을760,마을760,1,00003283,양동시장역(천변),29,29140,2914010400,광주광역시,서구,양동,B,,,tago_route_specific_stop,not_provided_by_api,,,,
20250801,00000201,마을760,마을760,2,00000936,양동시장역(북),29,29140,2914010400,광주광역시,서구,양동,B,,,tago_route_specific_stop,not_provided_by_api,,,,
20250801,00000201,마을760,마을760,3,00000344,돌고개역(동),29,29140,2914010600,광주광역시,서구,농성동,B,,,tago_route_specific_stop,not_provided_by_api,,,,
20250801,00000201,마을760,마을760,4,00000763,서광주전화국,29,29140,2914010600,광주광역시,서구,농성동,B,,,tago_route_specific_stop,not_provided_by_api,,,,
20250801,00000201,마을760,마을760,5,00002973,농성중흥파크,29,29140,2914010600,광주광역시,서구,농성동,B,,,tago_route_specific_stop,not_provided_by_api,,,,
20250801,00000201,마을760,마을760,6,00002776,발산교(남),29,29140,2914010400,광주광역시,서구,양동,B,,,tago_route_specific_stop,not_provided_by_api,,,,
20250801,00000201,마을760,마을760,7,00003281,발산마을,29,29140,2914010400,광주광역시,서구,양동,B,,,tago_route_specific_stop,not_provided_by_api,,,,
20250801,00000201,마을760,마을760,8,00002873,현대자동차,29,29140,2914011500,광주광역시,서구,광천동,B,,,tago_route_specific_stop,not_provided_by_api,,,,
20250801,00000201,마을760,마을760,9,00000109,광주종합버스터미널,29,29140,2914011500,광주광역시,서구,광천동,B,,,tago_route_specific_stop,not_provided_by_api,,,,
20250801,00000201,마을760,마을760,10,00000184,기아차중문,29,29140,2914012100,광주광역시,서구,내방동,B,,,tago_route_specific_stop,not_provided_by_api,,,,
20250801,00000201,마을760,마을760,11,00004146,버들마을사거리,29,29140,2914011800,광주광역시,서구,쌍촌동,B,,,tago_route_specific_stop,not_provided_by_api,,,,
20250801,00000201,마을760,마을760,12,00000496,상무호반3차,29,29140,2914011800,광주광역시,서구,쌍촌동,B,,,tago_route_specific_stop,not_provided_by_api,,,,
20250801,00000201,마을760,마을760,13,00000485,모아제일아파트,29,29140,2914011800,광주광역시,서구,쌍촌동,B,,,tago_route_specific_stop,not_provided_by_api,,,,
20250801,00000201,마을760,마을760,14,00004150,중흥아파트사거리,29,29140,2914011800,광주광역시,서구,쌍촌동,B,,,tago_route_specific_stop,not_provided_by_api,,,,
20250801,00000201,마을760,마을760,16,00004142,운천역(북),29,29140,2914011800,광주광역시,서구,쌍촌동,B,,,tago_route_specific_stop,not_provided_by_api,,,,
20250801,00000201,마을760,마을760,17,00001069,운천저수지,29,29140,2914011800,광주광역시,서구,쌍촌동,B,,,tago_route_specific_stop,not_provided_by_api,,,,
20250801,00000201,마을760,마을760,20,00001571,CBS방송국,29,29140,2914013000,광주광역시,서구,금호동,B,,,tago_route_specific_stop,not_provided_by_api,,,,
20250801,00000201,마을760,마을760,22,00000845,금호시영아파트,29,29140,2914013000,광주광역시,서구,금호동,B,,,tago_route_specific_stop,not_provided_by_api,,,,
20250801,00000201,마을760,마을760,23,00001443,금호한국아파트,29,29140,2914013000,광주광역시,서구,금호동,B,,,tago_route_specific_stop,not_provided_by_api,,,,
20250801,00000201,마을760,마을760,24,00000748,서구문화센터,29,29140,2914013000,광주광역시,서구,금호동,B,,,tago_route_specific_stop,not_provided_by_api,,,,
20250801,00000201,마을760,마을760,27,00000102,마재호반아파트,29,29140,2914013000,광주광역시,서구,금호동,B,,,tago_route_specific_stop,not_provided_by_api,,,,
20250801,00000201,마을760,마을760,28,00000634,마재부영아파트,29,29140,2914013000,광주광역시,서구,금호동,B,,,tago_route_specific_stop,not_provided_by_api,,,,
20250801,00000201,마을760,마을760,29,00003692,운리초교입구,29,29140,2914012800,광주광역시,서구,풍암동,B,,,tago_route_specific_stop,not_provided_by_api,,,,
20250801,00000201,마을760,마을760,32,00004013,풍암SK뷰,29,29140,2914012800,광주광역시,서구,풍암동,B,,,tago_route_specific_stop,not_provided_by_api,,,,
20250801,00000201,마을760,마을760,34,00002957,풍암사거리(동),29,29140,2914012800,광주광역시,서구,풍암동,B,,,tago_route_specific_stop,not_provided_by_api,,,,
20250801,00000201,마을760,마을760,35,00000635,마재부영아파트,29,29140,2914013000,광주광역시,서구,금호동,B,,,tago_route_specific_stop,not_provided_by_api,,,,
20250801,00000201,마을760,마을760,36,00000103,마재호반아파트,29,29140,2914013000,광주광역시,서구,금호동,B,,,tago_route_specific_stop,not_provided_by_api,,,,
20250801,00000201,마을760,마을760,39,00000746,서구문화센터,29,29140,2914013000,광주광역시,서구,금호동,B,,,tago_route_specific_stop,not_provided_by_api,,,,
20250801,00000201,마을760,마을760,40,00001442,금호한국아파트,29,29140,2914013000,광주광역시,서구,금호동,B,,,tago_route_specific_stop,not_provided_by_api,,,,
20250801,00000201,마을760,마을760,41,00000163,금호시영아파트,29,29140,2914013000,광주광역시,서구,금호동,B,,,tago_route_specific_stop,not_provided_by_api,,,,
20250801,00000201,마을760,마을760,42,00001572,CBS방송국,29,29140,2914013000,광주광역시,서구,금호동,B,,,tago_route_specific_stop,not_provided_by_api,,,,
20250801,00000201,마을760,마을760,43,00000731,상무중,29,29140,2914011800,광주광역시,서구,쌍촌동,B,,,tago_route_specific_stop,not_provided_by_api,,,,
20250801,00000201,마을760,마을760,44,00001068,운천저수지,29,29140,2914011800,광주광역시,서구,쌍촌동,B,,,tago_route_specific_stop,not_provided_by_api,,,,
20250801,00000201,마을760,마을760,45,00001067,운천역,29,29140,2914011800,광주광역시,서구,쌍촌동,B,,,tago_route_specific_stop,not_provided_by_api,,,,
20250801,00000201,마을760,마을760,46,00001491,서광주세무서,29,29140,2914011800,광주광역시,서구,쌍촌동,B,,,tago_route_specific_stop,not_provided_by_api,,,,
20250801,00000201,마을760,마을760,47,00004141,운천역(북),29,29140,2914011800,광주광역시,서구,쌍촌동,B,,,tago_route_specific_stop,not_provided_by_api,,,,
20250801,00000201,마을760,마을760,49,00004144,중흥아파트사거리,29,29140,2914011800,광주광역시,서구,쌍촌동,B,,,tago_route_specific_stop,not_provided_by_api,,,,
20250801,00000201,마을760,마을760,50,00000494,모아제일아파트,29,29140,2914011800,광주광역시,서구,쌍촌동,B,,,tago_route_specific_stop,not_provided_by_api,,,,
20250801,00000201,마을760,마을760,51,00001497,상무호반3차,29,29140,2914011800,광주광역시,서구,쌍촌동,B,,,tago_route_specific_stop,not_provided_by_api,,,,
20250801,00000201,마을760,마을760,52,00004145,버들마을사거리,29,29140,2914011800,광주광역시,서구,쌍촌동,B,,,tago_route_specific_stop,not_provided_by_api,,,,
20250801,00000201,마을760,마을760,53,00000058,광명하이츠후문,29,29140,2914011800,광주광역시,서구,쌍촌동,B,,,tago_route_specific_stop,not_provided_by_api,,,,
20250801,00000201,마을760,마을760,54,00000928,기아차중문,29,29140,2914012100,광주광역시,서구,내방동,B,,,tago_route_specific_stop,not_provided_by_api,,,,
20250801,00000201,마을760,마을760,55,00000110,광주종합버스터미널,29,29140,2914011500,광주광역시,서구,광천동,B,,,tago_route_specific_stop,not_provided_by_api,,,,
20250801,00000201,마을760,마을760,56,00002872,현대자동차,29,29140,2914011500,광주광역시,서구,광천동,B,,,tago_route_specific_stop,not_provided_by_api,,,,
20250801,00000201,마을760,마을760,57,00003282,발산마을,29,29140,2914010400,광주광역시,서구,양동,B,,,tago_route_specific_stop,not_provided_by_api,,,,
20250801,00000201,마을760,마을760,59,00002782,양동교,29,29140,2914010400,광주광역시,서구,양동,B,,,tago_route_specific_stop,not_provided_by_api,,,,
20250801,00000209,마을715,마을715,30,00001036,우진아파트,29,29140,2914010400,광주광역시,서구,양동,B,,,tago_route_specific_stop,not_provided_by_api,,,,
20250801,00000209,마을715,마을715,44,00001035,우진아파트,29,29140,2914010400,광주광역시,서구,양동,B,,,tago_route_specific_stop,not_provided_by_api,,,,
20250801,00000210,마을777,마을777,19,00004399,동천6단지,29,29140,2914013300,광주광역시,서구,동천동,B,,,tago_route_specific_stop,not_provided_by_api,,,,
20250801,00000210,마을777,마을777,21,00000183,기아차정문,29,29140,2914012100,광주광역시,서구,내방동,B,,,tago_route_specific_stop,not_provided_by_api,,,,
20250801,00000210,마을777,마을777,22,00000110,광주종합버스터미널,29,29140,2914011500,광주광역시,서구,광천동,B,,,tago_route_specific_stop,not_provided_by_api,,,,
20250801,00000210,마을777,마을777,23,00000113,광천치안센터,29,29140,2914011500,광주광역시,서구,광천동,B,,,tago_route_specific_stop,not_provided_by_api,,,,
20250801,00000210,마을777,마을777,33,00000114,광천치안센터,29,29140,2914011500,광주광역시,서구,광천동,B,,,tago_route_specific_stop,not_provided_by_api,,,,
20250801,00000210,마을777,마을777,34,00000109,광주종합버스터미널,29,29140,2914011500,광주광역시,서구,광천동,B,,,tago_route_specific_stop,not_provided_by_api,,,,
20250801,00000210,마을777,마을777,35,00000182,기아차정문,29,29140,2914012100,광주광역시,서구,내방동,B,,,tago_route_specific_stop,not_provided_by_api,,,,
20250801,00000213,마을788,마을788,38,00004455,두암중,29,29140,2914011700,광주광역시,서구,덕흥동,B,,,tago_route_specific_stop,not_provided_by_api,,,,
